, Temperatura (C˚),,,, pH ,,   O2 (mg/l),,         Suva materija (g/l),,,Ostatak žarenja (g/l),,, Gubitak žarenja (g/l),,,Immhof (ml/l 30'),,,Indeks mulja (ml/g),,, HPK (mg/l),,  BPK5 (mg/l),,NH4+(mg/l),,SO42- (mg/l),,S2-(mg/l),,                N (mg/l),,   P (mg/l),,NO3-(mg/l),,NO2- (mg/l),,Susp.materije (mg/l),,Q (m3/dan),Vm (višak mulja)m3,Vg (gas)m3/dan,F/M ratio,Starost mulja,SRT (dan),MCRT (dan),   HRT,Susp (ulaz)/BPK5,Stepen prečišćavanja(%),Stepen prečišćavanja(%),Stepen prečišćavanja(%),Razdelna građevina,,Suva materija
Datum,ulaz, dubinska,površinska,izlaz,ulaz,izlaz,dubinska,površinska,dubinska,površinska,recirkulacija,dubinska ,površinska,recirkulacija,dubinska ,površinska,recirkulacija, dubinska,površinska,recirkulacija,dubinska,površinska,recirkulacija,ulaz,izlaz,ulaz,izlaz,ulaz,izlaz,ulaz,izlaz,ulaz,izlaz,ulaz,izlaz,ulaz,izlaz,,izlaz,,izlaz, ulaz,izlaz,     protok,    višak mulja,količina gasa,,,,,,,BPK5,HPK,Suspendovane materije,BPK5,Suva materija,izlaz
05/01/2015,14.2,11.7,10.8,20.3,8.12,7.72,1.3,1.95,9.19,8.87,13.17,2.9,2.79,3.9,6.29,6.08,9.27,900,930,990,107.73,104.85,75.17,795,37.1,445,22.5,47,5.27,61.9,53.1,0.107,0.001,90.7,19.7,10.7,0.197,,5.44,,3.44,274,628,10049,350,1449,0.06,28.86,17.24,28,,0.62,94.94,95.33,-129.20,310,1.1,0.86
06/01/2015,13.9,11.9,10.8,13.5,8.04,7.71,1.2,2,7.68,8,13.45,2.61,2.68,4.2,5.07,5.32,9.25,930,950,990,121.09,118.75,73.61,387,42.4,293,45,38.5,8.3,57.1,58,0.056,0.121,59.3,19.3,6.03,0.688,,5.58,,6.03,36,256,8432,350,1522,0.05,227.28,14.66,24,1.04,0.12,84.64,89.04,-611.11,287,1.02,0.7
08/01/2015,13.2,11.6,9.9,9.6,7.7,7.77,1.9,2.05,9.21,9.1,12.81,2.92,2.87,3.82,6.29,6.23,8.99,930,950,990,100.98,104.4,77.28,1073,44.2,394,16.9,53.2,27.2,56.4,57.3,0.093,0.025,82.7,16.1,14.2,0.336,,7.18,,7.08,580,2,8185,350,1681,0.05,16.97,17.97,29,1.08,1.47,95.71,95.88,99.66,338,1.08,0.92
09/01/2015,14.4,11.9,10.5,9.8,7.96,7.79,1.75,2.05,8.12,7.91,12.73,2.75,2.67,4.05,5.37,5.24,8.68,910,950,990,112.07,120.1,77.77,1083,44.6,429,10,38.2,3.2,49.7,52,0.118,0.01,73.5,19.8,14.2,0.922,,7.57,,8.1,1022,688,9454,280,1729,0.05,7.30,19.79,32,0.93,2.38,97.67,95.88,32.68,231,1.3,0.84
12/01/2015,14,12.9,11.6,15,8.5,7.69,2.15,2.05,8.71,8.7,14.82,2.72,2.73,4.29,5.99,5.97,10.53,930,950,990,106.77,109.2,66.8,841,68.8,406,25.3,39.3,1.47,60.8,57.3,0.086,0.002,89.7,13.8,9.11,1.28,,4.83,,3.34,420,24,8480,280,2087,0.05,21.51,18.46,30,1.04,1.03,93.77,91.82,94.29,304,1.12,0.83
13/01/2015,13.9,13.1,11.7,17.5,7.83,7.73,2.35,2.05,9.08,9.21,13.79,2.86,2.9,4.07,6.22,6.31,9.72,940,970,990,103.52,105.32,71.79,1092,39.3,552,19.7,63.3,0.424,54.8,67,0.546,0.004,108,6,29.4,1.12,,5.66,,2.92,886,128,8082,280,2428,0.04,11.24,20.84,34,1.09,1.61,96.43,96.40,85.55,299,1.11,0.85
14/01/2015,15.7,13.2,11.6,14.4,7.03,7.82,1.65,1.75,8.71,9.3,13.76,2.81,2.95,4.05,5.9,6.35,9.71,920,950,990,105.63,102.15,71.95,581,36.2,451,25.3,39.7,0.418,66.6,62.1,0.095,0.001,63.1,11,8.32,1.55,,6.97,,2.25,190,152,7604,280,2265,0.05,54.85,20.57,33,1.16,0.42,94.39,93.77,20.00,361,1.22,0.9
15/01/2015,15.5,13.5,12.4,13.2,7.97,7.8,2.15,2.05,9.36,9.3,13.5,3.01,2.99,4.05,6.35,6.31,9.45,920,960,990,98.29,103.23,73.33,1179,32.4,408,11,0.015,0.687,59.2,63.7,0.186,0.008,114,7.6,17.4,2.11,,6.01,,1.33,1638,18,8111,280,2686,0.04,6.18,21.72,35,1.08,4.01,97.30,97.25,98.90,266,1.18,0.94
16/01/2015,13.7,13.7,12.2,13.2,7.57,7.9,2.4,2.1,8.91,8.84,13.4,3.1,3.12,4.31,5.81,5.72,9.09,940,970,990,105.5,109.73,73.88,1108,37.6,468,11.3,54.9,0.264,63.8,72.5,0.247,0.001,85.7,11.8,17.2,2.43,,6.84,,1.65,1412,6,7697,280,2392,0.04,7.19,20.82,34,1.14,3.02,97.59,96.61,99.58,259,1.07,0.99
19/01/2015,13.2,13.5,13,13.5,7.61,7.85,2,2,7.82,7.81,15.11,2.45,2.51,4.46,5.37,5.3,10.65,880,910,990,112.53,116.52,65.52,1172,33.7,484,11.3,53.6,1.22,40.6,50.4,0.065,0.007,94.1,9.39,18.6,2.89,,5.58,,1.31,1316,2,9186,280,1962,0.05,5.69,16.26,26,0.96,2.72,97.67,97.12,99.85,242,0.49,0.79
20/01/2015,14.7,13.8,13,12.4,7.7,7.69,2.2,2.05,8.71,9.11,14.77,2.62,2.78,4.24,6.09,6.33,10.53,940,960,990,107.92,105.38,67.03,1124,33.5,428,16.9,63.6,1.91,45.7,41.6,0.097,0.008,75,11.9,14.8,2.42,,10.1,,1.16,1580,8,8252,280,1503,0.04,6.01,18.96,31,1.07,3.69,96.05,97.02,99.49,265,1.2,0.66
21/01/2015,15.4,14.1,13.1,13.3,7.81,7.78,1.6,2.05,9.04,9.27,14.05,2.78,2.83,4.06,6.26,6.44,9.99,940,980,990,103.98,105.72,70.46,1111,40,411,0,52.6,0.442,54.6,47.4,0.062,0.014,78.9,13.3,14.6,2.28,,9.8,,0.415,742,722,11840,280,2121,0.06,9.17,20.48,33,0.74,1.81,100.00,96.40,2.70,293,1.09,0.79
22/01/2015,14.1,13.7,13,15.5,7.86,7.64,2,1.85,7.99,8.41,14.47,2.51,2.63,4.2,5.48,5.78,10.27,930,950,990,116.4,112.96,68.42,1063,37.4,220,19.7,48.5,1.2,51.2,48.8,0.062,0.013,72.5,10.8,10.7,2.51,,6.37,,0.917,864,10,8932,280,2146,0.05,9.35,17.81,29,0.99,3.93,91.05,96.48,98.84,293,0.76,0.8
23/01/2015,15.2,14,13.1,18.8,7.96,7.47,1.85,1.95,7.54,8.25,13.65,2.59,2.78,4.31,4.95,5.47,9.34,920,950,990,122.02,115.15,72.53,1175,36.8,216,2,46.4,0.236,46.3,56.9,0.068,0.012,70.8,8.44,10.1,2.26,,10.1,,0.413,1118,10,17656,280,2301,0.11,3.52,18.18,29,0.50,5.18,99.07,96.87,99.11,293,1.03,0.78
26/01/2015,18.2,14.2,13.7,12.9,7.7,7.78,1.85,1.96,7.64,7.92,13.63,2.41,2.5,3.93,5.23,5.42,9.7,920,950,990,120.42,119.95,72.63,812,30.5,276,14.1,39.1,0.479,59,46.3,0.072,0.003,70.3,14.4,8.26,3.21,,12.2,,0.476,466,28,12881,280,1910,0.07,11.41,17.94,29,0.68,1.69,94.89,96.24,93.99,259,1.14,0.74
27/01/2015,16.9,14.5,14,11.8,7.79,7.8,2.35,2.17,7.3,8.05,13.07,2.33,2.53,3.77,4.97,5.52,9.3,910,940,990,124.66,116.77,75.75,1138,46.7,383,11.3,37.1,0.541,48.3,44,0.003,0.002,84.3,16.1,13.1,3.24,,12.7,,0.745,1156,138,11033,280,2133,0.07,5.30,18.46,30,0.80,3.02,97.05,95.90,88.06,287,0.93,0.75
28/01/2015,19.8,15.2,14.1,14.6,7.2,7.79,2,2,8.21,7.78,13.06,2.53,2.5,3.83,5.68,5.28,9.23,900,930,990,109.62,119.54,75.8,1111,82.3,451,45,39.4,0.319,95.1,52.8,0.077,0.002,74.1,12.9,12,3.54,,14.5,,0.128,1028,4,10830,280,2075,0.06,6.32,19.24,31,0.81,2.28,90.02,92.59,99.61,259,1.13,0.85
29/01/2015,17.2,15.1,7.7,10.3,7.88,7.65,1.8,1.95,7.98,8.35,13.66,2.57,2.68,4.03,5.41,5.67,9.63,920,950,990,115.29,113.77,72.47,1103,33,400,8.4,66,0.358,57.7,77.6,0.072,0.008,99.4,18.1,14.5,4.21,,14.8,,0.313,672,8,9853,280,2459,0.05,10.85,18.79,30,0.89,1.68,97.90,97.01,98.81,259,1.06,0.92
30/01/2015,14.4,14.1,14,13,7.1,7.78,1.8,1.51,7.34,7.76,13.5,2.63,2.71,4.38,4.71,5.05,9.12,930,970,990,126.7,125,73.33,1109,39.5,324,4,50.9,0.342,62.4,68.1,0.111,0.002,97.3,17.8,15.5,4.07,,17.2,,0.61,574,204,16010,240,2839,0.11,7.23,20.51,33,0.55,1.77,98.77,96.44,64.46,285,1.03,0.9
02/02/2015,14.2,12.6,11.4,13.5,7.96,7.63,1.7,2,8.42,8.39,12.39,2.7,2.67,3.72,5.72,5.72,8.67,950,960,990,112.83,114.42,79.9,780,48.8,327,14.1,38.3,0.305,54.7,57,0.096,0.004,62.3,28.4,13.1,3.83,,19.9,,0.575,420,10,9886,280,2066,0.07,17.81,21.32,35,0.89,1.28,95.69,93.74,97.62,355,1.08,0.86
03/02/2015,14.4,12.7,11.3,11.2,7.9,7.64,1.7,1.9,8.27,8.03,12.76,2.68,2.53,3.83,5.59,5.5,8.93,940,960,990,113.66,119.55,77.59,1099,42.6,597,16.9,53.5,1.13,56,52.1,0.057,0.025,82.6,23,15.8,5.16,,21.8,,1.2,1074,4,8961,280,2383,0.05,7.45,20.07,33,0.98,1.80,97.17,96.12,99.63,293,1.06,0.86
04/02/2015,14.6,13.3,11.9,10.7,7.79,7.87,1.8,2.02,8.8,8.73,12.91,2.78,2.67,3.96,6.02,6.06,8.95,950,970,990,107.95,111.11,76.69,1127,44.5,377,8.4,59.5,1.46,48.1,56,0.045,0.027,78.5,21.7,18.7,5.59,,20.6,,0.072,1560,58,11390,280,1904,0.05,4.34,21.34,35,0.77,4.14,97.77,96.05,96.28,248,1.06,0.92
05/02/2015,13.8,11.6,12.6,11.1,7.85,7.68,2.05,1.75,8.5,8.64,13.55,2.71,2.74,4.04,5.79,5.9,9.51,950,960,990,111.77,111.11,73.06,1143,38.1,354,8,50.7,1.34,60.4,52.4,0.049,0.019,84.5,13.1,15.3,3.95,,16.5,,1.1,1124,722,8712,280,2322,0.04,7.70,19.88,32,1.01,3.18,97.74,96.67,35.77,249,1.02,0.83
06/02/2015,14.1,12.5,11.5,13.6,7.89,7.67,2.25,2,8.28,8.77,12.72,2.97,3.14,4.2,5.31,5.63,8.52,940,970,990,113.53,110.6,77.83,643,41.6,293,11.3,31.8,0.357,54,54.9,0.044,0.004,79.3,20,14.3,5.18,,22.7,,0.484,230,16,10589,283,2373,0.06,30.80,20.84,34,0.83,0.78,96.14,93.53,93.04,282,1.15,0.89
09/02/2015,13.4,11,9.9,11.7,7.95,7.58,2.1,2.1,8.06,8.68,13.24,2.71,2.86,4.08,5.35,5.82,9.16,950,970,990,117.87,111.75,74.77,1052,56,280,14.2,56.2,0.387,56.8,57,0.007,0.083,81.5,26.8,11.7,4.65,,23.8,,0.256,928,16,9272,280,1471,0.04,8.56,19.87,32,0.95,3.31,94.93,94.68,98.28,220,0.94,0.86
10/02/2015,13.3,11.5,10.7,12.2,8.01,7.69,1.9,2,7.87,8.4,13.05,2.55,2.69,4.02,5.32,5.71,9.03,950,970,990,120.71,115.48,75.86,786,46.8,270,16.9,44.3,0.315,52,58.6,0.016,0.062,75.2,23.7,14.1,5.1,,24.1,,0.485,890,140,12685,280,1606,0.05,6.34,19.59,32,0.69,3.30,93.74,94.05,84.27,208,1.17,0.93
11/02/2015,13.5,11.9,11.2,14.6,7.87,7.65,1.55,2.1,7.98,7.9,13.04,2.59,2.56,3.89,5.39,5.34,9.15,930,950,990,116.54,120.25,75.92,1148,51.1,290,10.3,43.4,0.786,52.1,50.5,0.063,0.047,7.65,14.4,12.5,5.3,,9.7,,0.79,1084,4,12474,280,1884,0.06,5.17,19.14,31,0.71,3.74,96.45,95.55,99.63,220,0.87,0.83
12/02/2015,13.5,12.1,11.2,13.6,7.97,7.43,2.05,2.15,8.32,8.25,14.12,2.62,2.61,4.15,5.7,5.64,9.97,940,980,990,112.98,118.79,70.11,1098,36.7,490,16.9,46.1,0.606,67.1,46.8,0.376,0.004,102,17.5,12.2,4.4,,15.6,,0.599,662,24,8876,226,2164,0.04,12.41,22.85,37,0.99,1.35,96.55,96.66,96.37,248,1,0.75
13/02/2015,13.4,12.2,10.8,13.7,7.85,7.63,1.4,2.15,7.63,8.25,12.11,2.61,2.74,3.86,5.02,5.51,8.25,950,980,990,124.51,118.79,81.75,1163,139,286,22,52.2,0.347,62.4,50.1,0.056,0.001,82.1,18.1,15,3.71,,16.7,,0.506,1192,96,8718,334,2142,0.04,6.72,17.27,28,1.01,4.17,92.31,88.05,91.95,222,0.94,0.76
18/02/2015,13,12.1,10.5,16.2,7.76,7.49,0.75,1.85,7.75,8.38,12.34,2.49,2.79,3.8,5.26,5.59,8.54,960,980,990,123.87,116.95,80.23,1144,35.4,451,25.3,54.1,11.1,72.9,62.2,0.06,0.009,93.2,24.6,14.4,7.16,,14.9,,0.765,1650,62,7911,280,1807,0.05,5.44,20.54,33,1.11,3.66,94.39,96.91,96.24,282,1.09,0.95
19/02/2015,12.6,12.1,10.6,15.1,7.7,7.63,1.15,1.95,8.3,8.79,12.73,2.71,2.82,3.89,5.59,5.97,8.84,950,980,990,114.46,111.49,77.77,821,44.9,361,28.1,47.1,6.97,64.4,60.5,0.1,0.001,78.8,24.6,9.46,3.42,,13.9,,0.721,526,16,8775,280,1881,0.04,16.29,21.10,34,1.00,1.46,92.22,94.53,96.96,225,1.06,0.95
20/02/2015,13,12.3,10.8,14.1,7.73,7.5,0.85,2.05,8.16,8.16,11.57,2.91,2.87,3.84,5.25,5.29,7.73,960,980,990,117.65,120.1,85.57,1155,57.9,344,59.1,66.1,8.29,67.9,63.8,0.18,0.01,114,26,25.3,3.93,,13.5,,0.59,1392,62,8416,280,2011,0.05,6.13,22.17,36,1.05,4.05,82.82,94.99,95.55,282,1.15,1
23/02/2015,11.9,13.4,12.8,16,7.7,7.43,1.45,1.95,6.82,8.46,14.17,2.33,2.72,4.24,4.49,5.74,9.93,900,950,990,131.96,112.29,69.87,570,42,246,15,25.7,2.34,61.7,56.7,0.119,0.001,59.2,15.2,7.17,3.03,,8.85,,0.615,308,24,8493,280,1637,0.04,25.70,16.95,27,1.04,1.25,93.90,92.63,92.21,217,0.73,0.92
24/02/2015,13.1,13.6,12.8,14.6,7.8,7.62,1.15,1.8,8.12,9.7,13.33,2.57,2.99,3.92,5.55,6.71,9.41,940,980,990,115.76,101.03,74.27,1007,39.3,372,16.9,30.7,1.14,75.2,56.8,0.058,0.001,58.2,14.2,7.25,2.9,,9.4,,0.501,574,4,8952,280,1722,0.04,15.26,21.01,34,0.98,1.54,95.46,96.10,99.30,220,1.01,0.87
25/02/2015,13.2,13.9,13.1,17.8,7.85,7.57,1.55,2.1,7.59,9.53,13.2,2.52,3.03,3.95,5.07,6.5,9.25,960,970,990,126.48,101.78,75,1761,53.6,310,30.9,57.8,1.37,58.1,60.2,0.107,0.004,114,13.3,21.3,3.09,,8.23,,0.491,3590,0,12892,280,2031,0.06,1.63,20.38,33,,11.58,90.03,96.96,100.00,220,1.14,0.91
26/02/2015,12.5,13.4,12.7,22.4,8,7.52,2.3,2.05,7.59,8.34,13.74,2.48,2.53,4.03,5.11,5.81,9.71,920,970,990,121.21,116.31,75.05,897,110,417,30.9,37.4,0.646,55.9,55.1,0.78,0.007,72.1,8.94,14.9,3.94,,6.3,,0.32,390,4,9151,280,2116,0.03,19.64,18.22,30,,0.94,92.59,87.74,98.97,163,0.93,0.87
27/02/2015,13.3,13.7,12.8,17,7.03,7.66,1.5,1.5,9.02,9.17,14.25,2.9,2.94,4.27,6.12,6.23,9.98,960,970,990,106.43,105.78,69.47,1104,49.9,428,25.3,33.8,0.891,58.2,58,0.071,0.007,60.3,11.1,13.9,3.17,,7.7,,0.137,782,94,9953,280,2260,0.05,10.28,20.06,33,,1.83,94.09,95.48,87.98,276,1.07,0.87
02/03/2015,13.5,13.7,12.8,20.7,7.87,7.63,1.9,2.05,8.89,9.26,13.4,2.78,2.82,3.97,6.11,6.44,9.43,940,970,990,105.74,104.75,73.88,1157,39.2,299,8.4,62.8,0.455,69.4,56.2,0.067,0.004,89.1,18.4,12.9,4.38,,15.2,,0.144,1406,98,15613,280,1250,0.04,3.64,21.28,34,0.56,4.70,97.19,96.61,93.03,152,0.99,0.83
03/03/2015,12.9,12.4,12.5,18.5,7.9,7.56,2.65,2,7.82,7.87,14.24,2.49,2.5,4.2,5.33,5.37,10.04,910,930,990,116.37,118.17,69.52,820,41,90.1,8.4,36.4,0.922,87.8,55.9,0.061,0.015,22.1,22.2,7.5,2.95,,6.58,,0.332,764,48,8659,280,1618,0.02,10.44,17.31,28,1.02,8.48,90.68,95.00,93.72,130,0.82,0.74
04/03/2015,12.7,13.2,12,16.3,7.55,7.65,1.8,2.15,8.29,9.17,14.12,2.61,2.77,4.07,5.68,6.4,10.05,920,960,990,110.98,104.69,70.11,1151,37.6,428,11.3,44.7,0.394,60.6,62.4,0.034,0.017,76.8,12.2,13.1,3.2,,10.9,,0.146,1610,138,9739,330,1939,0.03,4.90,16.49,27,0.90,3.76,97.36,96.73,91.43,186,1,0.82
05/03/2015,13.2,13.3,12.5,18.4,7.8,7.59,0.95,2,9.1,8.05,12.26,2.93,2.72,3.9,6.17,5.33,8.36,910,950,990,100,118.01,80.75,1123,49.5,501,16.9,32.5,0.841,57.1,55.8,0.07,0.001,41.1,24.7,17.9,4.11,,12.8,,0.009,864,38,9682,350,2200,0.05,9.02,17.59,29,0.91,1.72,96.63,95.59,95.60,237,1.08,0.94
06/03/2015,12.9,12.8,12,16.2,7.82,7.42,0.65,2,8.26,8.3,12.54,2.85,2.88,4.14,5.41,5.42,8.4,930,950,990,112.59,114.46,78.95,1091,45.8,345,26,41.9,3.68,65.4,63.8,0.045,0.003,70.6,17.4,11.3,5.89,,11.8,,0.419,814,76,9807,363,2426,0.04,9.13,16.01,26,0.90,2.36,92.46,95.80,90.66,205,1.03,0.92
09/03/2015,14.4,13,11.9,14,7.8,7.63,1.9,1.9,8.57,9.18,13.19,2.83,2.97,4.07,5.74,6.21,9.12,930,950,990,108.52,103.49,75.06,1171,35.1,118,22.5,45,0.323,68.7,67.8,0.107,0.003,87.5,17.2,14,3.1,,14.5,,0.007,1524,736,8666,350,1208,0.05,5.91,16.92,27,1.02,12.92,80.93,97.00,51.71,287,1.01,0.84
10/03/2015,13.2,13.2,12.1,16.1,7.86,7.6,2,2,9.21,9.87,13.07,2.93,3.07,4.05,6.28,6.8,9.02,910,940,990,98.81,95.24,75.75,1140,42,248,8.4,52.2,0.551,61.5,64.6,0.062,0.002,70.7,18.5,20.5,3.98,,13.9,,0.178,1830,36,8609,350,1626,0.03,5.33,18.35,30,1.02,7.38,96.61,96.32,98.03,175,1.12,0.95
11/03/2015,13.3,13.9,12.9,14.8,8,7.52,1.75,1.9,8.88,9.19,14.1,2.96,2.97,4.26,5.92,6.22,9.84,910,940,990,102.48,102.29,70.21,950,95.9,282,25.3,47.2,0.36,67.4,67.6,0.06,0.001,61,17,8.39,3.62,,21.7,,0.081,364,88,8720,350,1781,0.06,25.05,16.11,26,1.01,1.29,91.03,89.91,75.82,349,1.51,0.97
12/03/2015,12.9,13.6,12.9,9.6,7.86,7.7,1.55,2,9,9.11,13.87,2.83,2.86,4.16,6.17,6.25,9.71,940,970,990,104.44,106.48,71.38,1144,36.4,333,0,52.2,1.01,72.4,72.4,0.117,0.006,44.2,30.5,10.6,4.36,,11.5,,0.024,938,66,5935,350,1989,0.01,14.31,16.41,27,1.48,2.82,100.00,96.82,92.96,103,1.16,1
13/03/2015,13.5,13.2,12.4,9.8,7.7,7.79,2.1,2,8.18,8.18,13.11,2.81,2.8,4.19,5.37,5.38,8.92,920,960,990,112.47,117.36,75.52,880,42.2,254,2.8,27.4,0.824,64.9,67.7,0.062,0.007,64.8,13.7,12.1,3.87,,10.2,,0.023,358,32,5582,350,2155,0.02,36.02,15.69,25,1.58,1.41,98.90,95.20,91.06,158,0.86,0.95
16/03/2015,13.3,13.9,13,8.2,7.93,7.29,1.3,1.9,9.13,9.18,14.19,2.87,3.04,4.23,6.26,6.14,9.96,930,950,990,101.86,103.49,69.77,982,49.1,366,19.7,41.5,0.553,70.5,64.5,0.056,0.01,66.7,16.9,9.08,4.27,,13.3,,0.031,594,286,9475,350,1146,0.04,14.31,16.22,26,0.93,1.62,94.62,95.00,51.85,254,1.04,0.95
17/03/2015,13.4,14.1,13.2,14.9,7.6,7.54,2.05,2.05,8.29,9.49,13.69,2.76,3.1,4.21,5.53,6.39,9.48,930,960,990,112.18,101.16,72.32,807,49.7,428,25.3,36.6,0.514,86.3,72.5,0.047,0.022,65.5,18.5,12,4.05,,31.7,,0.035,418,124,8183,350,1459,0.04,22.87,16.33,26,1.08,0.98,94.09,93.84,70.33,232,1.1,0.95
18/03/2015,13.7,14.4,13.1,16.5,7.84,7.55,2.05,2,8.66,8.97,13.69,2.93,2.92,4.25,5.73,6.05,9.44,930,950,990,107.39,105.91,72.32,1103,31.9,361,11.3,47.9,0.919,79.2,69.8,0.078,0.029,66.6,15.4,12.5,4.38,,9.91,,0.029,546,8,8287,350,1734,0.04,17.14,16.19,26,1.06,1.51,96.87,97.11,98.53,254,1.1,0.92
19/03/2015,13,14.2,12.8,10,7.7,7.51,2.1,1.95,8.89,9.79,13.87,2.95,3.16,4.16,5.94,6.63,9.71,950,970,990,106.86,99.08,71.38,572,52.2,327,22.5,24.9,0.919,79.8,68.4,0.071,0.007,71.4,12.3,8.31,4.77,,3.34,,0.077,212,6,8153,350,1734,0.04,47.55,16.93,27,1.08,0.65,93.12,90.87,97.17,270,1.09,0.98
20/03/2015,13.4,14.1,12.7,13.5,7.81,7.58,2.55,1.95,9.19,8.85,12.97,3.19,3.17,4.3,6,5.68,8.67,910,950,990,99.02,107.35,76.33,930,40.5,358,12,55.4,0.939,67.7,66.6,0.057,0.013,87.7,12.4,18.3,4.38,,9.53,,0.051,554,112,7784,350,2198,0.03,18.41,17.49,28,1.13,1.55,96.65,95.65,79.78,207,1.08,1.01
23/03/2015,13.5,14.2,13.1,16.7,7.6,7.44,1.85,1.9,9.08,9.39,13.28,3.06,3.1,4.07,6.02,6.29,9.21,930,950,990,102.42,101.17,74.55,1174,51.8,563,19.7,67.4,0.737,76.5,71.6,0.091,0.001,141,21.3,14.7,5.31,,12.7,,0.054,1224,54,8337,350,961,0.02,7.96,17.48,28,1.06,2.17,96.50,95.59,95.59,113,1.1,0.99
24/03/2015,13.2,14.3,13.1,15.1,7.88,7.72,2.25,1.85,8.93,9.58,13.38,2.91,3.07,4.06,6.02,6.51,9.32,910,940,990,101.9,98.12,73.99,1171,53.9,406,8.4,57.3,0.649,79.8,89.9,0.073,0.004,94.7,19.4,17.1,5.66,,11.9,,0.056,1726,142,8282,347,1409,0.04,5.70,17.54,28,1.06,4.25,97.93,95.40,91.77,276,0.97,0.98
25/03/2015,14.1,15,14,12.2,7.9,7.76,2.25,2.05,9.04,9.46,14.35,2.91,3.02,4.28,6.13,6.44,10.07,930,940,990,102.88,99.37,68.99,982,39,406,11.3,47,0.681,69.8,67.7,0.083,0.014,67.1,17.1,10.1,5.34,,11.2,,0.064,500,106,8855,353,1573,0.04,18.39,16.07,26,0.99,1.23,97.22,96.03,78.80,259,1,0.99
26/03/2015,14.4,15,14.1,14,7.78,7.65,1.8,1.9,9.14,9.35,13.89,3.03,3.08,4.24,6.11,6.27,9.65,920,950,990,100.66,101.6,71.27,1159,43,385,8,57.6,0.756,67.4,77.8,0.082,0.008,96.1,11.2,14.7,6,,7.68,,0.073,1410,242,8374,350,2157,0.04,6.89,16.73,27,1.05,3.66,97.92,96.29,82.84,289,1.07,1
27/03/2015,14.4,15.7,14.7,18.6,7.8,7.53,2.25,1.85,8.78,8.64,13.46,3.09,3.05,4.38,5.69,5.59,9.08,920,960,990,104.78,111.11,73.55,1135,63.8,586,22.5,60.1,1.54,71,74.6,0.079,0.008,100,13.1,12,5.04,,5.95,,0.067,518,32,9252,301,1568,0.06,15.99,18.92,31,0.95,0.88,96.16,94.38,93.82,321,1.09,0.99
30/03/2015,14.3,15,13.8,16.7,7.74,7.82,2,2.1,9.32,9.61,14.57,2.88,3,4.38,6.44,6.61,10.19,940,970,990,100.86,100.94,67.95,1164,28.3,479,25.3,63.5,0.786,73.9,66.4,0.039,0.014,99.4,10.9,16.7,2.93,,5.5,,0.158,2602,22,10866,351,1188,0.05,2.95,16.29,26,0.81,5.43,94.72,97.57,99.15,282,0.99,0.92
31/03/2015,13.7,14.8,13.7,13.9,7.8,7.74,2.35,2.1,9.41,9.19,15.09,3.01,2.82,4.38,6.4,6.37,10.71,940,950,990,99.89,103.37,65.61,1164,33.4,479,14.1,48.3,1.18,68.1,63.6,0.054,0.016,88.2,13.1,13.1,4.54,,3.03,,0.394,1520,60,10918,349,1479,0.04,4.93,15.54,25,0.81,3.17,97.06,97.13,96.05,225,1.05,0.94
01/04/2015,14.5,15,14.2,16,7.68,7.72,1.25,2,8.91,9.33,14.96,2.72,2.9,4.36,6.19,6.43,10.6,930,950,990,104.38,101.82,66.18,1137,25.8,269,23,41,2.86,65.4,63.9,0.091,0.006,67.1,8.76,12.2,7.3,,2.36,,0.18,1388,20,8699,350,1780,0.04,6.65,15.33,25,1.01,5.16,91.45,97.73,98.56,241,0.82,0.88
02/04/2015,14.9,14.5,12.9,17.7,7.3,7.73,1.7,2.05,9.54,9.77,14.41,3.05,3.14,4.3,6.49,6.63,10.11,950,970,990,99.58,99.28,68.7,1118,40.4,361,16.9,38.5,1.43,71.5,61.9,0.06,0.003,42.6,9.3,10.5,1.39,,4.88,,0.184,668,4,8929,351,1909,0.04,14.24,16.80,27,0.99,1.85,95.32,96.39,99.40,282,1.12,0.86
03/04/2015,13.9,14.5,13,17.1,7.58,7.63,2.15,2.05,9.32,9.24,13.65,3.12,3.05,4.42,6.2,6.19,9.23,950,970,990,101.93,104.98,72.53,1123,43.8,451,16.9,74.8,1.24,65.3,65,0.065,0.002,68.6,11,16,3.08,,5.46,,0.199,1714,220,8493,349,1817,0.04,5.61,17.14,28,1.04,3.80,96.25,96.10,87.16,248,1.06,0.98
06/04/2015,13.2,14,12.6,16.3,7.4,7.33,1.55,2.2,9.17,9.51,13.71,2.94,2.93,4,6.23,6.58,9.71,940,960,990,102.51,100.95,72.21,1185,35.7,406,16.9,38.9,1.4,64.9,58.2,0.072,0.002,57.7,10.6,13,4.86,,10.9,,0.121,1312,56,9429,350,835,0.04,6.64,17.13,28,0.93,3.23,95.84,96.99,95.73,242,1,0.93
07/04/2015,12.8,13.9,12.7,21.8,7.8,7.47,1.75,1.85,8.44,8.72,13.71,2.73,2.81,4.11,5.71,5.91,9.6,930,950,990,110.19,108.95,72.21,1159,37.8,411,22.5,67.4,1.44,60.1,66.1,0.054,0.001,83.9,17,12.2,5.94,,10.9,,0.372,1380,6,9064,351,1278,0.05,6.04,15.69,25,0.97,3.36,94.53,96.74,99.57,254,0.99,0.99
08/04/2015,13.5,14,12.8,16.9,7.81,7.53,2.3,1.7,8.9,9.21,13.31,2.87,2.93,3.96,6.03,6.28,9.35,940,950,990,105.62,103.15,74.38,1134,37,344,8.4,47.1,1.21,72.9,63.9,0.082,0.004,79.3,19.4,11.9,5.2,,13.2,,0.129,688,20,9214,349,1496,0.06,12.57,17.15,28,0.96,2.00,97.56,96.74,97.09,361,1.19,0.98
09/04/2015,13.9,14.5,13.5,14.7,7.69,7.66,2.15,1.85,8.33,8.42,13.15,3,3,4.37,5.33,5.42,8.78,930,960,990,111.65,114.01,75.29,1136,69.6,338,2.8,54,1.33,67.8,67.6,0.054,0.011,83.3,15.1,14.9,6.82,,9.7,,0.375,832,34,9027,320,1707,0.05,9.81,17.51,28,0.97,2.46,99.17,93.87,95.91,287,1.14,1.02
14/04/2015,15.1,16.7,15.5,22.6,7.4,7.54,1.1,1.95,10.15,10.54,15.21,3.21,3.35,4.53,6.94,7.19,10.68,950,980,990,93.6,92.98,65.09,1116,32.3,33.8,16.9,50.3,1.67,67.5,60.8,0.072,0.004,82.5,76.1,11.7,4.06,,3.39,,0.222,774,18,7855,386,1854,0.00,14.97,15.51,25,1.12,22.90,50.00,97.11,97.67,28.2,1.23,0.9
15/04/2015,16.1,16.3,14.9,20.8,7.36,7.61,3.2,2.05,9.86,10.17,15.26,3.05,3.18,4.56,6.81,6.99,10.7,940,970,990,95.34,95.38,64.88,708,37.4,383,28.1,43.4,2.09,60.6,51.8,0.051,0.004,68.2,10.4,10.9,4.1,,2.73,,0.21,276,40,8678,385,1403,0.05,36.80,15.00,24,1.01,0.72,92.66,94.72,85.51,377,1.33,0.95
16/04/2015,15.3,16.8,15.8,19.8,7.62,7.66,1.3,2,9.96,10.05,15.14,3.26,3.24,4.64,6.7,6.81,10.5,950,960,990,95.38,95.52,65.39,872,28.4,349,22.5,30.8,1.48,74.3,65.8,0.071,0.001,70.3,10.9,10.3,4.07,,4.39,,0.169,402,52,8328,385,1602,0.03,26.30,15.10,25,1.06,1.15,93.55,96.74,87.06,220,1.08,0.96
17/04/2015,15.6,17.4,16.3,19.2,7.54,7.63,2,2.1,9.42,9.31,14.33,3.37,3.39,4.71,6.05,5.92,9.62,950,970,990,100.85,104.19,69.09,1139,42.4,287,24,53.2,1.47,64.8,69.6,0.069,0.004,80.8,7.76,15.2,4.06,,2.37,,0.142,1022,52,10265,385,1927,0.05,7.86,14.94,24,0.86,3.56,91.64,96.28,94.91,253,1.05,0.98
20/04/2015,15.4,15.8,13.9,17.1,7.7,7.56,1.9,1.9,9.6,9.32,15.82,3.07,3,4.75,6.53,6.32,11.07,940,940,990,97.92,100.86,62.58,1190,30.1,580,22.5,50.4,1.33,65.2,55.5,0.126,0.002,94.1,36.6,15.3,2.37,,3.51,,0.126,1144,12,8633,385,1662,0.04,8.43,13.67,22,1.02,1.97,96.12,97.47,98.95,276,1,0.86
21/04/2015,14.9,16.2,14.5,16.9,7.61,7.64,1.95,2.1,9.63,9.25,16.18,3.11,3.03,4.82,6.52,6.22,11.36,950,960,990,98.65,103.78,61.19,1130,42.4,451,25.3,54.5,0.587,50.9,62.8,0.057,0.003,92.8,10.5,16.9,0.738,,4.7,,0.17,1450,26,8405,385,1839,0.02,6.82,13.34,22,1.05,3.22,94.39,96.25,98.21,163,1.12,0.89
22/04/2015,15.3,16.1,14.9,21.9,7.59,7.71,2.7,1.9,10.42,10.49,14.83,3.35,3.4,4.52,7.07,7.09,10.31,970,980,990,93.09,93.42,66.76,1161,29.1,620,16.9,70.3,1.04,60.5,62.8,0.058,0.005,117,6.88,14.8,1.16,,2.19,,0.125,1048,570,8517,330,2094,0.05,10.31,18.80,31,1.03,1.69,97.27,97.49,45.61,366,1.11,0.93
23/04/2015,15,16.6,15,19.3,7.65,7.57,1.65,2.05,10.48,10.48,14.76,3.42,3.45,4.59,7.06,7.03,10.17,950,970,990,90.65,92.56,67.07,1131,36.1,434,22.5,44.2,1.24,50.6,59.3,0.07,0.002,83.4,16.8,12.9,1.48,,1.55,,0.116,1032,6,8356,385,2547,0.10,10.69,16.23,26,1.05,2.38,94.82,96.81,99.42,721,3.01,0.93
24/04/2015,15.8,16.9,15.9,21.3,7.4,7.58,1.35,1.3,9.84,9.97,14.17,3.42,3.13,4.58,6.42,6.84,9.59,950,970,990,96.55,97.29,69.87,613,36,333,21,39.2,0.935,67.2,63.5,0.07,0.001,82.8,7.92,6.34,1.58,,2.2,,0.155,230,110,8122,385,2671,0.00,46.66,15.98,26,1.08,0.69,93.69,94.13,52.17,,1.21,0.97
27/04/2015,16.5,17.9,16.9,21.9,7.57,7.42,2.25,1.15,10.32,10.24,14.53,3.27,3.34,4.48,7.05,6.9,10.05,950,970,990,92.05,94.73,68.14,1134,50.1,214,25.3,67.3,1.45,66.9,67.4,0.06,0.017,118,8.34,12.7,2.65,,0.915,,0.102,1328,28,7867,385,2103,0.05,8.66,16.17,26,1.12,6.21,88.18,95.58,97.89,377,1.16,0.97
28/04/2015,16.5,18.4,17.4,21.9,7.4,7.52,1.85,1.2,10.42,10.46,14.5,3.35,3.35,4.46,7.07,7.11,10.04,950,970,990,91.17,92.73,68.28,1160,38.3,439,28.1,42,2.39,62.8,69.1,0.083,0.001,76.2,6.9,15.4,2.65,,0.597,,0.105,1224,14,9195,385,1995,0.06,8.16,16.46,27,0.96,2.79,93.60,96.70,98.86,411,1.19,0.94
29/04/2015,18.1,17.6,16.3,17.9,7.64,7.58,1.45,1.5,10.08,9.96,14.45,3.31,3.31,4.53,6.77,6.65,9.92,950,970,990,94.25,97.39,68.51,1011,39.8,451,22.5,52.9,2.12,64.8,62.4,0.009,0.001,94.5,7.02,12.7,2.79,,0.79,,0.086,412,250,8352,385,2228,0.04,25.62,15.85,26,1.05,0.91,95.01,96.06,39.32,287,1.1,0.94
30/04/2015,16,17.1,15.4,18,7.5,7.51,2.65,2,9.52,9.67,13.62,3.27,3.31,4.45,6.25,6.36,9.17,940,960,990,98.74,99.28,72.69,938,40.7,332,25.1,50.1,1,74.4,62.3,0.073,0.014,73.4,6.76,9.26,1.75,,2.33,,0.12,520,2,8197,385,2301,0.04,19.81,16.10,26,1.07,1.57,92.44,95.66,99.62,304,1.08,0.95
04/05/2015,15.7,18.2,17.5,22.6,7.5,7.44,0.95,0.95,9.22,10.39,14.8,3.09,3.34,4.63,6.13,7.05,10.17,950,980,990,103.04,94.32,66.89,1102,45.1,614,73.2,77.1,13.2,59,54.2,0.177,0.006,128,18.9,11.7,7.35,,0.959,,0.032,714,36,8116,330,1612,0.04,14.89,17.67,29,1.08,1.16,88.08,95.91,94.96,321,1.28,0.94
05/05/2015,16.7,19.5,19,24.1,7.41,7.45,1.65,0.35,9.79,8.28,17.92,3.18,2.78,5.36,6.61,5.5,12.56,950,940,990,97.04,113.53,55.25,1112,38.5,445,53.5,63.3,6,67.8,58,0.094,0.006,85.3,20.5,14.1,4.22,,0.655,,0.212,2656,388,8266,385,1880,0.05,3.62,11.52,19,1.06,5.97,87.98,96.54,85.39,332,1.2,0.93
06/05/2015,17.3,20.1,19.4,24.9,7.18,7.49,0.75,0.8,12.45,,16.6,3.87,,4.77,8.58,,11.83,980,,1000,78.72,,60.24,1135,55.4,586,90,49.6,15.9,46.8,62.7,0.075,0.006,80.6,23.3,9.17,5.42,,0.545,,0.127,884,20,7610,385,2246,0.09,8.14,8.57,14,1.16,1.51,84.64,95.12,97.74,451,1.32,0.97
07/05/2015,16.6,20.1,19.4,22.4,7.28,7.51,0.55,1.9,13.18,3.42,16.2,4.1,1.43,4.9,9.08,1.99,11.3,980,280,1000,74.36,81.87,61.73,1205,67.8,490,84.4,53.8,20.6,64.2,63.9,0.059,0.004,79.4,19.9,18.2,7.12,,0.9,,0.102,1762,24,8276,405,2304,0.07,5.01,11.13,18,1.06,3.60,82.78,94.37,98.64,394,1.2,0.98
08/05/2015,17,19.7,,23.2,7.2,7.42,1.5,0.35,9.94,8.46,15.01,3.29,2.9,4.7,6.65,5.56,10.31,950,940,990,95.57,111.11,65.96,1047,82.5,395,101,53.9,19.6,61.5,58.1,0.096,0.027,91.2,28.4,11.4,9.31,,0.614,,0.096,546,188,7412,420,2114,0.06,20.01,12.84,21,1.19,1.38,74.43,92.12,65.57,425,1.25,1.02
11/05/2015,17.2,19.4,17.8,21.6,7,7.45,1.35,0.9,9.94,10.16,16,3.19,3.25,4.7,6.75,6.91,11.3,950,960,990,95.57,94.49,61.88,1143,47.9,338,92.8,61.2,21.1,60.6,67,0.081,0.027,75.5,28.8,12.1,4.4,,1.19,,0.092,1038,10,7759,420,1511,0.05,10.98,13.16,21,1.13,3.07,72.54,95.81,99.04,406,1.21,0.97
12/05/2015,17.3,16.7,14.9,21.1,7.4,7.47,2,0.98,9.44,9.82,15.74,2.77,3.18,4.68,6.67,6.64,11.06,940,950,990,99.58,96.74,62.9,1014,41.9,389,59.1,70.9,13.9,60.6,63.6,0.107,0.024,89.3,20.9,10.2,2.1,,0.788,,0.151,518,12,7409,420,1629,0.04,22.08,12.82,21,1.19,1.33,84.81,95.87,97.68,310,1.24,0.95
13/05/2015,17.8,19.7,18.1,22.7,6.8,7.49,3.15,0.9,10.24,9.97,15.16,3.12,3.17,4.23,7.12,6.8,10.93,940,950,990,91.8,95.29,65.3,1027,42.9,558,73.2,67.2,14.9,57.2,50.7,0.097,0.023,78.9,20.9,10.1,2.1,,0.721,,0.05,546,20,8263,420,1935,0.04,19.71,13.97,23,1.06,0.98,86.88,95.82,96.34,332,1.3,0.96
14/05/2015,17.6,20.2,19.4,21,6.8,7.45,1.8,0.9,9.36,9.69,16.95,2.97,3.1,4.94,6.39,6.59,12.01,950,960,990,101.5,99.07,58.41,1112,52.4,580,113,58.9,28.2,69.7,52.6,0.108,0.021,100,29.5,11.6,4.46,,0.561,,0.038,904,8,8953,420,2145,0.07,10.36,11.77,19,0.98,1.56,80.52,95.29,99.12,417,1.32,0.95
15/05/2015,17.9,20.2,18.9,18.9,6.88,7.48,1.5,0.8,9.66,9.63,15.41,3.24,3.18,4.73,6.42,6.45,10.68,940,950,990,97.31,98.65,64.24,915,62.4,273,76,55.6,22.3,55.2,61,0.109,0.012,73.9,31.1,10.6,4.47,,0.295,,0.023,472,338,9973,438,2114,0.07,18.03,12.58,20,0.88,1.73,72.16,93.18,28.39,391,1.25,0.99
18/05/2015,18.3,20.2,18.7,21.9,6.99,7.38,1.55,0.85,9.67,10.17,15.85,2.8,3.28,4.63,6.87,6.89,11.22,940,980,990,97.21,96.36,62.46,658,35.2,377,95.7,57.5,17.8,60.1,52,0.067,0.007,85.5,26,10,2.74,,0.231,,0.036,252,2,8133,420,1790,0.06,42.59,13.11,21,1.08,0.67,74.62,94.65,99.21,445,1.31,0.97
19/05/2015,17.3,19.9,18.6,21.8,7.16,7.59,0.9,0.85,9.87,10.09,15.69,3.11,3.15,4.62,6.76,6.94,11.07,940,970,990,95.24,96.14,63.1,1151,54.3,293,113,61.2,28.5,61.5,54.5,0.057,0.018,106,38.6,15.6,2.83,,0.333,,0.022,1420,12,7844,420,2039,0.05,7.88,13.33,22,1.12,4.85,61.43,95.28,99.15,372,1.24,0.97
20/05/2015,17.5,20.3,19.5,23.8,7.3,7.55,0.85,0.9,10.02,9.99,15.53,3.17,3.13,4.56,6.85,6.86,10.97,950,980,990,94.81,98.1,63.75,854,67.4,372,160,57.7,39.7,58.8,56.5,0.075,0.034,93.2,42.2,10.4,3.89,,0.336,,0.044,470,12,8076,420,2094,0.07,23.20,13.50,22,1.09,1.26,56.99,92.11,97.45,535,2.19,0.98
21/05/2015,17.9,20.3,19.5,21.3,7.09,7.54,0.8,0.85,10.09,10.22,16.25,3.2,3.24,4.78,6.89,6.98,11.47,960,970,990,95.14,94.91,60.92,1109,70.8,423,146,74.8,48.2,63.9,58,0.086,0.037,98.4,54.1,14.1,3.23,,0.393,,0.039,640,2,14563,379,2303,0.15,9.59,14.51,24,0.60,1.51,65.48,93.62,99.69,631,3.26,0.96
22/05/2015,18.2,18.6,18.1,18.3,8.4,7.48,1.4,1.05,7.72,8.12,16.67,2.51,2.66,4.97,5.21,5.46,11.7,900,920,990,116.58,113.3,59.39,5302,63.1,729,109,118,34.8,54.5,44.4,0.475,0.028,371,42.5,36.8,6.8,,0.251,,0.023,1082,200,14016,360,1926,0.06,4.60,11.61,19,0.63,1.48,85.05,98.81,81.52,190,0.59,0.82
25/05/2015,15.2,,,18.9,7.66,7.35,,,,,,,,,,,,,,,,,,320,117,197,118,16.7,25.3,27.1,32.3,0.032,0.025,36.7,43.1,4.01,11,,0.617,,0.066,178,56,22203,360,1376,0.00,0.00,0.00,0,0.40,0.90,40.10,63.44,68.54,,,0.59
26/05/2015,17.2,17.9,16.3,19.5,6.9,7.36,1.1,1.13,8.04,7.94,15.97,2.35,2.3,4.27,5.69,5.64,11.7,910,910,990,113.18,114.61,61.99,1009,69.5,197,42.2,43.6,21,50.9,36.4,0.056,0.024,147,69.9,10,2.29,,0.251,,0.013,626,2,20716,420,1735,0.07,5.42,10.48,17,0.42,3.18,78.58,93.11,99.68,163,0.92,0.49
27/05/2015,16.6,17.9,,18.7,6.98,7.35,1.65,1.35,7.72,7.82,16.47,2.3,2.32,4.56,5.42,5.5,11.91,900,900,990,116.58,116.09,60.11,1160,38.4,445,59.1,74.1,12.8,62.9,35.7,0.073,0.012,109,17.4,13.4,0.882,,1.16,,0.157,1262,28,9708,420,1731,0.04,5.58,9.88,16,0.91,2.84,86.72,96.69,97.78,214,0.79,0.46
28/05/2015,17.1,17.8,16.7,17.9,7.2,7.54,1.15,1.2,8.69,8.91,14.94,2.68,2.75,4.27,6.01,6.16,10.67,940,950,990,108.17,106.62,66.27,967,31.7,501,28.1,45.5,12.9,67.1,43.2,0.086,0.01,70.2,17.9,7.06,0.774,,0.988,,0.133,462,82,8871,360,2101,0.04,18.90,14.40,23,0.99,0.92,94.39,96.72,82.25,248,1.22,0.6
29/05/2015,17.6,17.9,17,18.9,6.92,7.53,95,0.9,9.73,9.99,12.42,3.14,3.25,3.88,6.59,6.74,8.54,950,960,990,97.64,96.1,79.71,1117,40.1,311,66,61.3,17.9,68.1,52.8,0.064,0.006,88.9,12.6,12.5,0.331,,0.498,,0.064,1230,18,9064,407,2505,0.07,7.78,17.16,28,0.97,3.95,78.78,96.41,98.54,426,3.04,0.81
01/06/2015,16.8,19.6,19.2,17.3,7,7.5,0.95,0.95,10.25,10.06,12.81,3.25,3.15,3.88,7,6.91,8.93,960,980,990,93.66,97.42,77.28,1128,46.1,434,115,43.1,32.1,51,57.4,0.105,0.04,66.9,39.1,10.7,0.598,,0.162,,0.038,982,46,8919,420,2041,0.07,10.20,16.61,27,0.99,2.26,73.50,95.91,95.32,496,2.09,0.89
02/06/2015,18.1,19.9,19.5,13.3,6.83,7.52,0.65,0.85,9.71,10.06,13.54,3.02,3.16,4.07,6.69,6.9,9.47,960,980,990,98.87,97.42,73.12,1117,41.2,377,138,55.4,27.1,56.9,52.4,0.105,0.22,77.7,35.3,14.6,0.711,,0.601,,0,578,176,9161,420,1847,0.06,16.43,15.30,25,0.96,1.53,63.40,96.31,69.55,394,1.21,0.68
03/06/2015,18.3,20.6,20.1,25.6,6.7,7.54,0.5,0.6,10.12,10.15,13.69,2.95,3.19,4.13,7.17,6.96,9.56,950,960,990,93.87,94.58,72.32,1091,60.9,299,84.4,42.7,38.6,55.4,61.1,0.1,0.072,68.2,40.6,9.09,1.38,,0.851,,0.016,536,24,8496,420,2019,0.06,19.59,15.51,25,1.04,1.79,71.77,94.42,95.52,434,1.48,0.98
04/06/2015,18.5,21,19.7,26.5,6.84,7.58,0.35,0.6,10.66,10.3,13.29,3.28,3.21,3.98,7.38,7.09,9.31,950,970,990,89.12,94.18,74.49,854,77.3,361,169,58.3,35,67.2,56.1,0.055,0.049,1.66,118,8.6,8.62,,0.516,,0.017,420,6,9607,420,2370,0.06,22.86,16.52,27,0.92,1.16,53.19,90.95,98.57,394,1.27,0.98
05/06/2015,19.6,20.9,19.8,18.7,7.1,7.6,0.45,0.5,9.8,9.84,13.38,3.24,3.23,4.17,6.56,6.61,9.21,960,970,990,97.96,98.58,73.99,3963,65.8,584,73,61.5,12.2,62.2,54.9,0.256,0.039,122,46.7,13.1,3.73,,0.583,,0.013,1212,18,9398,420,2242,0.07,7.59,15.38,25,0.94,2.08,87.50,98.34,98.51,450,1.31,0.96
08/06/2015,17.8,21.5,20.7,24.6,6.71,7.5,1.15,1.3,10.31,10.48,14.5,3.19,3.23,4.31,7.12,7.25,10.19,970,980,990,94.08,93.51,68.28,1125,37.5,434,127,39.2,2.56,51.9,56.8,0.113,0.007,55.1,26.5,11.1,0.465,,0.325,,0.031,970,0,9517,420,1968,0.09,9.91,15.02,24,0.92,2.24,70.74,96.67,100.00,597,3.35,0.94
09/06/2015,18.6,21.4,20.9,25.3,6.8,7.47,0.85,1.2,10.31,10.59,15.31,3.19,3.28,4.43,7.12,7.31,10.88,960,970,990,93.11,91.6,64.66,1126,38.9,637,107,51.7,23.8,47.1,58.4,0.158,0.001,85,27.7,12.7,0.402,,0.338,,0.002,790,12,10968,420,2046,0.08,10.61,14.30,23,0.80,1.24,83.20,96.55,98.48,468,3.55,0.94
10/06/2015,19.3,23.4,21,17.5,6.9,7.58,1.77,1.15,11.2,11.37,14.79,3.33,3.44,4.24,7.87,7.93,10.55,980,980,990,87.5,86.19,66.94,1099,35.3,520,92,64,24.5,53.7,50.1,0.079,0.003,93.4,16,12.6,0.344,,1.22,,0.007,514,2,9898,420,1989,0.07,19.52,15.99,26,0.89,0.99,82.31,96.79,99.61,462,1.26,0.92
11/06/2015,18.6,21.7,21.4,22.2,6.9,7.54,0.6,1.1,10.5,10.75,14.47,3.26,3.37,4.3,7.24,7.38,10.17,980,980,990,92.54,91.16,68.42,1059,37.5,580,110,42.4,29.8,48.3,45.4,0.159,0.003,60.5,29.2,8.73,0.6,,0.755,,0.005,500,12,9569,420,2068,0.11,19.54,15.38,25,0.92,0.86,81.03,96.46,97.60,727,4.83,0.88
12/06/2015,19.5,22.2,21.9,25.1,6.95,7.58,0.55,0.95,10.1,10.47,14.44,3.37,3.32,4.53,6.73,7.15,9.91,970,980,990,96.04,93.6,68.56,1147,41.3,374,148,48.6,33.3,46.9,49.3,0.08,0.024,75.5,34.2,16.5,1.17,,0.842,,0.011,1650,2,9275,420,2298,0.09,5.91,14.92,24,0.95,4.41,60.43,96.40,99.88,605,3.99,0.94
15/06/2015,21.9,22.5,22,26.3,6.6,7.53,0.35,0.9,10.17,10.5,16.36,3.16,3.14,4.7,7.01,7.36,11.66,960,960,990,94.4,91.43,60.51,1126,68.1,510,87,57.8,41.8,58.3,44.2,0.103,0.036,75.5,46.6,13.8,5.27,,0.726,,0.007,1032,72,9482,421,1710,0.10,9.29,13.20,21,0.93,2.02,82.94,93.95,93.02,640,3.65,0.96
16/06/2015,19.5,22.1,21.7,23.2,7.02,7.55,0.3,0.8,11.18,10.94,14.89,3.34,3.32,4.31,7.84,7.62,10.58,980,980,990,87.66,89.58,66.49,1157,71.9,524,146,70.3,41.3,55,47.9,0.587,0.062,121,53.4,26.7,5.04,,0.678,,0.004,908,6,9780,420,1830,0.08,10.96,15.56,25,0.90,1.73,72.14,93.79,99.34,569,3.4,0.94
17/06/2015,20.1,21.8,21.1,23.1,6.49,7.64,0.4,0.85,10.74,10.85,14.92,3.3,3.34,4.38,7.44,7.51,10.54,970,960,990,90.32,88.48,66.35,462,85.1,575,113,87.6,40.4,51.5,48.4,0.119,0.03,119,52.8,17,3.63,,0.536,,0.003,1754,18,10217,420,1628,0.10,5.30,15.16,25,0.86,3.05,80.35,81.58,98.97,676,3.62,0.96
18/06/2015,19.8,21.2,19.9,22.3,6.82,7.61,0.45,1.2,11.18,11.19,14.28,3.18,3.21,4.37,8,7.98,9.91,960,970,990,85.87,86.68,69.33,1101,67.3,473,158,50.2,39.8,46.1,53.1,0.25,0.022,156,53.3,10.2,1.26,,0.497,,0.004,728,10,9191,420,1813,0.08,14.71,16.41,27,0.96,1.54,66.60,93.89,98.63,608,4.25,0.97
19/06/2015,20.1,21.3,20.1,24.2,6.7,7.62,0.35,1,10.6,10.75,14.09,3.45,3.52,4.47,7.15,7.23,9.62,970,980,990,91.51,91.16,70.26,1166,60.8,579,95,61.3,43.5,61.2,47.5,0.176,0.004,75.9,52.4,13.8,1.04,,0.234,,0.009,1150,312,10008,420,1929,0.07,8.16,15.87,26,0.88,1.99,83.59,94.79,72.87,470,3.54,0.98
22/06/2015,20.3,20.6,19.1,21.4,6.96,7.49,0.25,0.9,11.78,12.05,15.28,3.66,3.67,4.53,8.12,8.38,10.75,980,990,990,83.19,82.16,64.78,1090,88.1,160,22.5,43.1,36.9,52.3,45.5,0.269,0.043,95.3,49.9,12.5,2.04,,0.654,,0.002,824,24,8847,420,1550,0.08,14.38,16.34,27,0.99,5.15,85.94,91.92,97.09,665,4.1,0.95
23/06/2015,19.2,20.8,19.5,23,6.4,7.56,0.25,0.65,11.75,11.92,15.08,3.53,3.57,4.34,8.22,8.35,10.74,970,980,990,82.55,82.22,65.65,1169,74,530,166,60.2,42,53.2,53,0.08,0.047,79.7,48.6,13,2.13,,0.664,,0.001,1764,14,8209,420,1460,0.06,7.19,16.44,27,1.07,3.33,68.68,93.67,99.21,524,1.46,0.97
24/06/2015,19.4,20.3,19.2,19.2,6.72,7.59,0.35,1.15,11.88,12.27,15.01,3.58,3.73,4.42,8.3,8.54,10.59,980,980,990,82.49,79.87,65.96,1198,64.2,456,45,73.2,37.4,48.7,56.6,0.075,0.033,103,50.3,15.4,1.99,,0.024,,0.014,1928,200,12567,420,1338,0.08,4.39,16.86,27,0.70,4.23,90.13,94.64,89.63,462,1.89,0.88
25/06/2015,18.4,19.7,18.7,20.6,6.83,7.66,0.4,1.05,11.33,11.5,14.88,3.39,3.47,4.24,7.94,8.03,10.64,980,980,990,86.5,85.22,66.53,1124,45.5,248,25.3,57.8,42,54.7,53.3,0.1,0.013,94.6,46,10.9,1.08,,0.468,,0.017,1024,126,8601,420,1880,0.05,11.41,16.07,26,1.02,4.13,89.80,95.95,87.70,389,1.17,0.79
26/06/2015,18.3,20.3,19.3,20.5,6.45,7.58,0.3,1.05,11.06,11.1,14.34,3.46,3.53,4.32,7.6,7.57,10.02,980,980,990,88.61,88.29,69.04,1162,43.2,635,100,87.6,39.1,67.2,50,0.167,0.029,149,28.7,23.2,1.15,,1.23,,0.02,792,430,9750,427,1869,0.08,12.63,15.92,26,0.90,1.25,84.25,96.28,45.71,524,1.97,0.9
29/06/2015,19.5,21.3,20.6,23.1,6.58,7.46,0.25,0.7,11.52,11.94,14.88,3.43,3.56,4.27,8.09,8.38,10.61,980,980,990,85.07,82.08,66.53,1123,76.5,640,92,49.7,41.5,65.1,48.4,0.115,0.048,69.6,33.4,9.57,5.6,,0.378,,0.002,992,18,10672,420,1506,0.11,9.75,16.52,27,0.82,1.55,85.63,93.19,98.19,715,2.27,0.95
30/06/2015,18,21.3,20.5,22.2,6.78,7.47,0.2,0.7,11.38,11.19,14.99,3.42,3.37,4.32,7.96,7.82,10.67,980,980,990,86.12,87.58,66.04,1126,72.9,483,87,66.8,45.5,61,54.4,0.11,0.054,114,50.3,11.9,3.22,,0.482,,0.017,1144,16,9001,420,1667,,9.64,15.77,26,0.98,2.37,81.99,93.53,98.60,501,1.28,0.83
01/07/2015,19.7,21.5,20.6,24.3,6.8,7.53,0.2,0.75,11.47,11.2,14.97,3.42,3.35,4.31,8.05,7.85,10.66,980,980,990,85.44,87.5,66.13,747,74.1,507,73,51.4,43.3,62.1,43.4,0.093,0.039,52.9,54.4,7.35,0.314,,0.911,,0.017,300,14,7644,360,1946,0.06,43.50,18.51,30,1.15,0.59,85.60,90.08,95.33,541,3.92,0.95
02/07/2015,19.8,22.1,21,24.8,6.69,7.57,0.35,1.05,10.79,10.77,17.39,3.34,3.32,4.96,7.45,7.45,12.43,980,980,990,90.83,90.99,56.93,1164,65.3,490,93,91.7,51.4,71.8,55.3,0.1,0.033,121,48.5,14.8,3.17,,0.726,,0.009,1652,16,7350,420,2087,0.05,7.81,12.99,21,1.20,3.37,81.02,94.39,99.03,423,1.27,0.95
03/07/2015,20.1,22.3,21,26.1,6.51,7.65,0.25,1.15,9.99,9.86,16.14,3.29,3.19,4.9,6.7,6.67,11.24,980,980,990,98.1,99.39,61.34,1147,66.2,266,80,61.9,58.7,71.4,57.2,0.103,0.026,21.2,30.6,12.4,2.96,,0.734,,0.015,828,30,7860,420,2057,0.05,13.42,12.88,21,1.12,3.11,69.92,94.23,96.38,338,1.86,1.02
06/07/2015,20.2,23.1,22.1,,6.72,,0.55,0.9,,,,,,,,,,,,,,,,,,,,,,,,,,,,,,,,,,,,8600,300,1895,0.00,0.00,0.00,0,1.02,0.00,0.00,0.00,0.00,,,
07/07/2015,22.5,23.3,22.6,25,6.8,7.53,1.2,1.35,9.48,9.48,16.44,2.92,3,4.7,6.56,6.48,11.74,940,960,990,99.16,101.27,60.22,1116,50.2,486,166,48.9,49.8,49.3,60.4,0.076,0.03,135,25.5,10.3,3.02,,1.03,,0.057,848,562,8568,420,1240,0.01,11.48,12.08,20,1.03,1.74,65.84,95.50,33.73,90.1,1.3,0.59
08/07/2015,22.3,23.6,23,26.3,6.64,7.59,0.55,1.1,10.57,10.88,14.2,3.24,3.31,4.16,7.33,7.57,10.04,970,980,990,91.77,90.07,69.72,1201,49,586,110,56,45.4,49,63.7,0.066,0.009,99.1,47.8,15.5,1.16,,0.801,,0.001,2486,112,13044,420,1766,0.11,2.91,15.82,26,0.67,4.24,81.23,95.92,95.49,569,2.61,0.94
09/07/2015,20.1,23,22.3,,6.79,,0.65,1.3,,,,,,,,,,,,,,,,,,,,,,,,,,,,,,,,,,,,8439,300,1748,0.00,0.00,0.00,0,1.04,0.00,0.00,0.00,0.00,,,
10/07/2015,19.9,22.2,20.9,23,6.51,7.69,0.9,1.35,10.04,10.5,14.08,3.22,3.38,4.3,6.82,7.12,9.78,980,980,990,97.61,93.33,70.31,1091,53.1,310,15,57.6,39.6,56.7,51.6,0.095,0.019,80.6,42.8,9.89,1.65,,0.592,,0.013,594,22,9358,430,2083,0.04,16.26,14.93,24,0.94,1.92,95.16,95.13,96.30,248,1.18,0.89
13/07/2015,20.6,22.7,21.9,22.6,6.78,7.43,0.8,1.15,11.03,11.45,15.36,3.41,3.53,4.53,7.62,7.92,10.83,970,980,1000,87.94,85.59,65.1,1171,34,445,135,88.3,30.3,62.9,47.3,0.055,0.004,83.1,46.8,17.1,0.767,,0.238,,0.021,2040,24,9835,420,1748,0.04,4.93,15.33,25,0.89,4.58,69.66,97.10,98.82,248,1.23,0.96
14/07/2015,20.7,22.6,21.6,24.6,7.25,7.57,0.75,1.25,11.18,11.14,15.2,3.49,3.47,4.53,7.69,7.67,10.67,960,970,990,85.87,87.07,65.13,1162,38.8,400,113,89.8,39.3,61.8,44.9,0.085,0.003,115,45.9,13.3,0.604,,0.291,,0.01,1642,80,9337,420,1893,0.05,6.41,15.38,25,0.94,4.11,71.75,96.66,95.13,361,1.41,0.93
15/07/2015,20.5,,21.5,,7.2,,,1.1,,,,,,,,,,,,,,,,,,,,,,,,,,,,,,,,,,,,8863,300,1672,0.00,0.00,0.00,0,0.99,0.00,0.00,0.00,0.00,,,
16/07/2015,23.7,,22,24,6.79,7.51,,0.8,,10.75,16.68,,3.33,4.89,,7.42,11.79,,970,990,,90.23,59.35,1118,85,282,146,43.4,50.6,55.1,44.2,0.087,0.083,78.8,55.4,9.92,7.74,,0.708,,0.037,590,56,8371,420,1661,0.09,9.58,6.75,11,1.05,2.09,48.23,92.40,90.51,332,1.29,0.99
17/07/2015,21.1,,22.5,24.8,6.74,7.63,,0.7,,10.98,15.47,,3.63,4.84,,7.35,10.63,,970,990,,88.34,64,1157,88.3,554,2,119,41.2,54.9,46.9,0.126,0.045,187,54.5,16.1,4.57,,0.5,,0.019,762,10,7972,420,1912,0.10,7.95,7.44,12,1.10,1.38,99.64,92.37,98.69,411,3.05,0.99
20/07/2015,21.9,,23.9,,7.28,,,0.6,,12.57,17.62,,3.78,5.04,,8.79,12.58,,980,990,,77.96,56.19,,,,,,,,,,,,,,,,,,,,,9431,279,2096,0.00,0.00,11.25,18,0.93,0.00,0.00,0.00,0.00,,,
21/07/2015,23.9,,23.1,25.4,7.35,7.65,,1.85,,9.49,17.06,,2.87,4.84,,6.62,12.22,,960,990,,101.16,58.03,1171,139,620,163,136,59.5,51,45.7,0.158,0.117,135,71.3,21.8,9.54,,0.781,,0.023,1302,18,9017,411,1834,0.14,3.56,5.96,10,0.98,2.10,73.71,88.13,98.62,445,1.55,1.03
22/07/2015,21,,23.3,,6.76,,,0.75,,11.2,16.55,,3.83,5.07,,7.37,11.48,,970,990,,86.61,59.82,,,,,,,,,,,,,,,,,,,,,8540,240,2223,0.00,0.00,12.41,20,1.03,0.00,0.00,0.00,0.00,,1.35,
23/07/2015,21.3,,23.4,25.4,6.9,7.6,,0.75,,10.58,16.66,,3.28,4.83,,7.3,11.83,,970,990,,91.68,59.42,1225,111,690,205,149,51.2,50.8,46.3,0.14,0.075,255,56,14.9,5.31,,0.622,,0.011,1360,46,8779,512,2576,0.11,3.90,5.46,9,1.00,1.97,70.29,90.94,96.62,394,1.45,1.12
24/07/2015,21.9,,23.4,,7.05,,,0.8,,10.56,16.12,,3.35,4.86,,7.21,11.26,,980,990,,92.8,61.41,,,,,,,,,,,,,,,,,,,,,8458,476,2701,0.00,0.00,6.06,10,1.04,0.00,0.00,0.00,0.00,,1.94,
27/07/2015,20.5,,21.3,24.4,7.5,7.49,,1.15,,9.97,17.1,,3.12,4.92,,6.85,12.18,,970,990,,97.29,57.9,1195,80.7,580,149,69.7,49.9,56.3,59.7,0.832,0.075,134,52,10.9,1.67,,0.548,,0.01,1906,0,10753,671,1927,0.14,2.14,3.82,6,0.82,3.29,74.31,93.25,100.00,389,1.55,0.93
28/07/2015,20.7,,,19.8,7.58,7.66,,1.7,,9.15,12.54,,2.75,3.69,,6.4,8.85,,940,990,,102.73,78.95,764,76.3,237,67.5,63.4,42.2,54.8,55,0.071,0.04,69.5,46,9.42,1.48,,0.441,,0.033,426,98,8294,789,2403,0.15,11.39,4.07,7,1.06,1.80,71.52,90.01,77.00,518,3.75,1.07
29/07/2015,20.9,,21.9,25.2,6.71,7.74,,2.05,,5.4,6.94,,1.83,2.27,,3.57,4.67,,480,900,,88.89,129.68,1213,179,484,78.8,110,39.7,49.3,53.4,0.096,0.02,166,44.8,24.6,1.68,,0.796,,0.361,1464,190,10515,709,2555,0.28,1.54,4.83,8,0.84,3.02,83.72,85.24,87.02,411,3.18,1.13
30/07/2015,20.7,,22.1,22.6,7.33,7.86,,1.3,,7.71,11.85,,2.49,3.56,,5.22,8.29,,900,980,,116.73,82.7,1118,76.3,246,63,60.1,42.7,41.9,64.1,0.084,0.07,78.5,56.3,10.7,2.95,,0.703,,0.004,982,190,9637,797,2564,0.18,3.58,3.59,6,0.91,3.99,74.39,93.18,80.65,422,3.1,0.99
31/07/2015,20.3,,21.4,21.1,6.9,7.78,,1.75,,5.64,7.55,,2.04,2.57,,3.6,4.98,,480,930,,85.11,123.18,1125,94.8,304,146,11.6,44.6,38.7,43.5,0.093,0.023,70.6,54.5,8.02,3.11,,1.03,,0.135,632,50,9759,688,2679,0.29,4.02,4.78,8,0.90,2.08,51.97,91.57,92.09,473,2.45,1.02
03/08/2015,20.8,,22.6,24.8,7.33,7.53,,1.05,,9.83,15.89,,2.98,4.53,,6.85,11.36,,980,1000,,99.7,62.93,1158,78.9,366,166,62.4,37.5,54.4,46.4,0.091,0.062,88.9,56,13,2,,0.373,,0.031,1702,26,8701,476,1937,0.12,2.92,5.72,9,1.01,4.65,54.64,93.19,98.47,417,2.47,0.98
04/08/2015,21.2,,22.9,25,7.2,7.62,,1.05,,9.57,16.42,,2.94,4.7,,6.63,11.72,,980,990,,102.4,60.29,1234,69.2,642,149,108,33.9,63.5,49,1.126,0.045,171,48.7,26.1,2.72,,0.469,,0.012,2158,76,9650,666,2432,0.12,2.02,3.85,6,0.91,3.36,76.79,94.39,96.48,377,1.19,1
05/08/2015,21,,23,27.3,6.81,7.73,,1.05,,8.78,14.87,,2.78,4.35,,6,10.52,,980,1000,,111.62,67.25,1151,70.9,366,64.7,36.3,46.3,44.7,51.2,0.076,0.043,63.3,53,8.82,2.52,,0.432,,0.002,1020,98,9175,669,2184,0.16,4.13,3.88,6,0.96,2.79,82.32,93.84,90.39,456,2.41,0.99
06/08/2015,21.4,,23.2,25.1,6.7,7.7,,1.1,,8.49,13.03,,2.73,3.92,,5.76,9.11,,960,990,,113.07,75.98,1176,75.4,321,33,60.1,44.9,52.2,48.3,0.085,0.048,77,59.6,12.1,5.11,,4.07,,0.017,1974,48,9303,668,2374,0.13,2.03,4.29,7,0.95,6.15,89.72,93.59,97.57,366,1.96,1.02
07/08/2015,21,,22.9,14,7.06,7.68,,1.35,,7.76,12.83,,2.7,4.08,,5.06,8.75,,950,990,,122.42,77.16,1203,102,637,142,83.3,40.5,48.4,49.1,0.068,0.032,98.2,41.6,14.4,3.66,,0.424,,0.013,1816,40,4790,666,2915,0.07,3.93,4.00,6,1.84,2.85,77.71,91.52,97.80,307,1.19,1.03
10/08/2015,21.9,,22.7,23.9,7.29,7.56,,1.8,7.49,9.95,13.31,2.48,3.15,4.07,5.01,6.8,9.24,930,990,990,124.17,99.5,74.38,1185,64,400,172,51.8,54.6,50.5,58.6,0.073,0.025,89.1,54.3,13.4,1.09,,0.628,,0.015,2204,10,8209,665,1769,0.06,4.24,8.67,14,1.07,5.51,57.00,94.60,99.55,377,2.56,0.95
11/08/2015,21.3,23.3,22.3,25.5,6.92,7.6,0.56,2.05,8.82,9.49,13.67,2.84,3.09,4.08,5.98,6.4,9.59,950,950,990,107.71,100.11,72.42,1172,47,315,84.4,49.8,51.3,44.8,60.9,0.057,0.011,74.1,55.4,11.9,0.356,,0.878,,1.11,2080,24,6941,666,2263,0.04,5.58,8.85,14,1.27,6.60,73.21,95.99,98.85,280,1.35,0.99
12/08/2015,23.7,23.2,22.4,27,7.1,7.89,2.9,2.05,8.5,8.89,13.27,2.69,2.86,3.93,5.81,6.03,9.34,960,970,990,112.94,109.11,74.6,1209,39,486,89,48.6,34.9,40,62.8,0.057,0.004,91.6,46.2,16.7,0.28,,2.91,,6.57,1834,132,6995,666,2753,0.06,5.96,8.66,14,1.26,3.77,81.69,96.77,92.80,446,2.22,0.93
13/08/2015,23.3,24.4,22.8,26.3,7.24,7.87,1.8,1.6,9.03,9.01,13.26,2.91,2.88,4.02,6.12,6.13,9.24,980,980,990,108.53,108.77,74.66,1281,42.9,659,104,123,24.9,57.6,58.8,0.167,0.009,185,34.7,14.1,0.25,,2.66,,8.05,1662,24,7722,666,2556,0.08,6.18,8.99,15,1.14,2.52,84.22,96.65,98.56,535,4,0.98
14/08/2015,21.9,24.6,23.2,27.2,6.6,7.71,2.2,1.2,8.3,8.46,12.96,2.85,2.86,4.19,5.45,5.6,8.77,950,970,990,114.46,114.66,76.39,1216,60.7,406,81.6,62.2,8.67,54.9,58.8,0.125,0.001,38.7,12.6,0.285,12.3,,2.76,,8.06,2064,68,7115,666,2775,0.08,5.02,8.54,14,1.24,5.08,79.90,95.01,96.71,535,1.9,1.06
17/08/2015,21.5,25.2,23.1,26.6,7.01,7.41,2.45,1.95,6.78,6.99,15.81,2.14,2.22,4.6,4.64,4.77,11.21,850,920,990,125.37,131.62,62.62,1130,36.7,310,39.4,87.1,1.68,53.2,49.7,0.121,0.003,106,10.8,15.7,0.468,,2.19,,4.24,998,76,16021,666,2082,0.08,3.79,5.75,9,0.55,3.22,87.29,96.75,92.38,208,0.8,0.66
18/08/2015,19.8,22.7,22.3,24.8,6.8,7.94,2.3,1.95,6.99,6.72,14.97,2.19,2.13,4.42,4.8,4.59,10.55,880,920,990,125.89,136.91,66.13,898,31.2,240,34,19.7,0.334,30.1,42.3,0.063,0.102,32.4,9.26,4.89,0.396,,3.2,,5.92,518,16,13161,666,2574,0.06,8.85,6.05,10,0.67,2.16,85.83,96.53,96.91,200,0.96,0.6
19/08/2015,21.3,22.8,21.5,24.8,7.47,7.75,4.05,1.9,8.29,8.44,12.89,2.68,2.71,3.91,5.61,5.73,8.98,940,950,990,113.39,112.56,76.8,1144,34.7,293,33.8,55.6,0.582,51.1,42.3,0.106,0.006,80,13.5,10.2,0.495,,5.72,,7.06,1400,18,17146,666,2627,0.19,3.07,8.57,14,0.51,4.78,88.46,96.97,98.71,546,3.12,0.72
20/08/2015,20.2,,21.8,22.6,6.6,7.82,,2.05,,5.72,14.73,,1.8,4.42,,3.92,10.31,,840,990,,146.85,67.21,1143,21.7,338,2.8,30.8,0.44,36,32.8,0.062,0.003,46.9,7.34,7.33,0.312,,3.32,,2.59,1022,4,10135,666,2333,0.09,2.43,2.57,4,0.87,3.02,99.17,98.10,99.61,152,0.62,0.53
21/08/2015,21,22.6,22.3,20.5,6.87,7.7,2.45,1.8,7.71,7.73,12.7,2.55,2.58,4.07,5.16,5.15,8.63,940,950,990,121.92,122.9,77.95,1144,30,524,22.5,146,0.872,65.3,41.3,0.648,0.002,245,12.2,26.4,0.507,,6.84,,2.75,770,2,8969,665,2555,0.06,9.84,8.04,13,0.98,1.47,95.71,97.38,99.74,321,1.11,0.68
24/08/2015,21.5,22.3,20.5,23.9,7.3,8.01,1.4,1.85,8.39,8.77,13.08,2.93,3.01,4.25,5.46,5.76,8.83,920,950,990,109.65,108.32,75.69,1156,37.6,637,14.1,48.5,0.318,48.6,50.9,0.108,0.005,65.3,16.3,24.4,0.417,,12.8,,0.245,1896,356,8765,666,2527,0.11,4.54,8.67,14,1.00,2.98,97.79,96.75,81.22,592,4.1,0.5
25/08/2015,21.1,22.8,21.7,23.4,6.96,7.87,1.85,2.1,8.35,8.43,13.7,2.94,2.99,4.46,5.41,5.44,9.24,960,930,990,114.97,110.32,72.26,1182,24.4,265,8,79,0.876,52.7,51.6,0.173,0.001,85.4,15.4,10.7,0.763,,11.3,,0.427,628,210,9628,666,2478,0.09,12.21,8.09,13,0.91,2.37,96.98,97.94,66.56,439,3.36,0.68
26/08/2015,21,22.9,21.7,21.2,6.7,7.93,1.5,1.85,8.37,8.48,13.6,2.93,2.93,4.46,5.44,5.55,9.14,950,940,990,113.5,110.85,72.79,1174,40.4,377,19.7,54.1,0.813,67.9,52,0.093,0.007,86.4,13.1,11.8,1.01,,6.4,,0.242,1508,328,9080,661,2678,0.10,5.41,8.25,13,0.97,4.00,94.77,96.56,78.25,513,2.76,0.87
27/08/2015,20,23,21.7,24.9,7.12,7.89,1.4,1.5,8.46,8.72,13.94,2.95,3.04,4.59,5.51,5.68,9.35,920,950,990,108.75,108.95,71.02,1163,37,331,21,72.5,0.536,41.7,51.8,0.083,0.012,78.1,10.5,11.9,1.32,,6.64,,0.13,818,14,8987,666,2291,0.09,10.28,8.14,13,0.98,2.47,93.66,96.82,98.29,497,3.38,0.99
28/08/2015,21.8,23.4,22.5,25.5,6.86,7.9,1.95,1.75,8.24,8.49,13.28,3.03,3.14,4.53,5.21,5.35,8.75,920,950,990,111.65,111.9,74.55,1197,39.6,468,5.6,73,0.745,43.6,52.4,0.099,0.012,90.3,7.85,11.4,1.18,,3.65,,0.09,1480,8,8834,666,2289,0.10,5.63,8.32,14,1.00,3.16,98.80,96.69,99.46,524,2.74,0.94
31/08/2015,21.3,24.3,22.9,25.1,6.93,7.93,1.2,1.1,8.4,9.28,14.77,2.95,3.23,4.96,5.45,6.05,9.81,920,950,990,109.52,102.37,67.03,1106,35.8,456,22.5,89.5,0.489,56.1,47.7,0.064,0.006,115,5.47,18.4,2.09,,2.1,,0.14,1224,4,8914,666,2729,0.09,7.13,7.91,13,0.99,2.68,95.07,96.76,99.67,513,2.67,0.94
01/09/2015,22.2,24.2,23.2,24.8,7.2,7.93,1.1,1.9,8.43,8.81,13.79,3.06,3.14,4.66,5.37,5.67,9.13,920,950,990,109.13,107.83,71.79,1305,60.6,648,33.8,33.9,0.328,49.2,50.2,0.103,0.008,52.1,7.09,13.7,1.93,,2.91,,0.113,2132,2,8756,666,2052,0.06,4.06,8.26,13,1.01,3.29,94.78,95.36,99.91,338,1.35,0.92
02/09/2015,20.6,24,22.8,24.8,6.73,7.94,1.1,1.95,8.55,8.97,13.54,3.07,3.18,4.57,5.48,5.79,8.97,910,950,990,106.43,105.91,73.12,1099,48.2,361,25.3,41.7,0.319,41.2,46.5,0.082,0.016,64.7,6.6,9.59,1.4,,3.44,,0.122,938,24,8987,665,2660,0.07,9.14,8.56,14,0.98,2.60,92.99,95.61,97.44,389,1.77,0.92
03/09/2015,21.4,23.7,22.5,23.7,6.6,7.91,2,1.6,8.42,8.75,13.73,2.98,3.13,4.6,5.44,5.62,9.13,940,960,990,111.64,109.71,72.11,1092,28.6,496,11.3,76.1,0.221,52.8,44.9,0.155,0.008,76.8,8.7,10.9,1.54,,3.84,,0.041,690,30,8917,666,2663,0.08,12.28,8.26,13,0.99,1.39,97.72,97.38,95.65,456,3.26,0.95
04/09/2015,21.4,23.9,22.9,24.8,7,7.95,2.95,2.05,8.33,8.41,13.52,3.06,3.08,4.69,5.27,5.33,8.83,910,950,990,109.24,112.96,73.23,1183,39.8,807,26,145,0.299,51.5,46.7,1.795,0.004,188,8.69,10.8,1.44,,4.03,,0.143,702,16,9725,666,2615,0.11,10.79,8.18,13,0.90,0.87,96.78,96.64,97.72,537,3.27,0.94
07/09/2015,20.7,21.6,19.6,20.7,7.07,7.95,1.9,1.7,7.88,8.25,13.79,2.8,2.99,4.55,5.08,5.26,9.24,910,950,990,115.48,115.15,71.79,1109,29.8,366,16.9,46.6,0.245,46.6,38.6,0.116,0.006,66.8,7.01,9.57,0.853,,3.44,,0.008,742,26,9715,666,2447,0.11,9.85,7.73,13,0.91,2.03,95.38,97.31,96.50,530,2.57,0.87
08/09/2015,19.8,21,19.1,19.8,6.82,7.95,1.1,1.85,8.23,8.35,13.77,2.98,3.01,4.59,5.25,5.34,9.18,920,950,990,111.79,113.77,71.9,1101,33.6,394,19.7,50.3,0.19,38.3,45,0.153,0.007,63.6,10.8,11.9,0.78,,8.67,,0.014,850,18,9634,666,2680,0.12,8.91,7.95,13,0.91,2.16,95.00,96.95,97.88,592,3.23,0.9
09/09/2015,20,20.5,18.6,20.1,7,7.95,2.5,1.95,7.96,8.4,13.9,2.91,3.01,4.65,5.05,5.39,9.25,920,940,990,115.58,111.91,71.22,1132,86.2,546,14.1,51,0.328,39.5,43.6,0.077,0.009,63.4,9.58,12.9,0.934,,7.39,,0.196,1274,24,9404,665,2610,0.04,6.01,7.79,13,0.94,2.33,97.42,92.39,98.12,208,1.78,0.91
10/09/2015,19.8,20.7,19,18.5,6.69,7.94,2.25,1.8,8.46,8.35,14.16,3.01,2.9,4.73,5.45,5.45,9.43,930,950,990,109.93,113.77,69.92,1106,32.6,338,0,52.5,0.333,43.4,39.2,0.094,0.007,2.58,10.9,10,1.23,,8.57,,0.198,662,34,13092,666,2529,0.11,8.53,7.84,13,0.67,1.96,100.00,97.05,94.86,406,2.58,0.95
11/09/2015,19,20.4,19.4,20.4,6.8,7.86,2,1.9,8.12,8.15,13.72,2.97,2.94,4.69,5.15,5.21,9.03,910,950,990,112.07,116.56,72.16,1125,8.73,358,18,52.2,0.28,38.4,38.6,0.095,0.006,73.4,12,12.7,1.19,,7.38,,0.154,1020,40,9624,666,2454,0.00,7.29,7.83,13,0.91,2.85,94.97,99.22,96.08,,1.96,0.88
14/09/2015,19.6,21.2,19.9,22.8,6.9,7.92,2.05,1.8,7.94,8.21,13.88,2.89,2.97,4.68,5.05,5.24,9.2,930,950,990,117.13,115.71,71.33,1105,21.4,406,22.5,66.9,0.249,56.8,39.4,0.138,0.004,78.3,7.8,9.82,2.38,,4.5,,0.258,494,12,9866,666,2163,0.06,14.58,7.69,12,0.89,1.22,94.46,98.06,97.57,270,1.3,0.89
15/09/2015,19.8,21.7,20.8,24.1,6.8,7.89,2,2.1,7.81,7.86,13.67,2.84,2.9,4.63,4.97,4.96,9.04,920,930,990,117.8,118.32,72.42,1205,29.1,451,22.5,52.2,0.182,52.3,46.1,0.106,0.007,65,6.5,13.7,2.6,,5.13,,0.205,1430,10,8798,666,2590,0.00,5.48,7.57,12,1.00,3.17,95.01,97.59,99.30,16.9,2.27,0.89
16/09/2015,20.1,22.2,21.3,24.9,6.7,7.85,1.65,2.25,7.49,8.1,13.6,2.53,2.94,4.58,4.96,5.16,9.02,930,950,990,124.16,117.28,72.8,1223,34.2,400,22.5,40.7,0.179,50.8,45.1,0.1,0.006,190,31.9,11.3,3.86,,5.92,,0.222,1098,24,9954,665,2710,0.12,6.28,7.58,12,0.88,2.75,94.38,97.20,97.81,552,3.25,0.92
17/09/2015,21.3,22.6,21.9,26.8,6.9,7.9,2.35,1.85,7.94,7.99,13.54,2.87,2.9,4.56,5.07,5.09,8.98,920,950,990,115.87,118.9,73.12,1504,27.5,456,19.7,47.1,0.227,62.8,65.2,0.177,0.005,68.9,6.24,9.26,5.75,,2.91,,0.255,1780,12,9413,666,2635,0.11,4.18,7.77,13,0.93,3.90,95.68,98.17,99.33,535,2.68,0.89
18/09/2015,20.5,22.9,22,24.7,6.59,7.89,2.05,1.95,7.56,7.92,13.2,2.9,2.99,4.66,4.66,4.93,8.54,930,950,990,123.02,119.95,75,1156,36,256,47,65.4,0.358,54.5,58.5,0.152,0.004,11,29.9,17.6,6.96,,0.817,,0.272,796,4,9719,666,2861,0.12,8.80,7.75,13,0.91,3.11,81.64,96.89,99.50,535,2.74,0.93
21/09/2015,19.5,21.6,19.9,22.4,6.9,7.93,2.4,1.35,8,8.3,13.98,2.91,3,4.71,5.09,5.3,9.27,920,950,990,115,114.46,70.81,1239,84.3,417,19.7,57.7,0.712,47.4,41.9,0.067,0.004,84.8,6.4,16.1,6.73,,2.64,,0.225,2326,4,8402,666,2250,0.08,3.67,7.70,13,1.05,5.58,95.28,93.20,99.83,456,2.05,0.93
22/09/2015,19.3,21,19,21,6.78,7.86,1.8,2.15,8.07,8.23,13.6,2.99,3.04,4.63,5.08,5.19,8.97,920,950,990,114,115.43,72.79,1080,36.6,293,16.9,34.6,0.403,50.2,44.1,0.111,0.004,47.9,10.6,9.36,6.84,,8.18,,0.165,658,30,9165,666,2359,0.08,11.89,7.92,13,0.96,2.25,94.23,96.61,95.44,372,1.5,0.93
23/09/2015,20,20,19.4,21.1,7,7.85,2.35,1.55,8.14,8.41,14.07,2.96,3.03,4.71,5.18,5.38,9.36,920,950,990,113.02,112.96,70.36,1108,30.5,175,43,39.2,0.494,48.8,29.2,0.133,0.004,61.7,10,11.1,6.71,,6.26,,0.201,634,6,9053,666,2389,0.09,12.69,7.77,13,0.97,3.62,75.43,97.25,99.05,478,2.01,0.91
24/09/2015,20.6,21.2,20,20.3,6.78,7.99,2.2,1.9,8.85,8.23,14.32,3.07,2.94,4.71,5.78,5.29,9.61,930,950,990,105.09,115.43,69.13,1100,29.2,484,19.7,66.4,0.44,50.4,50.1,0.22,0.005,86.4,5.72,17.8,6.13,,1.78,,0.254,698,16,13621,665,2546,0.16,7.90,7.89,13,0.65,1.44,95.93,97.35,97.71,563,3.1,0.95
25/09/2015,19.6,21,20,20.6,7.3,7.9,2.6,1.95,6.86,6.97,13.88,2.57,2.65,4.89,4.29,4.32,8.99,870,930,990,126.82,133.43,71.33,1146,26.6,377,14.1,33.5,0.295,70.8,38.1,0.13,0.004,54.3,4.74,11.3,6.22,,0.808,,0.226,1082,6,10253,666,2493,0.06,5.49,6.58,11,0.86,2.87,96.26,97.68,99.45,231,0.74,0.87
28/09/2015,18.7,20.3,18.9,19.1,6.83,7.85,2.05,2.1,8.06,8.03,13.3,2.93,2.93,4.48,5.13,5.1,8.82,910,950,990,112.9,118.31,74.44,1116,26.8,462,19.7,45.1,0.557,42.4,50.3,0.097,0.002,71,11.5,14.5,4.89,,6.73,,0.29,1128,8,8653,666,2005,0.08,7.25,7.99,13,1.02,2.44,95.74,97.60,99.29,394,2.18,0.85
29/09/2015,16.7,19.5,18.2,16.6,7.1,7.85,2.2,2.1,7.8,7.81,13.67,2.82,2.81,4.51,4.98,5,9.16,910,950,990,116.67,121.64,72.42,1215,32.9,321,16.9,29.9,0.669,44.2,42.3,0.107,0.007,45.9,14.6,9.96,5.42,,10.6,,0.264,1258,16,14308,666,2114,0.14,3.82,7.54,12,0.62,3.92,94.74,97.29,98.73,417,2.63,0.86
30/09/2015,18.5,19.4,18.1,17.9,6.83,7.98,2.2,2.05,7.93,8.27,13.7,2.77,2.83,4.41,5.16,5.44,9.29,900,950,990,113.49,114.87,72.26,1147,28.1,456,11.3,65.2,0.475,53.3,31.7,0.126,0.007,92.4,16.1,16,5.13,,11.2,,0.241,1078,12,9849,666,1779,0.08,6.71,7.81,13,0.89,2.36,97.52,97.55,98.89,383,2.35,0.83
01/10/2015,20.1,19.3,17.7,17.3,6.9,8.01,1.7,1.85,8.99,8.71,13.98,3.11,2.98,4.64,5.88,5.73,9.34,890,940,990,99,107.92,70.82,1113,26.6,468,16.5,27.4,0.546,44.6,39.1,0.064,0.004,51,14.9,8.11,5.38,,11.9,,0.24,950,18,9680,666,2229,0.08,8.47,8.36,14,0.91,2.03,96.47,97.61,98.11,415,2.06,0.88
02/10/2015,18.4,19.5,17.7,19,6.79,7.82,2.55,2.05,7.7,7.62,12.84,2.86,2.86,4.48,4.84,4.76,8.36,900,950,990,116.88,124.67,77.1,1163,33.7,546,14.1,70.4,0.597,48.9,43.7,0.155,0.003,96.4,14.2,18.6,5.05,,8.29,,0.214,1098,8,8813,665,2654,0.12,6.97,7.89,13,1.00,2.01,97.42,97.10,99.27,552,2.88,0.97
05/10/2015,18.8,20.4,19.6,21.4,6.7,7.8,2.2,2.05,4.45,5.34,4.24,1.8,2,1.71,2.65,3.34,2.53,550,530,630,123.59,99.25,148.58,1114,47.9,473,25.3,76,0.19,48.3,45.3,0.12,0.001,93.6,15.8,12.2,3.06,,15.1,,0.171,988,32,9559,682,1746,0.10,4.56,14.90,24,0.92,2.09,94.65,95.70,96.76,287,1.18,0.98
06/10/2015,19,20.5,19,20.7,7.02,7.84,1.7,2,8.85,8.36,14.01,3.15,3.01,4.66,5.7,5.35,9.35,890,930,990,100.57,111.24,70.66,1081,39.1,377,16.9,64.3,0.361,42.7,45.9,0.107,0.009,138,50.5,17.2,4.42,,15,,0.303,668,22,9193,666,2097,0.07,12.33,8.12,13,0.96,1.77,95.52,96.38,96.71,377,2.13,0.92
07/10/2015,19,20.5,19.1,20.8,6.74,7.85,1.75,2.05,7.98,8.3,14.42,2.89,2.99,4.79,5.09,5.31,9.63,910,940,990,114.03,113.25,68.65,1144,30.3,614,22.5,49.4,0.459,49.6,45.8,0.571,0.007,71.3,17.3,24.7,3.61,,13.7,,0.22,1594,2,9938,666,2528,0.14,4.52,7.46,12,0.89,2.60,96.34,97.35,99.87,631,4.4,0.97
08/10/2015,18.9,20.6,19.4,20.8,6.76,7.85,2.2,1.8,8.57,8.44,12.53,3.07,2.91,4.22,5.5,5.53,8.31,900,930,990,105.02,110.19,79.01,1244,32.1,518,22.5,52.4,0.347,41.3,42.8,0.147,0.006,74.5,9.92,18.2,2.73,,7,,0.246,2242,8,10238,626,2490,0.09,3.26,9.54,15,0.86,4.33,95.66,97.42,99.64,417,2.66,0.91
09/10/2015,20,19.7,18.1,18.6,7.2,7.88,2.6,1.65,7.74,6.4,11.7,2.93,3,4.13,4.81,3.4,7.57,900,910,990,116.28,142.19,84.61,1159,35.7,456,19,50.7,0.325,50.8,46.5,0.98,0.007,77.2,14.4,29.4,4.15,,9.45,,0.239,1250,12,10064,706,2605,0.14,4.95,7.53,12,0.87,2.74,95.83,96.92,99.04,501,2.84,0.95
12/10/2015,16.1,16.3,13.4,15.7,6.84,7.67,5.63,3.63,6.95,6.43,13.65,2.3,2.12,4.22,4.65,4.31,9.43,860,850,990,123.74,132.19,72.53,1185,25.4,699,0,30.6,0.289,39,33.7,0.089,0.047,58.9,11.7,12.1,2.75,,5.43,,0.253,1696,4,9517,665,2300,0.06,3.65,6.49,11,0.92,2.43,100.00,97.86,99.76,254,0.72,0.49
13/10/2015,17.1,17.4,16.1,16.9,6.7,8.11,3.85,1.9,7.65,7.86,13.54,2.58,2.6,4.27,5.07,5.26,9.27,930,940,990,121.57,119.59,73.12,1080,19.6,406,8.4,45.6,0.26,62.5,31,0.122,0,37.7,28.3,10.4,3.17,,10.5,,0.168,594,18,10654,667,2548,0.06,10.78,7.56,12,0.83,1.46,97.93,98.19,96.97,265,1.04,0.65
14/10/2015,17.8,18.1,17,16.4,7.09,8.11,3.7,2,7.32,7.57,13.4,2.58,2.61,4.3,4.74,4.96,9.1,900,930,990,122.95,122.85,73.88,1129,30.1,400,8.4,50,0.361,49.6,39.9,0.112,0.003,76.3,16,14.1,3.13,,11.1,,0.016,1188,12,16335,665,2646,0.12,3.38,7.35,12,0.54,2.97,97.90,97.33,98.99,310,1.11,0.79
15/10/2015,17.6,17.2,12.7,19.5,6.55,7.69,3.55,1.91,6.71,6.83,14.11,2.22,2.26,4.41,4.49,4.57,9.7,800,850,990,119.23,124.45,70.16,1136,29.5,254,11.3,35.2,0.224,34.1,29.6,0.07,0.005,55.4,14.5,15.6,3.42,,9.56,,0.013,1192,6,14996,666,2772,0.07,3.33,6.34,10,0.59,4.69,95.55,97.40,99.50,180,0.53,0.54
16/10/2015,17.4,18.1,16.9,19.7,6.91,7.84,3.75,1.85,7.3,7.35,13.58,2.62,2.59,4.48,4.68,4.76,9.1,900,940,990,123.29,127.89,72.9,1136,30.6,501,2.1,50.4,0.323,44.1,29.3,0.111,0.006,71.4,17.8,12.8,3.93,,14.5,,0.024,1272,14,11569,743,2930,0.05,4.38,6.39,10,0.76,2.54,99.58,97.31,98.90,163,0.87,0.68
19/10/2015,17.9,19.2,18.7,17.2,6.86,7.92,2.95,1.85,7.91,8.2,12.67,2.77,2.82,4.14,5.14,5.38,8.53,880,910,990,111.25,110.98,78.14,964,42.3,528,25.3,49.9,0.383,45.2,41.2,0.129,0.034,70,13.1,14.1,4.94,,8.33,,0.113,652,36,12270,666,1846,0.13,8.86,8.40,14,0.72,1.23,95.21,95.61,94.48,479,2.8,0.82
20/10/2015,17.5,18.6,17.9,17.3,6.71,7.91,1.35,2.12,8.13,7.73,12.28,2.82,2.65,3.95,5.31,5.08,8.33,890,940,990,109.47,121.6,80.62,1109,38.6,456,22.5,42.6,0.715,62.9,45.6,0.131,0,74.6,19.3,13.7,6.31,,13.9,,0.163,790,12,9280,667,2470,0.06,9.52,8.52,14,0.95,1.73,95.07,96.52,98.48,287,1.05,0.81
21/10/2015,17.4,17.8,16.8,17.2,6.8,7.88,2.9,1.97,7.7,7.5,11.31,2.74,2.64,3.51,4.96,4.86,7.8,880,900,980,114.29,120,86.65,1265,62,347,18,50.9,0.815,54.4,45.2,0.108,0.005,72.9,23.1,17.3,6.31,,19.4,,0.098,1926,10,9563,666,2813,0.06,3.63,8.88,14,0.92,5.55,94.81,95.10,99.48,267,1.16,0.91
22/10/2015,17.1,17.8,16.8,15.9,6.48,7.94,0.6,1.55,7.36,7.91,11.5,2.58,2.74,3.82,4.78,5.17,7.68,850,900,950,115.49,113.78,82.61,1111,35.4,434,22.5,48.7,2,59.6,51.9,0.133,0.004,71.7,31,9.88,6.53,,27,,0.073,954,20,10179,702,2418,0.07,6.92,8.32,14,0.86,2.20,94.82,96.81,97.90,293,1.12,0.94
23/10/2015,17.1,17.4,15.9,16.9,6.71,8,3.4,2.1,6.96,7.04,12.15,2.62,2.61,4.11,4.34,4.43,8.04,860,890,990,123.56,126.42,81.48,814,51.3,0,25.3,42.6,0.834,58.9,48.6,0.126,0.004,84.9,23.2,5.43,5.77,,19.8,,0.009,384,10,10240,666,1133,0.00,15.67,7.61,12,0.86,0.00,0.00,93.70,97.40,0,1.08,0.97
26/10/2015,17,17.9,16.4,18.5,6.7,8.07,1.6,2,8.27,7.74,11.94,2.91,2.69,3.99,5.36,5.05,7.95,840,890,970,101.57,114.99,81.24,1199,44.5,423,14.1,72.6,0.878,64.4,63.6,0.117,0.012,133,25.7,26.7,6.25,,25,,0.167,1950,20,9486,666,595,0.10,3.81,8.86,14,0.93,4.61,96.67,96.29,98.97,473,2.63,0.94
27/10/2015,16.8,17.8,16.1,16,6.7,8.14,2.95,2.05,7.43,8.11,11.46,2.64,2.79,3.74,4.79,5.32,7.72,860,870,990,115.75,107.27,86.39,1255,49.2,321,11.3,64.3,0.561,85.9,41.4,0.096,0.003,99,24.8,10.2,6.57,,3.54,,0.129,2650,34,10081,617,567,0.08,2.56,9.67,16,0.87,8.26,96.48,96.08,98.72,361,2.68,1.01
28/10/2015,17.5,18.2,16.3,18.3,6.26,7.97,1.9,2.05,8.79,8.15,13.58,3.01,2.9,4.37,5.78,5.25,9.21,780,800,990,88.74,98.16,72.9,1173,106,672,33.8,55.3,0.839,64.5,47.2,0.062,0.001,79.4,26.2,11.6,6.52,,18.7,,0.234,980,82,9600,596,525,0.07,7.92,9.21,15,0.92,1.46,94.97,90.96,91.63,372,1.34,1.07
29/10/2015,17.6,18.2,16.3,19,6.6,7.96,1.35,1.95,7.96,7.38,12.65,2.78,2.59,4.07,5.18,4.79,8.58,830,880,990,104.27,119.24,78.26,1071,53.5,0,5.9,47.3,1.09,69.6,53.4,0.102,0.009,64.9,19,9.89,6.72,,12.6,,0.178,856,40,10092,596,530,0.00,7.81,8.95,15,0.87,0.00,0.00,95.00,95.33,0,1.61,0.99
30/10/2015,17.4,18,16.8,16,6.48,8.13,1.2,2.05,7.39,7.46,11.93,2.79,2.8,4.1,4.6,4.66,7.83,850,890,990,115.02,119.3,82.98,1146,46.2,45.1,25.3,61.9,1.65,55.4,51.1,0.044,0.041,82.7,19.4,18.8,7.03,,12.6,,0.192,958,30,9822,597,397,0.00,6.94,9.17,15,0.90,0.00,0.00,95.97,96.87,0,2.16,0.95
02/11/2015,16.7,16.6,14.3,16.7,6.68,7.97,2.65,2,7.53,7.54,11.71,2.73,2.74,3.92,4.8,4.8,7.79,830,900,980,110.23,119.36,83.69,1115,53.2,400,14.1,39.6,1.37,57.3,49.1,0.134,0.012,91.5,22.9,9.96,4.26,,16,,0.144,762,242,8654,596,479,0.05,10.06,9.50,15,1.02,1.91,96.48,95.23,68.24,248,1.13,0.97
03/11/2015,16.2,16.5,14.1,17.8,7,7.89,1,1.95,7.76,7.39,11.98,2.69,2.56,3.87,4.98,4.83,8.11,850,890,980,110.82,120.43,81.8,1189,59.2,535,19.7,67.7,2,64.4,48.1,0.088,0.008,95.6,26.3,21.9,6.3,,19,,0.471,1772,2,9307,596,457,0.10,4.04,9.34,15,0.95,3.31,96.32,95.02,99.89,468,2.94,0.98
04/11/2015,17.7,16.7,14.2,14.4,6.44,7.98,0.45,1.8,8.23,7.57,12.69,2.92,2.73,4.13,5.31,4.84,8.56,900,890,990,109.36,117.57,78.01,1181,53.9,625,22.5,45.4,1.93,48.2,48.3,0.069,0.007,100,22.8,15.9,7.43,,18.3,,0.733,1756,22,9147,596,469,0.10,4.33,9.19,15,0.96,2.81,96.40,95.44,98.75,501,2.6,1.03
05/11/2015,16.7,16.9,14.3,15.9,6.54,8.05,2.75,2,8.31,8.17,13.26,2.98,2.85,4.31,5.33,5.32,8.95,870,900,980,104.69,110.16,73.91,1176,52.7,0,16.9,49,1.29,52.5,50.9,0.042,0.014,71.1,17.3,13.5,4.98,,11.6,,0.311,1736,2,9351,597,602,0.00,4.47,9.16,15,0.94,,,95.52,99.88,0,1.81,1
06/11/2015,17.9,16.8,14.4,14.8,6.66,8.08,2.15,1.05,7.87,7.8,12.84,2.87,2.89,4.33,5,4.91,8.51,840,860,980,106.73,110.26,76.32,1117,57.6,445,14.1,37,1.21,46.1,54.3,0.172,0.005,60.2,17.3,8.05,4.04,,0.114,,0.053,640,24,9531,596,341,0.12,11.30,9.01,15,0.92,1.44,96.83,94.84,96.25,546,3.5,1.02
09/11/2015,17.1,17.7,15.8,19.1,6.66,8,2.05,2.1,8.8,9.01,14.58,3.08,3.13,4.65,5.72,5.88,9.93,870,920,990,98.86,102.11,67.9,1092,47.6,468,25.3,49,0.836,60.5,50.1,0.099,0.004,74.8,12,9.36,4.01,,4.43,,0.093,720,8,9555,596,427,0.10,11.39,9.02,15,0.92,1.54,94.59,95.64,98.89,541,3.95,1.02
10/11/2015,17.8,18.4,17.1,19.5,6.67,8.02,2,1.95,8.42,8.42,14.01,3.12,3.06,4.72,5.3,5.36,9.29,880,910,990,104.51,108.08,70.66,1263,16.6,507,22.5,47.4,1,63.9,56.6,0.13,0.001,81.4,11,10.2,3.79,,4.03,,0.082,1094,4,9497,596,731,0.12,7.13,8.87,14,0.93,2.16,95.56,98.69,99.63,608,2.74,0.95
12/11/2015,17.4,18.8,17.1,19.2,6.88,8.02,2.2,1.95,8.29,8.59,14.4,2.99,3.09,4.68,5.3,5.5,9.72,900,940,990,108.56,109.43,68.75,1106,52.1,389,19.7,32,0.602,50.2,57.8,0.09,0.009,60.7,12.1,7.9,3.52,,1.73,,0.08,882,2,8846,596,1693,0.12,9.52,8.65,14,0.99,2.27,94.94,95.29,99.77,620,3.21,0.95
13/11/2015,17.3,6.72,16.6,18.7,6.72,8.09,1.35,2.05,8.31,8.43,14.24,3.13,3.17,4.94,5.18,5.26,9.3,900,920,990,108.3,109.13,69.52,1129,61.6,332,13,49.6,0.823,58.6,50.8,0.087,0.007,79,9.21,10.2,4.66,,2.37,,0.1,918,52,9071,596,1762,0.09,8.85,8.68,14,0.97,2.77,96.08,94.54,94.34,446,2.37,1.08
16/11/2015,16.8,17.6,15.9,18.7,6.59,8.04,1.5,1.95,8.46,8.42,14.42,2.93,2.91,4.56,5.53,5.51,9.86,880,930,990,104.02,110.45,68.65,1110,62.1,366,25.3,55,0.88,52.1,56.6,0.086,0.006,76.7,12.8,9.22,4.26,,5.02,,0.068,812,46,9230,596,1862,0.12,9.91,8.64,14,0.95,2.22,93.09,94.41,94.33,608,3.59,1.06
17/11/2015,17,17.5,15.7,18.2,7.11,8.08,1.75,1.95,8.47,8.77,13.91,2.91,2.96,4.38,5.56,5.81,9.53,830,910,990,97.99,103.76,71.17,1021,56.5,394,16.9,54.6,0.852,56.2,47.2,0.076,0.008,160,57.7,7.76,3.52,,7.68,,0.08,496,10,8510,596,1781,0.07,17.97,9.15,15,1.03,1.26,95.71,94.47,97.98,434,2.76,0.97
18/11/2015,16.7,17.5,15.7,17.4,7,8.01,2,1.95,8.43,8.19,13.55,2.98,2.93,4.43,5.45,5.26,9.12,790,910,990,93.71,111.11,73.06,1126,40.4,383,16.9,54.9,0.828,49.6,53.2,0.079,0.004,83.2,16,10.8,4.22,,9.2,,0.079,1094,6,8930,596,1849,0.10,7.49,9.06,15,0.99,2.86,95.59,96.41,99.45,541,3.36,0.98
19/11/2015,16.4,17.8,15.7,17.7,6.86,8,2.65,1.95,8.44,8.48,14.08,3.01,3.06,4.54,5.43,5.42,9.54,880,900,990,104.26,106.13,70.31,1082,40.7,490,5.6,56,1.05,60.1,49.2,0.132,0.007,67.3,15.6,10.8,4.59,,7.1,,0.054,996,24,9306,596,1953,0.12,8.03,8.87,14,0.95,2.03,98.86,96.24,97.59,614,3.51,0.97
20/11/2015,17.1,17.6,15.8,18.3,6.78,8,2.1,1.95,7.75,7.79,13.55,2.85,2.87,4.57,4.9,4.92,8.98,880,920,990,113.55,118.1,73.06,1046,41.3,,18,0.737,0.012,68.3,59.7,0.084,0.007,62.3,13.4,7.98,3.16,,0.111,,0.066,486,36,10363,596,2128,0.00,13.58,8.47,14,0.85,,,96.05,92.59,,2.42,0.98
23.11.2015.,15.4,14.6,13.7,15.7,7.12,7.83,2.55,1.9,6.93,6.93,11.53,2.38,2.34,3.65,4.55,4.59,7.88,840,850,990,121.21,122.65,85.86,873,45.2,394,22.5,61.8,1.85,60.3,35.8,0.076,0.003,84.6,13,11.9,2.78,,8.77,,0.081,1398,22,8920,425,1984,0.08,4.89,12.45,20,0.99,3.55,94.29,94.82,98.43,349,1.66,0.65
23.11.2015(2),17.3,15.2,13.7,17.7,8.21,7.87,1.7,2,7.29,7.23,14.1,2.45,2.39,4.27,4.84,4.84,9.83,860,900,990,117.97,124.48,70.21,583,20.5,,,33.9,1.01,70.4,35.9,0.1,0.001,82.7,12.4,6.94,2.92,,7.69,,0.022,202,14,,,,,,,,,,,96.48,93.07,,1.21,0.69
24.11.2015.,15.3,15.1,13.5,14.6,7.12,7.93,1.95,2,7.58,7.69,12.57,2.54,2.58,3.96,5.04,5.11,8.61,860,890,990,113.46,115.73,78.76,1097,69.5,535,19.7,59.1,0.954,56.6,42.9,0.089,0.001,105,16.9,9.58,2.06,,12.2,,0.032,530,228,10135,670,2008,0.13,12.51,7.98,13,0.87,0.99,96.32,93.66,56.98,552,2.8,1.11
24.11.2015.(2),16.3,15.2,13.7,14.5,7.25,7.93,1.8,2.15,8.02,8.2,12.26,2.75,2.76,3.89,5.27,5.44,8.37,890,900,990,110.97,109.76,80.75,1117,44.1,,,46.6,0.625,63.1,43.9,0.127,0.001,65.5,13.2,13.2,2.59,,9.51,,0.056,1162,64,,,,,,,,,,,96.05,94.49,,1.83,0.86
25.11.2015.,15.7,15.3,13.6,14,6.85,7.99,2.75,2,8.59,8.66,13.83,2.91,2.99,4.4,5.68,5.67,9.43,810,920,990,94.29,106.23,71.58,969,49.8,276,25.3,46.7,1.08,56,47.5,0.073,0.007,67.9,13.8,8.72,3,,13.5,,0.065,658,30,10998,622,2063,0.08,10.49,8.82,14,0.80,2.38,90.83,94.86,95.44,355,1.49,0.94
25.11.2015.(2),16.5,15.5,13.6,12.4,7.13,8.11,2.05,1.7,7.78,7.8,13.53,2.62,2.65,4.31,5.16,5.15,9.22,860,890,990,110.54,114.1,73.17,1156,52,,,62.7,0.932,75.8,53.2,0.124,0.002,111,15.7,20.3,3.51,,9.76,,0.081,2218,12,,,,,,,,,,,95.50,99.46,,1.34,0.9
26.11.2015.,15.4,15.2,13.6,11.9,6.8,8.06,2,2,8.35,8.3,14.78,2.83,2.9,4.66,5.52,5.4,10.12,810,820,990,97,98.79,66.98,741,37,1000,5.6,30.2,0.817,53,48.4,0.077,0.005,66.3,18.7,12.3,1.92,,8.37,,0.556,550,28,10686,668,2084,0.09,12.46,7.42,12,0.82,,,95.01,94.91,417,1.99,0.93
26.11.2015.(2),14.8,15,13.8,13.9,8.14,7.93,1.65,1.95,8.5,8.18,12.12,2.92,2.85,3.95,5.58,5.33,8.17,890,910,980,104.71,111.25,80.86,1093,72.1,,,46.8,0.676,51.7,55.4,0.122,0.013,63.8,14.6,11.2,3.22,,8.75,,0.054,866,44,,,,,,,,,,,93.40,94.92,,1.26,0.9
27.11.2015.,15.5,14.9,13.3,16.2,6.96,8,2.2,2,8.98,8.96,14.58,3.14,3.03,4.62,5.84,5.93,9.96,870,870,990,96.88,97.1,67.9,1055,53.4,295,9,57.9,0.919,11.7,11.1,0.079,0.041,78.1,14.6,9.13,2.22,,12.4,,0.059,664,60,10969,426,2033,0.09,10.84,12.71,21,0.80,2.25,96.95,94.94,90.96,406,2.08,0.99
27.11.2015.(2),16,15,13.4,15.4,8.16,7.97,2.05,1.8,8.04,8.07,13.83,2.81,2.72,4.35,5.23,5.35,9.48,850,900,990,105.72,111.52,71.58,1099,35.2,,,69.8,0.639,65.3,49.5,0.162,0.003,96.7,16.2,9.76,3.79,,9.56,,0.053,886,14,,,,,,,,,,,96.80,98.42,,1.24,0.94
28.11.2015.,13.8,14.9,13.4,16.7,6.82,8.08,2.5,2.05,8,7.28,13.77,2.82,2.66,4.47,5.18,4.62,9.3,810,880,1000,101.25,120.88,72.62,1140,38,,,31,1.16,48.6,51.6,0.085,0.006,54.7,14,6.26,2.87,,9.49,,0.027,1026,8,13084,611,1998,,5.01,7.99,13,0.67,,,96.67,99.22,,2.31,0.92
30.11.2015.,14.7,14.7,13.4,17.2,7.1,7.93,1.95,2,8.47,8.68,13.45,2.79,2.87,4.22,5.68,5.81,9.23,870,890,990,102.71,102.53,73.61,1133,38.3,524,16.9,84.2,0.471,57.9,49.3,0.187,0.001,115,16.7,14.6,3.48,,12.4,,0.088,1582,48,9705,596,1680,0.09,4.91,9.41,15,0.91,3.02,96.77,96.62,96.97,451,3.13,0.94
30.11.2015.(2),15,15.2,13.8,15.2,7.04,7.92,1.4,2,7.85,8.44,14.01,2.72,2.85,4.33,5.13,5.59,9.68,860,910,990,109.55,107.82,70.66,506,26.9,,,35.4,0.777,63.8,50.7,0.221,0.006,104,14.7,14,3.66,,8.69,,0.096,1570,10,,,,,,,,,,,94.68,99.36,,1.17,0.91
01/12/2015,15.6,15.4,14.1,17.5,7.19,7.93,1.4,1.95,8.51,8.46,13.36,2.81,2.85,4.2,5.7,5.61,9.16,860,900,980,101.06,106.38,73.35,1058,63.2,406,19.7,50.7,0.474,61.6,45.1,0.098,0.002,67.7,20.7,8.39,3.88,,18.4,,0.109,878,48,9632,210.2,1662,0.08,8.83,26.59,43,0.91,2.16,95.15,94.03,94.53,394,2.21,0.89
01.12.2015. (2),15.7,15.5,14.7,18.6,7.3,8.03,1.5,1.95,8.61,10.63,12.3,2.96,3.48,3.97,5.65,7.15,8.33,890,860,990,103.36,80.9,80.48,936,48.8,,,54.3,0.334,52.7,51.1,0.068,0.002,53.3,19,10,3.71,,17.1,,0.098,716,24,,,,0.00,,,,,,,94.79,96.65,,1.16,0.98
02/12/2015,15.7,15.5,14.8,13.9,7.2,8.03,2.55,2.05,8.6,8.84,12.15,2.89,2.97,3.89,5.71,8.87,8.26,890,910,910,103.48,102.94,74.89,1113,36.2,389,5.6,57,0.639,86.8,50.6,0.27,0.003,86.2,16.4,21,2.8,,17.8,,0.031,1924,42,9617,711,1541,0.05,4.15,8.88,14,0.92,4.95,98.56,96.75,97.82,340,2.28,1.86
02.12.2015 (2),16.3,15.8,15.1,17.9,7.34,7.92,0.75,1.45,8.91,8.95,11.76,3.05,307,3.88,5.86,5.88,7.88,900,920,970,101.1,102.79,82.48,1135,49.7,,,62,0.377,64,55.6,0.064,0.011,85.8,21.6,12.7,3.58,,14.7,,4.4,1444,44,,,,0.00,,,,,,,95.62,96.95,,1.6,0.95
03/12/2015,15.5,15.9,14.5,19.5,7.05,7.94,1.35,2,8.38,8.48,12.58,2.92,2.93,4.65,5.46,5.55,7.93,880,910,980,1058.01,107.31,77.9,925,42.7,344,11.3,10.8,0.309,60,55.8,0.172,0.021,790,23.1,8.44,4.18,,19.1,,0.118,692,21,9512,679,1638,0.07,11.27,8.68,14,0.93,2.01,96.72,95.38,96.97,338,1.21,1.15
03.11.2015. (2),15.7,15,15.9,16.7,7.36,8.09,2.05,1.2,9.78,9.57,13.34,3.33,3.28,4.39,6.45,6.29,8.95,890,880,990,91,91.95,74.21,1065,48.9,,,41.5,0.266,64.9,51,0.137,0.007,60.6,22.8,8.78,4.14,,19.3,,0.058,658,6,,,,0.00,,,,,,,95.41,99.09,,1.39,0.92
04/12/2015,15.5,16.1,14.8,14.7,7.1,7.91,2.15,1.85,8.47,8.43,14.45,3.02,2.92,4.66,5.45,5.51,9.79,850,910,980,100.35,107.95,67.82,1126,43.6,356,5,42.8,0.369,59.9,59.5,0.17,0.003,67.7,22.2,9.6,3.26,,18.3,,0.07,1500,60,9803,594,1746,0.08,5.06,8.66,14,0.90,4.21,98.60,96.13,96.00,385,2.62,1.04
04.12.2015. (2),17,16.2,14.8,17.8,7.2,7.99,2.3,1.9,9.03,8.93,14.84,3.15,3.17,4.82,5.88,5.76,10.02,850,900,990,94.13,100.78,66.71,659,33.2,,,50.4,0.232,51.2,58.1,0.129,0,53.4,15.7,12.8,3.35,,15.7,,0.05,1300,10,,,,0.00,,,,,,,94.96,99.23,,1.17,1.02
05.12.2015.,15.5,16.2,14.7,16.1,7.01,8.06,2.85,1.95,9.02,8.93,15.17,3.2,3.28,5.02,5.82,5.65,10.15,860,900,990,95.34,100.78,65.26,1143,36.3,,,56.4,0.294,47.1,57.4,0.053,0.023,68.1,20.6,11.7,4.19,,14.5,,0.052,1692,8,10183,596,1844,0.00,4.58,8.74,14,0.86,,,96.82,99.53,,3.05,0.95
07/12/2015,15.2,15.7,13.9,13,6.98,8.14,2.55,2,9.02,8.51,15.23,3.12,3.01,4.9,5.9,5.5,10.33,900,920,990,99.78,108.11,65,1095,42.6,383,14.1,18.1,0.274,62.3,56.8,0.128,0.003,8.36,2.83,10.5,3.74,,12.5,,0.072,1102,0,10298,596,1827,0.09,6.80,8.50,14,0.85,2.88,96.32,96.11,100.00,462,3.06,0.94
07.12.2015.(2),15.7,15.7,13.9,12.6,7.39,8.03,2.2,1.89,8.45,8.47,14.49,2.91,2.86,4.6,5.54,5.61,9.89,870,880,990,102.96,103.9,68.32,1005,27.9,,,37.5,0.277,69.5,54.3,0.221,0.006,51.5,3.11,10.6,3.27,,7.27,,0.043,676,12,,,,0.00,,,,,,,97.22,98.22,,1.34,0.96
08/12/2015,15.7,15.5,13.9,15.1,7.7,8.06,1.45,1.95,8.91,8.62,15.26,3.09,3.04,4.8,5.82,5.58,10.46,860,920,990,96.52,106.73,64.88,461,43.6,254,11.3,36.7,0.183,61,57.4,0.161,0.008,56.3,16.2,5.87,2.92,,12.7,,0.034,206,14,10296,596,1751,0.04,36.37,8.48,14,0.85,0.81,95.55,90.54,93.20,214,1.14,0.97
8.12.2015 (2),15.4,15.7,13.9,14.9,7.59,8.03,1.65,2.1,9.17,8.81,14.39,3.12,2.98,4.61,6.05,5.83,9.78,800,920,980,87.24,104.43,68.1,579,24,,,52.6,0.362,67.3,58.3,0.273,0.008,56.9,16.6,13.1,3.06,,11.2,,0.053,1016,6,,,,0.00,,,,,,,95.85,99.41,,1.29,0.98
09/12/2015,17.1,16.3,14.7,13.2,7.6,7.99,1.86,1.98,8.76,8.77,14.89,3.09,3.08,4.9,5.67,5.69,9.99,880,900,990,100.46,102.62,66.49,1135,39.3,462,19.7,46.9,0.532,51,54.5,0.103,0.001,64,0.409,9.03,3.56,,15.9,,0.07,1348,8,10276,596,1769,0.09,5.57,8.69,14,0.86,2.92,95.74,96.54,99.41,445,2.68,0.97
9.12.2015. (2),15.4,15.6,14,15.5,7.52,8.04,1.8,2.1,9.26,8.23,14.52,3.11,2.68,4.52,6.15,5.55,10,870,920,990,93.95,111.79,68.18,1184,32.1,,,48.8,0.365,69.1,66.4,0.175,0.003,66,33.6,10.5,3.73,,10.6,,0.042,932,12,,,,0.00,,,,,,,97.29,98.71,,1.11,1.04
10/12/2015,16,15.5,14.1,15.2,7.04,8,1.7,1.95,8.76,8.36,15.03,3.04,3,4.9,5.72,5.36,10.13,890,930,990,101.6,111.24,65.87,1184,41.3,475,8,47.5,0.271,61.1,48.2,0.891,0.004,115,34.2,17.6,4.91,,14.2,,0.051,1738,10,9913,596,1801,0.06,4.37,8.41,14,0.89,3.66,98.32,96.51,99.42,303,1.7,1.05
10.12.2015. (2),16,15.8,14.2,15.6,7.43,8.1,2,2,9.34,8.9,14.35,3.25,3.06,4.72,6.09,5.84,9.63,860,880,990,92.08,98.88,68.99,496,22.1,,,58.7,0.267,61.3,54.2,0.122,0.002,80.6,12.5,11.7,4.56,,13.3,,0.174,1182,6,,,,0.00,,,,,,,95.54,99.49,,1.11,0.99
11.12.2015.,14.8,15.6,14,12.7,6.98,8.16,2.7,1.95,9.03,8.61,14.81,3.13,3.51,4.78,5.9,5.1,10.03,900,930,990,99.67,108.01,66.85,1135,35.6,423,11.3,35.2,0.241,54.3,55.3,0.09,0.002,42.3,26.2,9.87,5.09,,12.6,,0.052,1256,44,10173,596,1953,0.00,6.07,8.79,14,0.87,2.97,97.33,96.86,96.50,,1.71,0.96
11.12.2015. (2),16.1,15.7,14.1,16.3,7.33,7.93,2.55,2,8.55,8.41,14.38,3.07,2.93,4.67,5.48,5.48,9.71,850,890,990,99.42,105.83,68.85,636,31.5,,,57.3,0.224,55.3,60.3,0.146,0.003,80.7,14,10.9,4.22,,9.49,,0.06,1236,8,,,,0.00,,,,,,,95.05,99.35,,1.14,1.01
12.12.2015.,14.4,15.1,13.5,13.7,7.5,8.18,2.1,1.9,8.73,7.45,14.18,3,2.61,4.54,5.73,4.84,9.64,900,920,990,103.09,123.49,69.82,1336,23.3,,,35.8,0.224,57.4,52.6,0.195,0,44.4,12.3,14.2,3.71,,14.2,,0.046,3174,2,9324,596,1800,0.00,2.41,8.42,14,0.94,,,98.26,99.94,,3.34,0.98
14/12/2015,14.9,14.3,12.4,10.7,7.13,8.16,1.7,2.05,9.21,9,14.53,3.13,3.11,4.69,6.08,5.89,9.84,890,920,990,96.63,102.22,68.13,1163,42.2,468,16.9,40.6,0.354,78.7,64.9,0.554,0.008,64.9,18.5,16.4,3.99,,16.3,,0.044,1510,16,10031,596,1659,0.08,5.29,9.25,15,0.88,3.23,96.39,96.37,98.94,428,2.08,0.95
14.12.2015 (2),15.2,12.7,14.6,11.1,7.5,8.19,2,2.35,8.93,8.65,14.41,3.13,2.86,4.62,5.8,5.79,9.79,880,910,980,98.54,105.2,68,1228,27,,,56.7,0.25,74.7,59.1,0.256,0.006,72.4,15.7,12.8,4.5,,13.1,,0.05,1288,22,,,,0.00,,,,,,,97.80,98.29,,1.17,0.99
15/12/2015,14.5,14.3,12.7,11.3,7.04,6.97,1.85,1.95,9.03,9.56,15.06,3.2,3.32,4.87,5.83,6.24,10.19,850,900,990,94.13,94.14,65.74,1162,51.9,225,2.8,61.4,0.25,49.2,58.8,0.064,0.005,83.8,18.5,11.5,3.99,,18.6,,0.027,980,184,9730,596,1618,0.07,8.58,9.11,15,0.90,4.36,98.76,95.53,81.22,389,3.84,0.9
15.12.2015 (2),6.1,14.4,12.6,10.5,8.23,8.22,2.3,2.2,8.86,9.04,14.76,3.05,3.07,4.73,5.81,5.97,10.03,880,890,990,99.32,98.45,67.07,979,25.2,,,35.5,0.267,61.9,58.9,0.227,0.006,56.4,16.8,8.79,4.32,,15.4,,0.034,462,16,,,,0.00,,,,,,,97.43,96.54,,1.13,0.99
16/12/2015,15.3,14.4,12.8,14.3,7,8.04,2.3,1.9,9.43,9.07,15.67,3.27,3.15,4.93,6.16,5.92,10.74,870,930,1000,92.26,102.53,63.82,1194,51.4,592,16.9,47.6,0.28,47.7,64,0.078,0.006,91.8,18.1,24.4,4.3,,16.1,,0.067,2062,46,9468,596,2281,0.09,4.17,8.72,14,0.93,3.48,97.15,95.70,97.77,513,1.97,1.01
16.12.2015 (2),13.2,14.8,13,10.9,7.5,8.18,2.65,1.45,9.01,8.83,14.57,3.49,3.04,4.62,5.52,5.79,9.95,880,920,990,97.67,104.19,67.95,1087,48.3,,,43.9,0.243,59.8,54.4,0.056,0.004,88.9,16.9,9.87,4.87,,14.1,,0.107,770,2,,,,0.00,,,,,,,95.56,99.74,,2.02,1.01
17/12/2015,16.3,14.6,13,14.3,7.17,8.03,2.2,2.05,2.12,9.87,9.34,3.38,3.32,4.97,6.51,6.02,10.35,890,880,1000,90.17,94.22,65.27,1138,35.3,118,19.7,39.6,0.617,65.7,63.5,0.115,0.007,53.3,19,10.2,3.71,,16.1,,0.057,1010,34,9804,596,1529,0.09,5.33,9.48,15,0.90,8.56,83.31,96.90,96.63,494,2.06,1.07
17.12.2015 (2),14.9,14.6,13,11.9,7.45,8.19,1.55,2.15,8.75,9.25,14.77,3.01,3.2,4.81,5.74,6.05,9.96,880,910,990,100.57,98.38,67.03,1100,37.2,,,38.7,0.262,70.2,58.6,0.06,0.007,58.3,20.8,9.48,3.93,,13.3,,0.058,820,22,,,,0.00,,,,,,,96.62,97.32,,1.26,1.03
18/12/2015,15.5,14.3,12.8,16.4,7.16,8,2.25,1.85,9.77,9.33,15.82,3.35,3.29,5.03,6.42,6.04,10.79,880,930,990,90.07,99.68,62.58,1172,46.5,337,1.7,38.9,0.226,50.3,60.8,1.378,0.009,53.9,19.9,11.1,3.94,,14.7,,0.048,1924,76,9928,596,1688,0.00,4.40,8.91,14,0.89,5.71,99.50,96.03,96.05,,3.34,1.12
18.12.2015 (2),15.9,14.5,12.9,13.7,7.52,8.11,2.6,2.15,8.75,8.25,15.2,3.11,2.92,4.89,5.64,5.33,10.31,890,920,990,101.71,111.51,65.13,1114,37.8,,,51.6,0.237,65.2,63.1,0.099,0.005,61.4,22.7,10.4,4.22,,15.5,,0.058,922,28,,,,0.00,,,,,,,96.61,96.96,,1.24,1.07
19.12.2015.,14.1,14.5,13,14.8,7.03,8.13,2.85,1.85,8.78,8.9,14.99,3.15,3.26,5.03,5.63,5.64,9.96,900,900,990,102.5,101.12,66.04,1146,37.8,,,28,0.237,57.2,56.5,0.07,0.008,55.1,17.9,8.37,4.5,,15.3,,0.055,1428,12,9280,596,1719,0.00,5.87,8.71,14,0.95,,,96.70,99.16,,3.34,0.99
21/12/2015,14.1,14.7,13.2,13.6,6.96,8.05,2.9,2.05,9.11,9.38,14.63,3.21,3.27,4.85,5.9,6.11,9.78,890,920,980,97.69,98.08,66.99,1091,32.4,361,11.3,46.7,0.319,60.9,55.2,0.074,0.008,85.4,20.4,10,3.98,,16.6,,0.088,978,66,10106,696,843,0.10,8.23,7.99,13,0.87,2.71,96.87,97.03,93.25,507,2.55,2.55
21.12.2015(2),14.8,14.7,13.2,13.9,7.52,8.1,1.6,1.85,9.31,8.95,15.39,3.2,3.07,4.9,6.11,5.88,10.49,890,910,990,99.6,101.68,64.33,444,23.7,,,57.4,0.317,74,56.5,0.143,0.005,94.8,23.3,14.9,4.3,,14.9,,0.06,1014,8,,,,0.00,,,,,,,94.66,99.21,,1.19,1.02
22/12/2015,14.6,14.5,13,12.3,7.01,8.05,1.7,2.05,8.83,8.6,14.56,3.05,3.03,4.73,5.78,5.57,9.83,880,910,990,99.66,105.81,67.99,941,27.6,299,8.4,45,0.257,60.5,59.7,0.069,0.007,73.7,28.9,9.3,4.22,,16.9,,0.058,570,100,9079,596,1368,0.07,14.82,8.84,14,0.97,1.91,97.19,97.07,82.46,377,3.3,1.09
22.12.2015(2),15.1,14.9,13.5,15,7.32,8.08,2.3,2.25,9.3,9.47,14.96,3.28,3.31,4.95,6.02,6.16,10.01,860,900,990,92.47,95.04,66.18,1149,36,,,48.2,0.225,72.6,58.5,0.09,0.009,64.9,21,10.2,4.47,,16.5,,0.11,958,24,,,,0.00,,,,,,,96.87,97.49,,1.13,0.99
23/12/2015,14.9,14.7,13.2,16.3,6.9,8,2.2,1.9,9.31,8.82,14.83,3.3,3.17,4.88,6.01,5.65,9.95,870,910,980,93.45,103.17,66.08,1121,41,,,47.3,0.299,52.4,63.1,0.064,0.007,27,19.9,10.6,4.35,,18.9,,0.015,1194,80,9500,596,1532,0.11,7.03,9.03,15,0.93,,,96.34,93.30,603,3.44,1.08
23.12.2015(2),15.5,15,13.7,16.4,7.31,8.01,1.7,2,9.39,9.35,15.25,3.35,3.3,5.02,6.04,6.05,10.23,870,890,990,92.65,95.19,64.92,1016,23.7,,,41.1,0.265,63.1,60.5,0.127,0.008,67.2,16,10.6,4.39,,14.6,,0,1208,14,,,,0.00,,,,,,,97.67,98.84,,1.15,1
24/12/2015,14.7,15,13.5,15.5,6.8,8.03,2.1,1.95,9.27,9.27,15.2,3.3,3.32,5,5.97,5.95,10.2,880,900,1000,94.93,97.09,65.79,1150,32.2,467,11.3,44.5,0.275,65.5,63,0.32,0.006,71.6,16.1,11.4,3.7,,12.9,,0.02,1588,26,9783,595,1637,0.07,5.25,9.02,15,0.90,3.40,97.58,97.20,98.36,349,2.6,1.01
24.12.2015(2),15.3,15.3,13.8,14.8,7.13,8.14,1.8,1.6,9.89,9.53,16.13,3.42,3.3,5.22,6.47,6.23,10.91,880,900,990,88.98,94.44,61.38,1138,30.8,,,54.7,0.241,55.3,57,0.096,0.003,75.6,15.4,9.1,4.07,,9.7,,0.028,1662,6,,,,0.00,,,,,,,97.29,99.64,,1.79,0.96
25/12/2015,15.4,15.2,13.6,19.3,6.73,8.01,1.65,2,9.41,9.18,14.86,3.33,3.26,4.97,6.08,5.92,9.89,870,910,1000,95.18,99.13,67.29,1091,38.7,435,17,62.8,0.955,45.2,61.5,0.06,0.009,37.4,13.7,6.55,3.41,,8.42,,0.022,596,106,9856,596,1667,0.08,13.92,9.24,15,0.89,1.37,96.09,96.45,82.21,421,2.11,1.18
26/12/2015,14.7,14.9,13.3,17,7.12,8.13,1.9,2.1,9.84,9.74,15.15,3.54,3.44,5.06,6.3,6.3,10.09,870,890,1000,88.41,91.38,66.01,1269,27.3,,,49.6,0.34,53.6,56.2,0.077,0.006,47.7,9.6,11.7,2.83,,6.36,,0.02,2594,34,9653,596,1890,0.00,3.44,9.54,15,0.91,,,97.85,98.69,,2.56,0.95
28/12/2015,14.6,14.4,12.6,14.8,6.82,8.03,1.95,2,9.23,9.27,15.42,3.33,3.3,5.08,5.9,5.97,10.34,900,950,990,97.51,102.48,64.2,1090,40.3,501,16.9,31.8,0.35,71.9,52.9,0.363,0.006,69.1,10.9,9.23,2.02,,9.05,,0.009,714,86,9924,596,1047,0.08,11.49,8.86,14,0.89,1.43,96.63,96.30,87.96,428,2.12,1
28.12.2015(2),14.8,14.6,12.6,15.7,7.4,8.09,1.55,2.05,10.5,10.07,16.47,3.63,3.49,5.37,6.87,6.58,11.1,810,890,990,77.14,88.38,60.11,1131,27.2,,,40,0.334,76.6,55,0.119,0.005,49.3,11.2,8.13,2,,9.78,,0.018,398,2,,,,0.00,,,,,,,97.60,99.50,,1.59,0.98
29/12/2015,14.5,14.3,12.5,11,6.74,8.2,1.85,2,9.98,10.02,15.82,3.54,3.52,5.16,6.44,6.5,10.66,910,930,990,91.18,92.81,62.58,1155,23.9,462,16.9,43.8,0.312,60.3,61.3,0.395,0.008,35.7,30,14.6,2.15,,12.5,,0.027,1318,10,9877,596,1228,0.08,6.76,9.33,15,0.89,2.85,96.34,97.93,99.24,484,2.22,0.97
30/12/2015,14.4,14.3,12.6,14,6.91,8.04,1.55,2,9.66,9.57,15.68,3.44,3.46,5.25,6.22,6.11,10.43,900,920,990,93.16,96.13,63.14,1158,35,501,22.5,64.9,0.324,55.2,62.3,0.067,0.004,103,13.8,12.6,2.27,,10.6,,0.03,2648,12,9311,595,1651,0.08,3.43,9.07,15,0.95,5.29,95.51,96.98,99.55,462,2.23,0.93
31/12/2015,13.9,13.9,11.9,16.4,6.83,8.03,2.15,2,8.7,8.68,15.06,3.24,3.21,5.24,5.46,5.47,9.82,900,920,990,103.45,105.99,65.74,924,24.3,411,16.9,36.3,0.259,61.9,58.4,0.128,0.007,53.8,11.2,7.49,2.4,,9.89,,0.025,594,92,8049,626,1842,0.09,15.99,8.11,13,1.09,1.45,95.89,97.37,84.51,518,2.61,1.08
04.01.2016.,12.1,11.6,9.6,11.3,7.47,7.99,1.9,1.95,9.67,9.3,14.57,3.31,3.24,4.82,6.36,6.06,9.75,890,930,990,92.03,100,67.95,1167,20.3,338,2.8,43,0.225,64.8,58.8,0.071,0.002,52.2,29.8,8.14,3.16,,27,,0.003,870,4,6747,596,1438,0.06,9.61,9.61,16,1.30,2.57,99.17,98.26,99.54,496,2.53,1.03
05.01.2016.,12.5,11.5,9.8,11.7,7.4,7.96,1.55,1.95,9.68,9.28,15.1,3.08,4.08,5.39,5.88,5.2,9.71,880,920,990,90.9,99.13,65.56,1108,107,355,8.4,34.6,0.296,67.6,66.2,0.078,0.011,73.3,26.7,7.24,3.43,,23,,0.014,946,136,8741,596,1253,0.09,9.27,9.27,15,1.01,2.66,97.63,90.34,85.62,490,3.48,1.1
06.01.2016.,13.8,12.1,10.7,11.7,7.5,8.05,0.85,2.15,5.07,8.89,14.27,3.26,3.17,4.53,1.81,5.72,9.74,470,910,990,92.7,102.36,69.38,1228,68.7,625,16.9,67.2,2.52,62.5,66.6,0.122,0.005,69.7,27.9,14.7,3.4,,25.9,,0.013,2616,130,10825,656,1281,0.17,6.56,6.56,11,0.81,4.19,97.30,94.41,95.03,524,3.98,1.13
08.01.2016.,12.8,11.7,10.4,12.5,7.37,7.97,0.4,1.8,9.39,9.6,14.71,3.33,3.45,4.91,6.06,6.15,9.8,930,940,980,99.04,97.92,66.62,1093,42,509,3.7,63.8,5.37,71.3,58.6,0.357,0.012,113,18.2,13.10,3.4,,8.59,,0.905,888,52,14303,596,1723,0.12,9.53,9.53,15,0.62,1.74,99.27,96.16,94.14,453,3.24,0.9
11.01.2016.,13.7,12.3,11.5,17.3,6.97,7.92,0.3,2.05,9.8,10.22,16.1,3.3,3.38,5.14,6.5,6.84,10.96,950,950,990,96.94,92.95,61.49,1175,44.9,541,39.4,72.5,4.01,63.3,48.2,0.107,0.004,122,12,13.7,4.88,,5.24,,0.491,2564,12,14869,595,1960,0.12,9.20,9.20,15,0.59,4.74,92.72,96.18,99.53,479,2.84,0.77
12.01.2016.,12.1,13.2,12.8,10.9,7.35,8.01,0.6,2,7.9,8.1,16.67,2.9,2.97,5.51,5,5.13,11.16,880,900,990,111.39,111.11,59.39,572,23.8,344,19.7,19.3,3,46.7,53.9,0.071,0.01,40.5,9.2,6.88,4.97,,0.873,,0.261,108,28,10450,596,2000,0.06,7.09,7.09,12,0.84,0.31,94.27,95.84,74.07,237,0.57,0.75
13.01.2016.,13.8,13.5,12.5,15.4,6.8,8.04,0.4,2,10.25,10.28,15.7,3.45,3.48,5.1,6.8,6.8,10.6,940,900,990,91.71,87.55,63.06,1138,40.4,670,16.9,55.9,2.02,56.3,50.4,0.124,0.001,68.7,8.02,10.2,3.97,,1.68,,0.297,1624,26,9440,596,1961,0.03,9.65,9.65,16,0.93,2.42,97.48,96.45,98.40,186,2.85,0.79
14.01.2016.,13.7,13.5,12,12.4,7.19,8.04,0.4,1.9,10.44,10.68,15.78,3.61,3.7,5.18,6.83,6.98,10.6,930,950,990,89.08,88.95,62.74,1088,35.3,377,28.1,37.8,5.88,55.2,50.6,0.06,0.011,59.4,11.4,7.62,6.07,,1.35,,0.257,768,64,8805,596,2025,0.07,9.88,9.88,16,1.00,2.04,92.55,96.76,91.67,488,2.64,0.96
15.01.2016.,12.1,13.5,12.3,12,7.33,8.04,0.2,1.5,9.87,10.15,15.46,3.65,3.72,5.42,6.22,6.43,10.04,940,950,990,95.23,93.6,64.03,1084,36.1,509,24,35.7,6.85,48.7,51,0.12,0.009,58,11.5,8.24,2.03,,2.84,,0.299,756,168,8447,595,2061,0.07,9.58,9.58,16,1.04,1.49,95.28,96.67,77.78,444,3.77,1.04
18.01.2016.,13.5,11.7,16.7,11.1,6.84,8.03,0.4,1.5,10.93,10.95,16.23,3.84,3.86,5.45,7.09,7.09,10.78,900,910,990,82.34,83.1,61,1110,34.6,479,22.5,50,2.94,71.7,61.9,0.172,0.01,66.3,12.1,10.1,3.65,,5.64,,0.374,226,24,,522,2096,0.00,11.36,11.36,18,,0.47,95.30,96.88,89.38,462,2.76,0.93
19.01.2016.,13.1,11.7,10.01,10.3,6.09,8.19,0.4,1.9,10.34,10.56,16.83,3.46,3.69,5.65,6.88,6.87,11.18,940,950,990,90.91,89.92,58.82,1122,39.3,270,3.9,70.4,2.59,79.9,40.4,0.09,0.005,80.2,11.7,12.3,2.15,,6.6,,0.236,626,14,8789,596,2217,0.04,9.17,9.17,15,1.00,2.32,98.56,96.50,97.76,287,2.94,0.93
20.01.2016.,13.7,11.8,9.7,12.2,7.11,8.14,3.8,1.95,10.79,10.61,17.35,3.77,3.81,5.79,7.02,6.8,11.56,880,910,990,81.56,85.77,57.06,1083,29.5,496,22.5,53.3,1.33,73,54.7,0.123,0.086,88.8,14.7,9,6.94,,10.9,,0.078,62,16,7731,596,2319,0.08,9.11,9.11,15,1.14,0.13,95.46,97.28,74.19,597,3.42,0.95
21.01.2016.,12.1,11.7,9.9,10.8,7.1,8.04,0.65,1.95,10.58,10.9,17.26,3.78,3.78,5.73,6.8,7.12,11.53,890,920,990,84.12,84.4,57.36,1394,33.9,263,10,55.8,4.86,53.3,62,0.086,0.001,18.3,7.87,8.51,2.33,,1.94,,0.383,802,6,4579,596,2235,0.03,9.19,9.19,15,1.92,3.05,96.20,97.57,99.25,456,2.19,0.98
22.01.2016.,12.1,11.5,9.7,12,7,8.18,0.7,1.95,9.94,9.99,15.77,3.66,3.87,5.67,6.28,6.12,10.1,930,950,990,93.56,95.09,62.78,1084,50.3,130,2.7,61.9,1.25,79,61.8,0.131,0.016,84.7,20.7,10.7,1.58,,15.9,,0.311,334,18,2900,295,2560,0.02,18.85,18.85,31,3.03,2.57,97.92,95.36,94.61,444,1.9,0.95
25.01.2016.,12,11.8,10.5,12.4,7.14,8.03,4.7,1.9,8.64,9.08,13.84,3.12,3.22,4.63,5.52,5.86,9.21,910,920,990,105.32,101.32,71.53,548,34.7,270,22.5,35.8,0.204,71.1,83.1,0.118,0.009,94.1,36.7,6.52,1.44,,10.03,,0.109,892,10,8664,662,2054,0.07,8.51,8.51,14,1.02,3.30,91.67,93.67,98.88,394,1.96,1.02
26.01.2016.,12.5,12.2,11.5,12.9,7.32,8.04,0.6,1.9,11.4,11.19,15.13,4.06,3.97,5.07,7.34,7.22,10.06,960,980,990,84.21,87.58,65.43,1139,32.8,349,16.9,48.5,1.18,71.7,69,0.278,0.008,95.5,21.9,11.9,0.852,,11.4,,0.43,1074,112,7875,597,2024,0.04,11.00,11.00,18,1.12,3.08,95.16,97.12,89.57,361,2.9,1.16
27.01.2016.,13.7,12.7,11.5,13,7.14,7.99,0.3,1.9,11.02,10.78,16.9,3.98,3.82,5.75,7.04,6.96,11.5,940,980,990,85.3,90.91,58.58,1123,34.7,445,11.3,44.7,0.227,66.1,65.2,0.125,0.008,38.7,16.1,13.9,1.23,,0.42,,0.302,1234,406,7559,595,1949,0.07,9.54,9.54,15,1.16,2.77,97.46,96.91,67.10,552,4.26,0.56
28.01.2016.,13.4,13.2,11.9,15,7.31,8.04,3.7,1.9,10.72,10.89,17.1,3.9,3.93,5.56,6.82,6.96,11.54,950,960,990,88.62,88.15,57.89,1223,40.3,420,11,35.8,0.872,64.1,62,0.118,0.008,89.4,19.1,11.7,0.808,,7.8,,0.452,1426,50,7636,596,2079,0.06,9.33,9.33,15,1.15,3.40,97.38,96.70,96.49,441,4.45,1
29.01.2016.,13.7,13.8,12.8,8.6,7.4,8.18,1.85,1.85,10.96,10.99,17.15,3.97,3.97,5.85,6.99,7.02,11.3,940,950,990,85.77,86.44,57.72,1236,36,535,19.7,68,1.27,68.2,62.9,0.169,0.007,102,20.6,14,1.1,,9.12,,0.394,2532,18,8464,596,1894,0.06,9.45,9.45,15,1.04,4.73,96.32,97.09,99.29,459,3.14,1.04
02.02.2016.,13.6,14.2,12.4,11.9,7.1,8.02,2.6,1.95,10.93,11.38,16.88,3.92,3.99,5.73,7.01,7.39,11.15,940,950,990,86,83.48,58.65,1092,32.1,483,25.3,46.2,0.982,81.3,62.7,0.11,0.003,78.7,15.1,9.43,1.79,,10.9,,0.047,1102,8,8674,596,1978,0.05,9.76,9.76,16,1.01,2.28,94.76,97.06,99.27,394,2.12,0.95
03.02.2016.,14.4,15,14.1,14.1,7.07,8.03,2.25,1.95,10.7,10.67,16.47,10.7,10.67,16.47,6.86,6.8,10.88,940,950,990,87.85,89.03,60.11,1037,34.2,248,8.4,2.2,0.182,67.3,64,0.125,0.001,82.3,19.6,8.57,1.88,,0.651,,0.077,844,64,8188,595,1808,0.06,9.60,9.60,16,1.07,3.40,96.61,96.70,92.42,451,2.5,0.95
04.02.2016.,12.4,13.3,12.7,9.6,7.04,8.29,5.4,1.9,9.46,8.95,16.43,3.4,3.24,5.56,6.06,5.71,10.87,880,950,990,93.02,106.15,60.26,1117,45,372,11.3,44.1,0.39,81.1,74.2,0.234,0.002,60.9,5.52,2.25,2.05,,7.82,,0.187,1498,28,4411,596,1665,0.02,8.27,8.27,13,2.00,4.03,96.96,95.97,98.13,186,0.81,0.8
05.02.2016.,13.2,13.2,11.9,9.9,7.2,8.21,2.3,1.9,10.28,10.35,16.25,3.81,3.78,5.75,6.47,6.57,10.5,880,890,990,85.6,85.98,60.92,893,32.5,381,13,44.7,0.243,71.7,71.1,0.163,0.021,49.5,17,9.11,2.36,,12.4,,0.022,518,2,8230,596,1970,0.08,9.37,9.37,15,1.07,1.36,96.59,96.36,99.61,524,2.97,0.88
08.02.2016.,13.1,13.4,12.3,12,7.29,8.23,2.45,1.9,10.21,11.04,16.22,3.8,3.93,5.64,6.41,7.11,10.58,930,970,990,91.08,87.86,61.03,967,26.3,389,25.3,51.3,0.389,64.1,59.9,0.068,0.002,81.8,18.5,7.51,1.71,,0.012,,12.3,610,50,8758,596,1985,0.09,9.67,9.67,16,1.00,1.57,93.50,97.28,91.80,614,2.95,0.98
08.02.2016. (2),14.2,13.8,12.8,16.2,7.38,8,2.55,1.85,10.81,10.56,16.31,3.87,3.81,5.58,6.94,6.75,10.73,950,920,990,87.88,87.12,60.7,1115,34.3,,,54.7,0.23,60.9,51.3,0.029,0.006,95.6,19.7,11.1,1.92,,14.9,,0.037,2504,26,,,,,,,,,,,96.92,98.96,,1.9,1.01
09.02.2016.,13.5,14,13.3,16.5,6.97,8.01,2.8,2.1,9.83,10.62,15.98,3.61,3.76,5.46,6.22,6.86,10.52,920,950,990,93.59,89.45,61.95,1208,38.2,563,11.3,61.7,0.301,71.4,60.9,0.357,0.011,66.9,20.6,16.4,1.71,,16.7,,0.043,2516,106,9098,596,1956,0.01,9.45,9.45,15,0.97,4.47,97.99,96.84,95.79,84.5,1.87,1.08
09.02.2016.(2),13.5,14.4,13.8,18.2,7.41,8.03,2.53,1.85,9.87,11.15,16.6,3.58,4.02,5.71,6.29,7.13,10.89,880,900,990,89.16,80.72,59.64,1120,34.6,,,66.1,0.6,69.5,66.3,0.108,0.007,84.1,18.6,11.1,2.33,,19.9,,0.273,1426,20,,,,,,,,,,,96.91,98.60,,1.56,1.04
10.02.2016.,14.2,14.5,13.8,13.8,6.9,8.24,3.25,1.9,10.26,10.43,16.65,3.71,3.83,5.72,6.55,6.6,10.93,900,890,990,87.71,85.33,59.46,1157,16.9,546,16.9,55.2,0.392,65.3,63.9,0.169,0.007,55.7,3.23,10.4,3.69,,12.4,,0.08,506,2,14385,596,1825,0.12,9.17,9.17,15,0.61,0.93,96.90,98.54,99.60,490,3.57,1
10.02.2016. (2),12.6,14.4,13.7,15.2,7.33,8.08,0.7,1.6,9.68,9.9,17.19,3.56,3.64,5.94,6.12,6.26,11.25,900,920,990,92.98,92.92,57.59,1101,38.3,,,57.8,0.288,61.9,64.6,0.069,0.007,70.7,16.8,10.8,1.96,,11.4,,0.177,1516,24,,,,,,,,,,,96.52,98.42,,1.11,1.01
11.02.2016.,13.2,13.8,12.7,15,6.99,7.96,3.15,1.9,10.39,10.73,15.81,3.64,3.87,5.45,6.75,6.86,10.36,930,950,990,89.51,88.54,62.62,1149,44,490,8.4,50.9,0.396,66.5,61.7,0.133,0.008,92.5,16.4,11.1,1.93,,12.9,,0.09,1162,42,8340,596,1827,0.05,9.86,9.86,16,1.06,2.37,98.29,96.17,96.39,354,3.1,1.06
11.02.2016.(2),13.4,14.2,12.9,16.7,7.51,8.02,1.65,2.15,10.77,10.2,15.84,3.79,3.65,5.34,6.98,6.55,10.5,920,950,990,85.42,93.14,62.5,588,27.2,,,45.3,0.234,73.6,61.5,0.078,0.007,50.5,12.3,8.96,1.94,,10.6,,0.07,290,12,,,,,,,,,,,95.37,95.86,,1.07,0.95
12.02.2016.,13.3,13.7,12.9,13.1,7.04,8.09,2.9,2.2,10.06,10.44,15.66,3.63,3.74,5.36,6.43,6.7,10.3,930,960,990,92.74,91.95,63.21,1180,30.1,,,66.9,0.284,65.8,71.8,0.112,0.007,68.9,14.9,27.4,1.9,,12.4,,0.03,1786,80,9017,596,1965,0.00,9.66,9.66,16,0.98,,,97.45,95.52,,2.89,0.96
12.02.2016.(2),13.3,14,12.7,13.4,7.34,8.01,1.8,2.05,9.86,10.18,15.61,3.75,3.88,5.63,6.11,6.3,9.98,910,940,990,92.29,92.33,63.42,1132,32.1,597,17,78.2,0.307,61,58.9,0.072,0.001,107,15.3,12.2,2.57,,11.2,,0.064,1798,,,,,,,,,,3.01,97.15,97.16,100.00,361,1.52,0.92
17.02.2016.,13.1,13.3,12.7,13,6.95,7.91,2.15,2.1,10.33,10.34,16.62,3.55,3.52,5.45,6.78,6.82,11.17,940,950,990,91,91.88,59.57,766,26.6,400,16.9,44.7,1.36,65.9,49.9,0.091,0.003,81.7,26.1,8.51,1.28,,9.64,,0.077,396,178,9012,596,2223,0.08,9.18,9.18,15,0.98,0.99,95.78,96.53,55.05,563,2.63,0.8
17.02.2016.(2),12.5,13.7,13,15.2,7.49,7.89,0.45,1.6,10.29,10.08,16.77,3.61,3.48,5.53,6.68,6.6,11.24,920,930,990,89.4,92.26,59.03,1161,23,,,63.8,0.272,65.8,50.5,0.133,0.003,77.2,10.8,11.3,1.07,,7.62,,0.054,938,6,,,,,,,,,,,98.02,99.36,,2.89,0.63
18/02/2016,12.8,13.9,13.2,13.9,7.1,7.94,2.15,1.8,10.14,10.55,15.98,3.62,3.75,5.18,6.52,6.8,10.8,950,950,990,93.69,90.05,61.95,1137,34,614,3.9,70.3,0.308,67.8,58.9,0.073,0.006,73.9,45.1,13.2,0.822,,12.5,,0.037,1720,60,11555,596,1506,0.10,9.56,9.56,16,0.76,2.80,99.36,97.01,96.51,501,1.35,0.77
18.02.2016.(2),13.2,14,13.4,15.6,7.34,7.91,1.35,1.95,10.81,10.81,17.02,3.86,3.83,5.7,6.95,6.98,11.32,910,940,990,84.18,86.96,58.17,410,32.8,,,20.8,0.027,82,66.9,0.033,0.007,33.1,49.48,13.5,0.857,,11.7,,0.022,952,6,,,,,,,,,,,92.00,99.37,,1.35,80
19.02.2016.,11.8,13.7,12.4,14.4,7.16,7.96,1.95,1.92,9.48,9.54,16.71,3.32,3.34,5.52,6.16,6.2,11.19,890,920,990,93.88,96.44,59.24,1124,23.6,321,2.3,25.8,0.261,52.6,63,0.08,0.006,57.5,18.1,7.8,1.04,,15.6,,0.002,736,144,6130,596,1898,0.03,8.40,8.40,14,1.44,2.29,99.28,97.90,80.43,248,2.27,0.87
19.02.2016.(02),12.1,13.6,12.7,12.7,7.53,8,2.85,2.25,1.02,12.52,11.31,4.52,4.13,5.75,8,7.18,10.41,750,840,990,59.9,74.27,61.26,1162,42.8,,,41.9,0.103,71.9,61.7,0.095,0.006,84.7,12.7,11.3,1.64,,13.2,,0.137,122,24,,,,,,,,,,,96.32,80.33,,1.54,0.81
22.02.2016.,13.8,14.1,13.1,14.7,7.31,7.96,1.75,1.9,10.92,10.7,16.25,3.82,3.87,5.43,7.1,6.83,10.82,930,950,990,85.16,88.78,60.92,1176,31.3,455,7,55,0.139,79.5,65.3,0.114,0.013,81.2,18.3,12.3,1.65,,12,,0.109,2098,230,8332,596,1582,0.07,9.82,9.82,16,1.06,4.61,98.46,97.34,89.04,488,3.81,0.56
22.02.2016.(2),15.5,14.6,13.7,16.7,7.34,8.01,1.35,1.85,10.54,10.75,16.68,3.79,3.83,5.7,6.75,6.92,10.98,920,940,990,87.29,87.44,59.35,1249,22.8,,,63.88,0.196,69.4,62.9,0.128,0.001,91.1,12.6,13.6,1.55,,11.9,,0.255,1696,42,,,,,,,,,,,98.17,97.52,,1.29,0.95
23.02.2016.,13.9,14.8,13.7,15.6,6.91,8.01,1.6,1.95,10.47,10.78,16.05,3.82,3.89,5.6,6.65,6.89,13.45,910,950,990,86.91,88.13,61.68,1180,30.6,304,5.6,62.2,0.236,60.5,66.4,0.113,0.004,91.1,19.4,13.1,1.7,,15.1,,0.017,1722,124,11511,596,1887,0.09,9.77,9.77,16,0.76,5.66,98.16,97.41,92.80,490,3.09,1.04
23.02.2016.(2),13.4,14.8,14.7,15.7,7.53,7.91,3.1,2,10.81,10.83,16.26,3.96,3.93,5.63,6.85,6.9,10.63,920,910,990,85.11,84.02,60.88,931,18.9,,,27.8,0.098,65.6,64.4,0.114,0.005,69.2,13.9,10.3,1.46,,14.3,,0.003,334,10,,,,,,,,,,,97.97,97.01,,1.2,0.96
24.02.2016.,12.4,14.2,13.7,14.7,6.95,7.99,2.65,2,8.79,8.92,16.55,3.35,3.38,5.6,5.44,5.54,10.95,890,940,990,101.25,105.38,59.82,885,27.4,361,2.8,42.1,0.23,54.2,63.2,0.079,0.027,70.7,18,7.61,1.82,,15.3,,0.021,496,0,8929,596,1902,0.08,7.90,7.90,13,0.99,1.37,99.22,96.90,100.00,439,1.58,0.91
24.02.2016(2),13.2,14.2,13.4,14.4,7.55,7.94,2.65,2,9.91,9.72,16.8,3.58,3.62,5.77,6.33,6.1,11.03,900,940,990,90.82,96.71,58.93,953,22.5,,,53.4,0.204,60.8,56.6,0.134,0.005,63.4,12,10,1.79,,14.6,,0.017,836,28,,,,,,,,,,,97.64,96.65,,1.22,0.88
25.02.2016.,13.1,13.9,12.7,15.2,7.07,7.92,2.7,1.8,10.31,10.4,16.48,3.81,3.83,5.74,6.5,6.57,10.74,920,950,990,89.23,91.35,60.07,1098,27.9,349,3.7,61.8,0.306,64.1,58.1,0.069,0.017,146,15.5,10.4,2.46,,16.9,,0.009,760,10,17176,596,1997,0.14,9.28,9.28,15,0.51,2.18,98.94,97.46,98.68,473,3,0.85
25.02.2016.(2),14.5,14,12.7,15.7,7.37,8.02,1,2.2,12.3,12,17.97,4.25,4.21,6.01,8.05,7.79,11.96,920,950,990,74.8,79.17,55.09,1167,25.3,,,53.9,0.246,62.5,54.2,0.121,0.009,62.1,13,11.9,2.46,,17.4,,0.017,1434,8,,,,,,,,,,,97.83,99.44,,1.49,0.94
26.02.2016.,11.4,12.1,12.1,12.2,7.02,7.86,2.95,1.8,7.49,7.85,16.53,2.58,2.73,5.46,4.91,5.12,11.07,860,880,990,114.82,112.1,59.89,1115,29.7,554,3.7,37.3,0.309,67.7,44.3,0.104,0.007,62.9,15.3,10.6,2.82,,14,,0.226,1070,78,8855,596,1810,0.05,6.85,6.85,11,0.99,1.93,99.33,97.34,92.71,237,0.72,0.74
26.02.2016.(2),12.4,12.3,11.6,13.4,7.64,7.8,1.95,2.1,8.85,8.51,16.08,3.18,3.06,5.57,5.67,5.45,10.51,880,920,990,99.43,108.11,61.57,1153,16.6,,,42.9,0.22,56.6,42.1,0.144,0.003,61.6,12.7,9.23,2.37,,11.5,,0.064,672,14,,,,,,,,,,,98.56,97.92,,1.36,0.64
29.02.2016.,13.9,13.8,13.1,14.7,6.94,7.97,1.95,2,10.72,10.95,16.95,3.76,3.87,5.68,6.96,7.08,11.17,910,950,990,84.89,86.76,58.75,913,19.6,479,25.3,31,0.236,69.6,64.5,0.15,0.004,60.7,16,8.31,1.59,,18,,0.048,528,14,17004,596,2126,0.13,9.44,9.44,15,0.52,1.10,94.72,97.85,97.35,484,2.54,0.91
01.03.2016.,12.2,13.1,13,13.8,6.92,7.81,2.65,2,8.32,8.65,17.32,2.9,3.06,5.7,5.42,5.59,11.62,800,830,990,96.15,95.95,57.16,746,14.8,321,14.1,30.5,0.365,56.5,47.5,0.133,0.008,89.8,12.5,8.1,1.64,,5.42,,0.124,1762,12,9083,596,2005,0.04,7.23,7.23,12,0.97,5.49,95.61,98.02,99.32,231,0.62,0.62
01.03.2016. (2),15.3,13.3,13,13.8,7.33,7.78,2.65,2.1,8.62,8.5,16.87,3.01,3.08,5.58,5.61,5.42,11.29,860,890,990,99.77,104.71,58.68,1129,22.6,,,35.8,0.185,62.7,58.1,0.022,0.002,57.1,13.3,10.6,2.42,,8.7,,0.222,1532,22,,,,,,,,,,,98.00,98.56,,1.06,0.58
02.03.2016.,12.9,13.3,12.2,14.9,7.02,7.73,2,2,9.79,9.81,15,3.56,3.58,5.18,6.23,6.23,9.82,910,950,990,92.95,96.84,66,1127,27.1,301,25.3,52.1,0.292,66.9,48.3,0.13,0.009,78.9,13.3,10.5,2.61,,13.7,,0.027,1280,4,8179,596,2158,0.09,9.65,9.65,16,1.08,4.25,91.59,97.60,99.69,597,4.18,0.7
02.03.2016.(2),13.1,13.7,12.7,19.3,7.6,7.78,2.15,2.1,9.24,9.64,15.04,3.32,3.44,5.13,5.92,6.2,9.91,910,930,990,98.48,96.47,65.82,642,28.8,,,46,0.191,76.2,58.6,0.108,0.018,66.5,10.3,6.25,2.32,,12.8,,0.028,234,4,,,,,,,,,,,95.51,98.29,,1.23,0.74
03.03.2016.,12.7,13.4,12.1,13.4,7.1,7.8,1.7,2.05,9.98,10.03,15.49,3.61,3.57,5.32,6.37,6.46,10.17,910,950,990,91.18,94.72,63.91,878,22.7,451,1.2,61.7,0.233,69.4,58.1,0.137,0.004,83.2,13,11.9,2.46,,9.47,,0.038,1132,28,9009,596,2192,0.07,9.54,9.54,15,0.98,2.51,99.73,97.41,97.53,428,2.01,0.83
03.03.2016.(2),13.5,14.8,12.7,17.4,7.53,8.08,2.8,1.95,9.92,9.81,14.87,3.51,3.4,5.13,6.41,6.41,9.74,900,960,990,90.73,97.86,66.58,885,34.3,,,48.2,0.272,74,58.2,0.078,0.015,63.9,15.9,7.49,2.88,,13.5,,0.02,440,10,,,,,,,,,,,96.12,97.73,,1.28,0.83
04.03.2016.,9.7,13.7,12.7,14.3,6.89,7.85,1.3,2.15,8.7,8.63,17,3.12,3.09,5.86,5.59,5.54,11.14,790,890,990,90.8,103.13,58.24,819,43.1,295,3,24.5,0.162,39.3,55.2,0.686,0.008,43.8,16.9,5.72,6.06,,13.9,,0.083,752,6,8457,596,2114,0.05,7.53,7.53,12,1.04,2.55,98.98,94.74,99.20,306,1.18,0.93
04.03.2016.(2),12.5,12.5,12.7,15,7.49,7.83,2.15,1.9,7.2,7.25,15.63,2.7,2.74,5.51,4.5,4.51,10.12,840,860,990,116.66,118.62,63.34,1119,32.7,,,36.6,0.251,77.4,52.8,0.129,0.003,53.2,14.2,11.3,4.88,,18.1,,0.023,774,2,,,,,,,,,,,97.08,99.74,,0.76,0.74
07.03.2016.,13.3,14.2,13.3,15.6,7.15,7.87,2.4,1.95,9.67,10.36,15.24,3.51,3.71,5.23,6.16,6.65,10.01,910,940,990,94.1,90.73,64.96,1090,40,394,5.6,36,0.259,72.6,59.5,0.103,0.015,85.7,17.7,8.59,4.23,,14.3,,0.102,776,58,8360,596,2209,0.08,9.70,9.70,16,1.05,1.97,98.58,96.33,92.53,541,2.92,0.94
07.03.2016.(2),15.3,14.6,13.7,16.9,7.28,7.88,2.25,2.2,9.91,9.88,16.19,3.51,3.49,5.45,6.4,6.39,10.74,900,930,990,90.82,94.13,61.15,1155,37.2,,,74,0.824,72.3,59.1,0.102,0.006,94.6,13.7,12.5,4.08,,9.05,,0.078,2374,28,,,,,,,,,,,96.78,98.82,,1.28,0.87
08.03.2016.,13.2,14.6,12.6,19.8,7.08,7.85,2.6,1.95,10.46,10.3,14.93,3.68,3.6,5.17,6.78,6.7,9.76,910,960,990,87,93.2,6.31,995,33.9,406,19.7,42,0.323,58.6,61.9,0.164,0.006,76.1,10.1,8.48,3.7,,11.2,,0.058,692,58,8252,596,2278,0.03,10.27,10.27,17,1.07,1.70,95.15,96.59,91.62,200,1.91,0.91
09.03.2016.,13.4,14.2,13.1,15.7,7.7,7.92,1.5,2.05,10.14,10.25,14.79,3.68,3.67,5.11,6.46,6.58,9.68,940,950,990,92.7,92.68,66.94,1164,43.4,473,25.3,50,12.6,20.3,12.4,0.095,0.001,48.3,17,9.38,4.02,,0.18,,0.031,1530,36,8503,596,2189,0.08,10.18,10.18,17,1.03,3.23,94.65,96.27,97.65,507,3.25,0.95
09.03.2016.(2),13.4,14.6,13.7,18.6,7.45,7.87,1,1.85,9.91,9.86,15.56,3.52,3.56,5.41,6.39,6.3,10.15,920,940,990,92.83,95.34,63.62,1070,35.8,,,54.3,0.242,80.1,62.7,0.111,0.007,85,16.6,10.2,2.59,,11.4,,0.04,970,30,,,,,,,,,,,96.65,96.91,,2.14,0.93
10.03.2016.,13.2,14.4,13.1,12.6,7.55,8.09,2,1.9,10.59,10.52,16.02,3.88,3.84,5.58,6.71,6.68,10.44,900,950,990,84.99,90.3,61.8,1119,62,315,8.4,71.3,1.29,66.7,65.8,0.098,0.008,91.4,16.3,12.3,2.56,,14.3,,0.016,1950,12,10164,596,2186,0.09,9.73,9.73,16,0.87,6.19,97.33,94.46,99.38,518,4.08,1.07
10.03.2016.(2),13.5,14.6,13.7,14.3,7.49,8.05,2.3,1.85,10.03,10,16.24,3.56,3.65,5.34,6.47,6.35,10.9,900,940,990,89.73,94,60.96,1009,36.6,,,52.5,0.178,70.4,65.4,0.116,0.001,68.8,15.1,8.2,3.06,,11.9,,0.028,688,22,,,,,,,,,,,96.37,96.80,,1.13,0.94
11.03.2016.,13,14.4,13.8,15,7.04,7.9,2.4,1.9,9.15,9.17,15.64,3.43,3.43,5.58,5.72,5.74,10.06,890,930,990,97.27,101.42,63.3,810,40.3,306,18,60.9,0.261,63.8,59.5,0.106,0.009,75.1,14.5,11.7,2.02,,11.6,,0.043,476,6,8567,596,2041,0.05,8.65,8.65,14,1.03,1.56,94.12,95.02,98.74,321,2.05,0.9
11.03.2016.(2),14.1,14.7,14.1,15.7,7.61,7.97,2.5,1.95,11.78,11.53,16.17,4.34,4.22,5.74,7.44,7.31,10.43,810,820,990,68.76,71.12,61.22,1154,20.9,,,50,0.319,68.4,58.6,0.183,0.009,88.9,10.9,13.7,2.79,,10.8,,0.076,1108,32,,,,,,,,,,,98.19,97.11,,1.38,0.91
14.03.2016.,13.8,14.5,13.4,15.1,7.14,7.89,3.4,1.95,10.23,10.32,15.68,3.72,3.69,5.36,6.51,6.63,10.32,900,950,990,87.98,92.05,63.14,1095,30.5,321,25.3,62.6,0.342,69.3,65.1,0.198,0.002,116,15.9,15.1,2.93,,9.75,,0.048,1030,100,5304,596,2139,0.06,,9.68,16,1.66,3.21,92.12,97.21,90.29,631,3.73,1.07
14.03.2016.(2),13.3,14.9,13.7,14.4,7.59,7.86,1.3,2,9.94,10.17,16.54,3.52,5.57,5.69,6.42,4.6,10.85,910,940,990,91.55,92.43,59.85,664,41.9,,,48.5,0.292,42.2,21.4,0.142,0.018,69.6,13.2,7.32,3.12,,11,,0.044,244,20,,,,,,,,,,,93.69,91.80,,2.22,0.95
15.03.2016.,13.3,14.3,12.9,14.1,7.09,7.89,2.25,1.85,9.82,10.06,15.37,3.65,3.64,5.33,6.17,6.42,10.04,920,920,990,93.69,91.45,64.41,1056,27.4,462,22.5,5.78,0.339,72.8,71.3,0.099,0.007,87.1,15,22.6,2.78,,12.8,,0.019,1104,54,2718,596,2020,0.02,9.55,9.55,16,3.24,2.39,95.13,97.41,95.11,490,3.04,0.9
15.03.2016.(2),13.7,14.5,13.7,13.9,7.46,7.89,0.5,2.05,10.07,9.95,15.82,3.61,3.58,5.41,6.46,6.37,10.41,910,930,990,85.04,93.46,62.58,916,40.1,,,34.6,0.748,81.6,39.3,0.094,0.007,76.8,14.4,8.2,3.16,,10.2,,0.086,610,60,,,,,,,,,,,95.62,90.16,,2.21,1
16.03.2016.,13.1,14.1,12.9,14.5,6.97,8.04,2.9,2,10.12,10.07,15.3,3.7,3.7,5.3,6.42,6.37,10,920,940,990,90.91,93.35,64.71,846,45.6,344,19.7,46.3,0.272,77.3,65.9,0.181,0.01,78.1,18,9.6,2.75,,16,,0.043,476,14,7283,596,2145,0.06,9.74,9.74,16,1.21,1.38,94.27,94.61,97.06,468,3.7,1.01
16.03.2016.(2),14.1,14.5,13.7,17.9,7.4,7.84,2.3,2,10.2,10.15,15.77,3.66,3.6,5.41,6.54,6.55,10.36,900,920,990,88.23,90.64,62.78,1216,25.9,,,72.1,1.07,90.4,71.5,0.227,0.012,87.7,15,17.4,3.26,,14.6,,0.057,1964,14,,,,,,,,,,,97.87,99.29,,1.44,0.93
17.03.2016.,14,14.3,13.7,15.2,7.3,8,3.05,2,10.22,10.4,15.62,3.82,3.83,5.4,6.4,6.57,10.22,890,920,990,75.55,93.21,61.91,1129,33.4,451,16.9,54.9,0.277,71.7,63.1,0.299,0.009,65.9,15.8,13.9,2.32,,13.9,,0.053,1144,168,7646,596,2016,0.07,9.75,9.75,16,1.15,2.54,96.25,97.04,85.31,501,3.92,1.19
17.03.2016.(2),14.5,14.7,13.7,16.3,7.46,7.85,2.95,1.9,11.78,9.87,15.99,4.21,3.64,5.45,7.57,6.23,10.54,890,920,990,75.55,93.21,61.91,1126,29.7,,,58.8,0.268,81.6,83.7,0.108,0.001,84.9,14.6,11.9,2.99,,13.9,,0.043,1360,4,,,,,,,,,,,97.36,99.71,,2.69,1.01
18.03.2016.,13.7,14.5,13.7,15.3,6.87,7.86,2.2,2,11.08,11.13,15.35,4,4.05,5.47,7.08,7.08,9.88,900,950,990,81.23,85.35,64.5,1018,34.9,358,14,53.8,0.324,76.6,68.7,0.097,0.018,84.1,16.5,13.9,2.56,,14.3,,0.046,814,120,7742,596,2021,0.06,10.68,10.68,17,1.14,2.27,96.09,96.57,85.26,453,3.21,1.17
18.03.2016.(2),13.7,14.7,13.7,15.2,7.61,7.25,2.95,1.9,9.81,9.98,15.19,3.68,3.79,5.51,6.13,6.19,9.68,900,930,990,91.74,93.19,65.17,742,34.1,,,43,0.317,74.8,43.3,0.09,0.007,73.7,14.2,6.64,2.28,,25,,0.058,330,20,,,,,,,,,,,95.40,93.94,,1.1,1.05
21.03.2016.,14,15,13.7,14.6,7.1,7.94,2.4,2.05,10.48,10.25,15.5,3.78,3.7,5.33,6.7,6.55,10.17,900,940,990,85.88,91.7,63.87,1417,36.8,563,14.1,61,0.288,82.7,70.4,0.127,0.025,103,14.5,33.4,3.52,,8.68,,0.027,2762,42,8048,596,2288,0.09,9.87,9.87,16,1.09,4.91,97.50,97.40,98.48,631,3.08,1.04
21.03.2016.(2),15.1,15.3,14.1,19.2,7.6,7.97,0.35,1.5,10.58,10.76,16.45,3.64,3.82,5.51,6.94,6.94,10.94,920,940,990,86.96,87.36,60.18,1105,36.9,,,53.6,0.306,77,65.8,0.109,0.008,61.4,10.1,10.2,4.25,,6.54,,0.123,1782,198,,,,,,,,,,,96.66,88.89,,2.54,0.65
22.03.2016.,15.7,15.2,14.4,17.1,6.95,7.88,1.95,1.95,10.01,10.13,15.23,3.65,3.67,5.28,6.36,6.46,9.95,910,930,990,90.91,91.81,65,1097,45.1,349,0,55.3,0.408,74.1,73.6,0.118,0.008,81.4,14.2,10.2,3.08,,7.5,,0.19,1218,120,6415,546,2324,0.05,10.66,10.66,17,1.37,3.49,100.00,95.89,90.15,406,1.42,1.08
22.03.2016.(2),14.1,15.3,14.4,18.4,7.54,7.96,1.75,2.1,10.38,10.39,16.96,3.8,3.8,5.44,6.58,6.59,11.52,920,950,990,88.63,91.43,58.37,774,35,,,40.7,0.318,74,68.3,0.153,0.009,57.3,11.5,8.02,2.88,,6.46,,0.106,382,40,,,,,,,,,,,95.48,89.53,,1.45,1.03
23.03.2016.,13.7,15,13.3,16.2,6.95,7.85,2.05,1.95,9.42,10.78,15.91,4.02,4.03,5.6,5.4,6.75,10.31,930,910,990,98.72,84.41,62.22,1148,42.2,496,14.1,74.9,0.187,71,67.1,0.18,0.012,90.3,14.1,15.1,3.18,,9.55,,0.061,588,58,3474,712,2026,0.04,7.85,7.85,13,2.53,1.19,97.16,96.32,90.14,541,4.15,1.06
23.03.2016.(2),12.4,14.7,13.7,13.6,7.15,7.77,0.65,1.7,8.83,9.08,16.56,3.13,3.2,5.55,5.7,5.88,11.01,900,950,990,101.92,104.62,59.78,1098,39.8,,,31.9,1.94,70.7,64.2,0.155,0.011,49.9,16.6,8.09,3.38,,7.06,,0.493,1604,3566,,,,,,,,,,,96.38,-122.32,,1.53,4.51
24.03.2016.,13.2,13.7,12.9,15.9,7.05,7.8,3.25,2,10.08,9.56,15.72,3.47,3.41,5.28,6.61,6.15,10.44,920,950,990,91.27,99.37,62.98,1127,35.3,417,0,46,0.37,133,71.9,0.122,0.007,74.8,16.4,6.63,3.87,,11.1,,0.125,1362,2,8428,625,2282,0.07,8.80,8.80,14,1.04,3.27,100.00,96.87,99.85,484,2.79,0.86
24.03.2016.(2),14.1,14.2,13.3,16,7.35,7.85,2.3,2.15,9.69,9.37,15.68,3.44,3.27,5.21,6.25,6.1,10.47,910,950,990,93.91,101.39,63.14,1147,39.9,,,53.4,0.362,117,62.3,0.098,0.003,71.3,12.5,9.65,4.53,,8.17,,0.124,1870,86,,,,,,,,,,,96.52,95.40,,1.59,0.63
25.03.2016.,13.3,13.8,12.5,15.6,7.1,7.82,2.7,1.9,11.53,11.49,13.72,4.2,4.07,4.9,7.33,7.42,8.82,950,960,990,82.39,83.55,72.16,1175,31.7,408,4,50.6,0.243,79.2,77.6,0.096,0.016,71.6,15.1,12.3,2.92,,9.49,,0.05,1902,116,7861,596,2191,0.05,12.39,12.39,20,1.12,4.66,99.02,97.30,93.90,428,3.6,1.05
25.03.2016.(2),13.8,14.3,13.1,16.9,7.44,7.92,1.8,1.95,11.19,11.06,14.74,4.04,3.98,5.16,7.15,7.08,9.58,950,970,990,84.9,87.7,67.16,1121,31.5,,,49.3,0.21,108,75.9,0.214,0.006,66.3,11.6,8.62,2.56,,6.81,,0.02,1062,14,,,,,,,,,,,97.19,98.68,,1.97,0.94
28.03.2016.,13.4,14.4,13.2,18.1,7.3,7.89,2,1.9,11.86,12.55,15.64,4.16,4.37,5.37,7.7,8.18,10.27,940,980,990,79.26,78.09,63.3,1170,34.5,310,16.9,58.5,0.165,64.3,68.3,0.169,0.004,66.3,7.76,13.4,2.81,,5.13,,0.031,1650,20,8900,595,2279,0.07,11.54,11.54,19,0.99,5.32,94.55,97.05,98.79,546,4.44,0.98
28.03.2016.(2),12.9,14.8,13.6,16.6,7.32,7.87,0.4,1.4,11.16,11.37,16.14,3.95,4,5.55,7.21,7.37,10.59,940,970,990,84.23,85.31,61.34,1116,33.5,,,54,0.315,96.7,40.4,0.084,0.012,63.5,8.09,8.23,3.56,,4.91,,0.106,696,12,,,,,,,,,,,97.00,98.28,,2.93,0.98
29.03.2016.,13.9,14.9,13.9,17.1,6.8,7.86,2,1.9,11.5,11.46,17.62,4.18,4.14,5.98,7.32,7.32,11.64,940,960,990,81.74,83.77,56.19,1203,17.8,637,19.7,49.4,0.334,79.1,68.7,0.126,0.007,60,7.42,15.3,2.28,,5.79,,0.152,1798,50,6626,596,2138,0.06,9.62,9.62,16,1.33,2.82,96.91,98.52,97.22,592,3.69,0.94
29.03.2016.(2),15.4,15.5,14.7,21.5,7.34,7.86,0.45,1.4,11.01,10.87,17.38,3.93,3.9,5.91,7.08,6.97,11.47,940,950,990,85.38,87.4,56.96,1154,29.1,,,59.8,0.306,79.7,43.1,0.089,0.01,75.1,10.08,9.87,3.49,,5.5,,0.141,1528,38,,,,,,,,,,,97.48,97.51,,1.78,0.97
30.03.2016.,14.8,15.7,14,18.8,6.76,7.89,1,2,11.86,12.02,17.57,4.32,4.38,6.1,7.54,7.64,11.47,940,960,990,79.26,79.87,56.35,1498,31.6,659,16.9,130,0.24,67.1,73.9,0.229,0.002,138,8.32,22.8,2.7,,4.75,,0.178,4430,158,8568,596,2150,0.09,10.03,10.03,16,1.03,6.72,97.44,97.89,96.43,732,4.31,1.15
30.03.2016.(2),13.5,16.2,15.7,20.9,7.28,7.84,0.4,1.25,11.42,11.67,18.06,4.04,4.22,6.12,7.38,7.45,11.94,930,960,990,81.44,82.26,54.82,898,74.6,,,47.6,0.516,96.7,65.4,0.09,0.011,44.6,28.6,6.54,4.13,,4.06,,0.192,356,2,,,,,,,,,,,91.69,99.44,,3.28,1.03
31.03.2016.,15,16.1,15.7,20,6.97,7.84,2,1.9,11.25,11.52,17.62,4.11,4.2,6.06,7.14,7.32,11.56,930,950,990,82.67,82.46,56.19,1111,37.8,484,22.5,50.8,0.596,72.7,76.7,0.223,0.001,72.1,7.85,12.5,3.58,,2.66,,0.188,988,112,8322,596,2376,0.07,9.54,9.54,15,1.06,2.04,95.35,96.60,88.66,535,3.66,1.13
31.03.2016.(2),15.7,16.6,16.7,24.6,7.31,7.82,0.4,1.55,10.85,10.92,17.4,3.91,3.99,5.92,6.94,6.93,11.48,910,950,990,83.87,87,56.9,1144,29.4,,,51.3,0.94,50.8,36.7,0.094,0.002,64.2,5.35,9.66,4.59,,2.22,,0.145,1404,50,,,,,,,,,,,97.43,96.44,,1.82,1.02
01.04.2016.,15.3,16.8,15.7,19.2,6.63,7.82,0.55,1.95,11.33,11.57,17.22,4.17,4.2,6.11,7.16,7.37,11.11,930,950,990,82.08,82.1,57.49,1489,33.1,337,22,73.3,0.78,61.1,67.1,0.162,0.002,80.5,6.5,16.3,2.46,,1.73,,0.16,3306,94,8827,596,2261,0.07,9.82,9.82,16,1.00,9.81,93.47,97.78,97.16,472,3.45,1.09
01.04.2016.(2),15.2,17.1,16.7,22.6,7.35,7.9,0.2,1.6,10.18,10.52,16.34,4.01,3.94,5.84,6.17,6.58,10.5,910,940,990,89.39,89.35,60.59,1118,34.2,,,69.6,0.625,72.8,70.8,0.065,0.02,56.2,7.62,9.73,4.6,,9.08,,0.115,1270,14,,,,,,,,,,,96.94,98.90,,2.25,0.96
04.04.2016.,16.5,16.5,15.7,18.8,6.83,7.89,1.65,2,12.14,12.44,17.36,4.45,4.59,6.14,7.69,7.85,11.22,950,980,990,78.25,78.78,57.03,1139,54.1,518,28.1,45.4,0.339,66.2,65.8,0.087,0.009,102,5.7,12.3,2.94,,0.071,,0.039,1620,112,7458,595,2270,0.06,10.47,10.47,17,1.18,3.13,94.58,95.25,93.09,524,3.9,1.13
04.04.2016.(2),14.6,17,18.1,20.6,7.49,7.87,0.65,1.2,12.43,12.33,18.65,4.63,4.6,6.61,7.8,7.73,12.04,930,950,990,74.82,77.05,53.08,639,29.7,,,40.1,0.291,76.7,66.3,0.153,0.003,64.5,9.09,9.75,2.26,,0.394,,0.031,688,78,,,,,,,,,,,95.35,88.66,,2.58,1.07
05.04.2016.,15.5,17.1,16.7,21.2,6.71,7.86,0.65,1.95,11.99,12.04,14.66,4.51,4.5,6.03,7.48,7.54,8.63,960,980,990,80.06,81.4,67.53,1181,44.9,518,22.5,61.5,0.353,69.1,67.7,0.136,0.013,83.1,6.1,14.1,0.279,,0.796,,0.079,2286,154,7533,597,1956,0.07,12.08,12.08,20,1.17,4.41,95.66,96.20,93.26,580,3.64,1.15
05.04.2016.(2),15.4,17.4,16.7,20.6,7.38,7.82,0.3,0.4,12.88,11.67,18.39,4.74,4.33,6.59,8.14,7.34,11.8,950,970,990,73.76,83.12,53.83,929,25,,,66.3,0.538,71.2,66.9,0.099,0.012,75.8,6.11,12.9,2.13,,0.62,,0.046,1280,14,,,,,,,,,,,97.31,98.91,,1.34,1.01
06.04.2016.,15.8,17.5,16.7,20.4,6.7,7.84,0.2,0.4,15.41,6.86,18.19,5.17,2.76,6.53,10.24,4.1,11.66,980,730,990,63.59,106.41,54.42,1173,36.6,546,47.8,51.5,6.77,80.2,70.7,0.137,0.009,90.6,12.7,11.7,6.97,,0.728,,0,1132,0,7363,596,2307,0.07,9.04,9.04,15,1.20,2.07,91.25,96.88,100.00,631,3.9,1.02
06.04.2016.(2),16.6,17.8,16.7,25.5,7.57,7.69,0.2,0.4,14.65,7.86,18.65,5.39,3.08,6.64,9.26,4.78,12.01,980,600,990,66.89,76.34,53.08,1125,48.4,,,72.9,10,111,70.9,0.213,0.017,91.9,12.5,11.1,8.1,,0.111,,0.023,1458,2,,,,,,,,,,,95.70,99.86,,1.75,1.04
07.04.2016.,15,17.8,16.7,21.2,6.96,7.76,0.2,1.4,14.82,6.61,18.15,5.39,2.66,6.52,9.43,3.95,11.63,990,500,990,66.8,75.64,54.54,1085,52.2,377,42.2,60,12.6,,74.3,0.071,0.031,72.8,19.4,9.76,6.53,,0.548,,0.02,712,42,8381,596,2569,0.08,8.72,8.72,14,1.05,1.89,88.81,95.19,94.10,563,3.52,1.03
07.04.2016.(2),15.1,18,18.7,26.2,7.31,7.77,0.3,0.4,14.4,7.14,19.56,5.21,2.84,6.91,9.19,4.3,12.65,990,370,1000,137.69,25.69,51.12,1160,46.1,,,53.7,12.2,,72.8,0.292,0.024,,14.9,12.2,6.93,,0.703,,0.012,922,2,,,,,,,,,,,96.03,99.78,,1.61,1.05
08.04.2016.,16.1,18,17.7,20.3,6.9,7.81,0.2,1.6,14.59,4.95,18.36,5.48,2.06,6.7,9.11,2.89,11.66,980,360,990,67.17,72.73,53.92,1114,50.4,206,8,88.2,10.7,,69.9,0.073,0.018,103,16.8,12.5,3.69,,1.87,,0.207,1468,68,8781,597,2152,0.06,7.84,7.84,13,1.00,7.13,96.12,95.48,95.37,363,4.13,1.1
08.04.2016.(2),15.8,18.2,17.7,20.9,7.49,7.84,0.25,0.4,14.13,2.07,17.67,5.31,1.23,6.54,8.82,0.84,11.13,990,100,990,70.06,48.31,56.03,1079,45.8,,,52.3,9.78,,71,0.148,0.016,,17.3,9.53,5.12,,1.2,,0.226,650,8,,,,,,,,,,,95.76,98.77,,2.18,1.01
11.04.2016.,15.9,17,15.1,16.8,6.82,7.83,0.3,1.9,14.84,4.6,18.16,5.43,2.07,6.6,9.41,2.53,11.56,990,350,1000,66.71,76.09,55.07,1089,41.1,327,45,58.2,11,,65.7,0.163,0.03,71.6,17.3,12.1,4.33,,0.306,,0.148,948,86,7788,596,2247,0.07,7.90,7.90,13,1.13,2.90,86.24,96.23,90.93,484,4.97,1.08
11.04.2016.(2),15.7,17.5,16.1,20,7.3,7.81,0.35,1.65,13.5,6.89,18.53,4.78,2.67,6.36,8.72,4.22,12.17,990,510,990,73.33,74.02,53.43,1090,45.1,,,60.6,12.2,,72,0.161,0.004,,18.9,11.7,2.77,,1.16,,0.43,754,4,,,,,,,,,,,95.86,99.47,,1.2,0.96
12.04.2016.,15.6,17.2,15.7,18.6,6.75,7.92,0.4,1.4,13.95,8.96,18.4,5.09,3.5,6.42,8.86,5.46,11.98,990,880,1000,70.97,98.21,54.35,1090,41,338,25.3,49.7,5.27,,66.1,0.138,0.007,76.2,11.1,10.5,1.86,,0.824,,0.377,824,122,7681,681,2023,0.06,8.04,8.04,13,1.15,2.44,92.51,96.24,85.19,484,4.03,1.12
12.04.2016.(2),15.9,17.7,16.7,25.5,7.19,7.76,0.35,1.3,12.99,8.44,19.26,4.72,3.26,6.19,8.27,5.18,13.07,950,870,990,73.13,103.08,51.4,1127,42.8,,,57.3,4.69,,76.6,0.065,0.002,,8.97,10.1,3.85,,0.459,,0.114,1226,6,,,,,,,,,,,96.20,99.51,,2.88,1
13.04.2016.,15.2,17.7,16.1,19.6,6.68,7.81,1.35,1.3,13.5,9.56,18.26,4.88,3.71,6.39,8.62,5.85,11.87,960,910,990,71.11,95.19,54.22,1085,26.6,462,39.4,61.1,4.9,,64.7,0.16,0.008,71.3,9.04,13.7,1.91,,0.671,,0.155,1568,140,7470,511,2268,0.06,10.87,10.87,18,1.18,3.39,91.47,97.55,91.07,552,4.49,1.13
13.04.2016.(2),15.7,18.2,17.1,24.8,7.41,7.78,0.35,1.2,13.48,8.87,18.05,4.71,3.32,6.24,8.77,5.55,11.81,960,870,990,71.22,98.08,54.85,1145,37.4,,,74.9,4.77,,72.4,0.103,0.008,,8.22,3.09,2.1,,0.35,,0.083,1512,2,,,,,,,,,,,96.73,99.87,,1.51,1.03
14.04.2016.,16.9,18.1,17.1,19.3,6.9,7.86,2.05,1.55,14.34,10.55,18.86,5.13,4.01,6.52,9.21,6.54,12.34,990,910,1000,69.04,86.25,53.02,1139,34.1,282,11.3,72.7,7.77,,61.9,0.164,0.001,87.3,5.85,13.2,1.7,,0.471,,0.134,1720,134,8746,681,2466,0.05,8.53,8.53,14,1.01,6.10,95.99,97.01,92.21,417,4.48,1.15
14.04.2016.(2),17.2,18.6,17.7,21.5,7.29,7.88,0.35,1.35,13.11,9.1,18.08,4.71,3.44,6.26,8.4,5.66,11.82,960,880,990,73.23,96.7,54.76,1272,2,,,65.3,1.16,,60.2,0.195,0.005,,6.12,13.6,1.78,,0.569,,0.109,1272,2,,,,,,,,,,,99.84,99.84,,2.06,0.99
15.04.2016.,16.4,17.9,16.7,17.9,6.64,7.99,1.4,1.75,14.11,9.31,18.73,5.15,3.54,6.62,8.96,5.77,12.11,980,920,1000,69.45,98.81,53.39,1136,41.8,525,17,59.2,0.691,,60.5,0.134,0.003,107,9.46,9.76,1.85,,0.565,,0.077,808,274,7399,596,1899,0.06,9.23,9.23,15,1.19,1.54,96.76,96.32,66.09,517,3.49,1.21
15.04.2016. (2),16.3,18.3,16.7,24.8,7.4,7.83,0.35,1.3,13.07,9.46,17.32,4.87,3.64,6.3,8.2,5.82,11.02,960,860,990,73.45,90.9,57.16,1080,35.1,,,53.5,0.881,,68.9,0.13,0.005,,6.65,8.09,2.66,,0.116,,0.002,440,12,,,,,,,,,,,96.75,97.27,,2.51,1.03
18.04.2016.,16.9,18.2,18.7,21.5,6.9,7.85,0.45,0.35,13.95,9.55,18.06,4.95,3.51,6.27,9,6.04,11.79,990,910,1000,70.97,95.29,55.37,1108,36.4,479,36.4,55,0.668,,61.6,0.093,0.002,61.7,4.88,9.09,1.7,,0.011,,0.009,1198,40,7641,596,1729,0.06,9.61,9.61,16,1.15,2.50,92.40,96.71,96.66,541,2.95,0.95
19.04.2016.,15.9,18.6,17.7,18.6,6.55,7.89,1.15,1.65,13.65,9.42,17.28,4.93,3.56,6.12,8.72,5.86,11.16,970,910,990,71.06,96.6,57.29,1272,34.9,451,22.5,93.2,0.811,,54.7,0.416,0.002,88.5,5.46,20.4,1.78,,1.05,,0.014,3332,30,8748,596,1832,0.07,9.86,9.86,16,1.01,7.39,95.01,97.26,99.10,513,3.29,0.96
20.04.2016.,15.8,17.7,15.9,16.5,6.71,7.95,1.75,0.95,12.23,11.81,18.45,4.47,4.34,6.44,7.76,7.47,12.01,960,980,1000,78.49,82.98,54.2,1170,40.1,738,30.9,76.1,0.52,,59.5,0.062,0.001,97.9,4.92,11.6,1.55,,0.457,,0.055,2424,10,7767,596,1935,0.07,9.62,9.62,16,1.13,3.28,95.81,96.57,99.59,637,3.78,0.99
21/04/2016,16.1,17.3,15.1,17.7,6.76,7.93,2.75,1.95,11.97,12.13,18.73,4.41,4.43,6.48,7.56,7.7,12.25,950,980,1000,79.36,80.79,53.39,1155,41.6,501,9,47.7,0.35,,59.6,0.09,0.007,54.5,5.69,11.8,1.06,,0.882,,0.012,1884,98,7571,614,1917,0.06,9.22,9.22,15,1.16,3.76,98.20,96.40,94.80,541,4.76,0.89
22.04.2016.,15.8,17,15.7,18.8,6.87,7.89,2.45,2,12.47,12.51,14.19,4.73,4.66,5.25,7.74,7.85,8.94,950,980,1000,76.18,78.34,70.47,1045,37.7,330,13,45.1,0.282,,61.4,0.161,0,51.8,4.28,9.29,1.29,,0.238,,0.001,598,48,6992,349,1898,0.05,22.19,22.19,36,1.26,1.81,96.06,96.39,91.97,445,3.54,1.01
25.04.2016.,15.7,16.8,14.7,12.6,6.66,8.04,3.3,2,12.57,12.69,18.73,4.55,4.63,6.44,8.02,8.06,12.29,960,990,1000,76.37,78.01,53.39,1099,37.2,513,8.4,18.5,0.444,,54.5,0.478,0.004,46.7,4.9,9.92,1.8,,2.02,,0.114,1516,24,10919,596,1453,0.08,9.96,9.96,16,0.81,2.96,98.36,96.62,98.42,524,3.45,0.89
25.04.2016. (2),13.2,16.5,14.9,15,7.28,8,0.45,1.2,10.88,11.24,18.49,3.93,3.96,6.32,6.95,7.28,12.17,930,980,990,85.48,87.19,53.54,1131,40.3,,,16.18,1.88,,43.8,0.152,0.003,,6.78,8.94,2.08,,0.915,,0.047,934,4,,,,,,,,,,,96.44,99.57,,1.63,0.92
26.04.2016.,15,15.6,13.7,14.9,7.29,7.97,5,2.05,11.41,11.83,18.55,4.54,4.25,6.37,6.87,7.58,12.18,960,990,1000,84.14,83.68,53.91,1129,33.3,203,1.9,34,0.332,,52.7,0.102,0.007,73.7,11.9,8.71,0.809,,6.44,,0.194,630,50,7963,596,1513,0.04,9.25,9.25,15,1.11,3.10,99.06,97.05,92.06,349,3.35,0.92
26.04.2016.(2),16.3,16.3,14.1,21.3,7.52,7.86,1.65,1.7,11.39,11.37,17.71,4.03,4.1,6.05,7.36,7.27,11.66,960,960,990,84.28,84.43,55.9,1116,35.1,,,58.5,0.893,,40.7,0.097,0.008,,9.39,8.95,2.13,,5.36,,0.235,480,0,,,,,,,,,,,96.85,100.00,,1.43,0.88
27.04.2016.,15.2,16.2,14.7,17.3,7.17,7.93,1.45,1.9,11.2,11.1,19.44,4.06,4.09,6.72,7.14,7.01,12.72,960,960,1000,85.71,86.49,51.44,1136,49,439,19.7,35,0.433,,60.8,0.157,0.015,73,11.5,8.52,2.66,,8.28,,0.131,1664,278,8526,617,1587,0.09,8.18,8.18,13,1.03,3.79,95.51,95.69,83.29,659,4.34,1.21
27.04.2016.(2),15.5,16.5,15.1,23.1,7.86,7.76,0.3,1.5,11.93,11.9,15.77,4.21,4.28,5.69,7.72,7.62,10.08,970,980,990,81.31,82.35,62.78,749,37,,,51.1,0.849,,47.2,0.123,0.007,,12.8,6.49,1.17,,6.19,,0.331,234,12,,,,,,,,,,,95.06,94.87,,1.77,0.93
28.04.2016.,15.2,16.2,14.7,17.2,6.77,7.96,3.1,1.9,11.14,8.91,16.38,4.29,3.55,6.12,6.84,5.36,10.26,960,980,1000,86.16,109.99,61.05,1104,39.2,530,16.9,41.9,0.374,,70.5,0.124,0.011,42.6,7.97,8.82,1.91,,2.28,,0.156,822,130,10246,595,1799,0.05,9.05,9.05,15,0.86,1.55,96.81,96.45,84.18,276,3.3,0.89
04.05.2016.,15.8,16.2,13.7,16.6,6.71,7.79,1.75,1.34,9.85,10.18,16.24,3.46,3.57,5.47,6.39,6.61,10.77,950,950,990,96.45,93.32,60.96,1157,29.9,592,8.4,74.8,0.311,,41.2,0.102,0.006,103,13.5,13,0.823,,4.39,,0.171,1048,136,9225,595,2561,0.04,9.12,9.12,15,0.95,1.77,98.58,97.42,87.02,231,0.85,0.64
04.05.2016. (2),16.7,16.7,16.4,20.3,7.46,7.76,0.55,1.25,10,10.11,16.51,3.47,3.54,5.53,6.53,6.57,10.98,940,950,990,94,93.97,59.96,1138,29.4,,,36.5,0.325,,40.9,0.077,0.003,,6.85,9.67,0.966,,3.15,,0.174,1290,2,,,,,,,,,,,97.42,99.84,,1.98,0.53
05/05/2016,15.2,16.9,15.9,18.9,6.8,7.84,1.85,1.9,10.75,11.14,16.82,3.78,3.92,5.71,6.97,7.22,11.11,940,980,1000,87.44,87.97,59.45,873,29.3,394,14.1,51.9,0.358,,48.1,0.066,0.003,17.9,10.4,6.44,1.47,,6.21,,0.156,518,3.2,8166,596,1945,0.08,9.61,9.61,16,1.08,1.31,96.42,96.64,99.38,597,2.8,0.7
06.05.2016.,16.2,17.7,16.8,20.3,6.7,7.91,2.1,2.05,10.47,10.68,15.46,3.93,4.01,5.63,6.54,6.67,9.83,950,970,1000,90.74,90.82,64.68,1112,34.1,377,16.9,33.5,0.344,,57.6,0.088,0.022,104,8.77,22.7,1.22,,3.16,,0.087,1012,60,7866,596,2421,0.08,10.10,10.10,16,1.12,2.68,95.52,96.93,94.07,558,3.02,0.9
09.05.2016.,16.5,18.1,16.6,20.4,6.52,7.95,1.05,1.85,11.16,11.28,16.17,4.12,4.04,5.59,7.04,7.24,10.58,950,970,1000,85.13,85.99,61.84,835,33,276,11.3,49.4,0.784,,63.6,0.08,0.001,123,35.2,9.47,1.29,,3.04,,0.126,384,26,7268,596,2368,0.06,10.25,10.25,17,1.21,1.39,95.91,96.05,93.23,552,3.13,0.93
09.05.2016. (2),15.9,18.6,17.1,25.2,7.52,7.85,0.4,1.15,10.91,10.98,16.8,3.87,4.04,5.74,7.04,6.94,11.06,940,960,1000,86.16,87.43,59.52,864,36.1,,,35.7,0.493,,58.6,0.103,0.005,,6.24,6.28,2.46,,2.29,,0.108,408,36,,,,,,,,,,,95.82,91.18,,1.27,0.91
10.05.2016.,15.9,18.9,17,19.7,6.79,7.88,1.9,2.1,10.71,10.94,16.04,3.95,3.98,5.68,6.76,6.96,10.36,950,960,1000,88.7,87.75,62.34,1144,40.9,270,22.5,67,0.34,,59.1,0.076,0.013,81.4,8.28,26.6,1.68,,3.55,,0.133,1194,138,9340,596,1966,0.09,9.96,9.96,16,0.94,4.42,91.67,96.42,88.44,597,3.05,1.09
10.05.2016. (2),17.2,18.4,17.6,20.4,7.32,7.94,0.35,1.2,11.15,11.37,16.86,4.04,4.04,5.79,7.11,7.33,11.07,940,960,1000,84.3,84.43,59.31,1139,36.4,,,50.4,0.545,,61.9,0.071,0.015,,7.71,10.7,2.18,,2.11,,0.151,1842,40,,,,,,,,,,,96.80,97.83,,1.97,0.98
11.05.2016.,15.8,18.1,16.8,20.3,6.8,7.89,0.6,1.9,10.39,10.55,16.34,3.79,3.84,5.72,6.6,6.71,10.62,930,960,990,89.5,90.99,60.59,933,43.9,361,33.8,40.8,2.34,,61.3,0.085,0.006,54.1,12.9,7.47,2.05,,3.14,,0.244,498,14,8189,596,1962,0.06,9.46,9.46,15,1.07,1.38,90.64,95.29,97.19,428,2.71,0.93
11.05.2016. (2),16.8,18.5,18,23.7,7.37,7.82,0.35,1.7,10.96,10.82,16.29,3.91,3.78,5.57,7.05,7.04,10.72,950,970,1000,86.68,89.65,61.39,1105,34.6,,,48.8,1.22,,58.2,0.12,0.004,,9.39,8.16,1.96,,3.06,,0.18,950,12,,,,,,,,,,,96.87,98.74,,1.75,0.99
12.05.2016.,17.2,18.8,18.3,21.2,6.6,7.91,0.4,1.8,10.71,11.15,16.5,3.9,4.02,5.79,6.81,7.13,10.71,930,980,1000,86.83,87.89,60.6,1118,179,479,19.7,50.4,0.396,,61.2,0.09,0.001,69.3,11.1,8.04,1.93,,4.44,,0.149,644,144,13035,596,2002,0.02,9.78,9.78,16,0.68,1.34,95.89,83.99,77.64,107,3.43,1.09
12.05.2016. (2),16.3,19.1,18.8,19.6,7.55,7.84,0.3,1.1,11.47,11.23,17.01,3.97,3.91,5.77,7.5,7.32,11.24,940,960,1000,81.95,85.48,58.79,1002,35,,,52.2,0.724,,59.6,0.215,0.005,,6.17,7.07,3.34,,2.04,,0.112,548,40,,,,,,,,,,,96.51,92.70,,1.25,0.95
13.05.2016.,16.9,18.3,17.7,19.6,6.87,7.8,0.45,1.75,9.96,10.09,16.26,3.57,3.64,5.7,6.39,6.45,10.56,940,950,990,94.36,94.15,60.89,1116,41,91,26,73.8,1.33,,47.9,0.109,0.03,86.4,9.97,17.4,3.89,,2.56,,0.133,1218,90,8731,595,2231,0.05,9.12,9.12,15,1.01,13.38,71.43,96.33,92.61,323,3.24,0.89
13.05.2016. (2),16.8,18.8,18.2,21.9,7.5,7.78,0.45,1.2,10.05,10,15.99,3.41,3.72,5.73,6.64,6.28,10.26,940,960,990,93.53,96,61.91,745,36.3,,,34.4,50.7,,50.7,0.106,0,,7.9,6.03,3.3,,1.71,,0.155,370,8,,,,,,,,,,,95.13,97.84,,2.46,0.78
16.05.2016.,15.4,17.1,15.7,17.7,6.86,7.93,3.25,1.75,11.55,11.74,17.24,4.1,4.17,5.97,7.45,7.57,11.27,950,970,1000,82.25,82.62,58.01,226,29,428,11.3,53.7,0.415,,72.6,0.076,0.003,62.3,11.6,12.7,2.41,,6.4,,0.117,2616,2,5435,596,1780,0.04,9.97,9.97,16,1.62,6.11,97.36,87.17,99.92,496,3.16,0.92
16.05.2016. (2),15.4,17.5,16.2,20.5,7.44,7.88,0.35,1.3,10.7,11.41,16.8,3.85,3.99,5.66,6.85,7.42,11.14,940,960,990,87.85,84.13,58.93,1073,30.1,,,47.5,0.927,,58.3,0.079,0.001,,10.2,9.48,2.37,,5.81,,0.102,524,20,,,,,,,,,,,97.19,96.18,,1.12,0.86
17.05.2016.,16.8,17,15.7,20.2,6.8,7.81,2.3,1.95,11.33,11.16,16.43,4.21,4.13,5.86,7.12,7.03,10.62,930,950,1000,82.08,85.12,60.68,1352,34.6,496,16.9,114,0.74,,61.1,0.077,0.005,84.3,11.2,16.2,1.91,,0.082,,0.215,3224,634,4115,596,1860,0.04,10.11,10.11,16,2.14,6.50,96.59,97.44,80.33,580,3.62,0.96
17.05.2016. (2),15.9,17.5,16.7,20.6,7.38,7.89,0.35,1.3,10.66,10.58,16.07,3.92,3.86,5.65,6.74,6.72,10.42,940,910,990,88.18,86.01,61.6,864,31.2,,,53.6,0.846,,61.2,0.087,0.019,,12.1,9.29,2.81,,7.91,,0.175,516,20,,,,,,,,,,,96.39,96.12,,1.12,0.9
18.05.2016.,16.1,17.2,15.7,17.3,6.95,7.86,3.4,2,11.07,11.25,16.28,4.05,4.1,5.73,7.02,7.19,10.55,940,960,1000,84.91,85.33,61.42,1246,22.9,270,56,66.7,0.682,,54,0.065,0.003,74.1,15.3,9.3,2.13,,12.1,,0.156,1234,14,4100,596,1967,0.03,10.12,10.12,16,2.15,4.57,79.26,98.16,98.87,530,4.25,0.92
18.05.2016. (2),16.1,17.5,16.7,23.8,7.41,7.77,0.45,1.3,10.91,11.16,16.59,3.87,3.97,5.68,7.04,7.19,10.91,950,950,1000,90.39,85.12,60.28,963,27.5,,,59.8,0.646,,,0.094,0.01,,13.5,9.6,3.14,,10.2,,0.182,480,24,,,,,,,,,,,97.14,95.00,,1.74,0.91
19.05.2016.,16.5,17.7,16.7,18.7,6.72,7.37,3.4,1.85,10.88,10.98,16.25,3.97,3.93,5.66,6.91,7.05,10.59,900,950,1000,82.72,86.52,61.54,1110,34.6,282,16.9,82.4,1.09,,,0.052,0.012,79.1,17.8,11.6,2.6,,11.9,,0.199,1654,208,5101,596,2120,0.05,9.93,9.93,16,1.73,5.87,94.01,96.88,87.42,575,4.41,1.18
19.05.2016. (2),16.4,18.3,16.7,22.8,7.36,7.84,0.4,1.25,11.01,11.31,16.58,4.04,4.05,5.79,6.97,7.26,10.79,950,930,1000,86.28,82.23,60.31,1067,36.3,,,63.4,0.871,,,0.075,0.004,,14.4,9.43,3.52,,9.46,,0.19,540,130,,,,,,,,,,,96.60,75.93,,2.55,0.96
20.05.2016.,16.9,17.2,17.4,21.2,6.69,7.87,1.95,1.85,10.75,10.83,15.56,4.15,4.22,5.76,6.6,6.61,9.8,940,980,1000,87.44,90.49,64.27,1149,41.4,92,10,67.6,0.686,,,0.151,0.005,81.1,13.3,13.4,13.3,,8.27,,0.184,2044,78,5748,596,2241,0.02,10.24,10.24,17,1.53,22.22,89.13,96.40,96.18,240,2.96,1.08
23.05.2016.,16.9,19.3,18.7,22.5,7.01,7.88,0.9,2.05,11.7,11.54,16.74,4.29,4.19,5.84,7.41,7.35,10.9,930,970,1000,79.49,84.06,59.74,1102,29.4,541,36.6,58.5,1.61,,,0.108,0.005,66.1,10.3,11.8,4.75,,3.08,,0.158,1802,128,7342,595,1476,0.07,10.27,10.27,17,1.20,3.33,93.23,97.33,92.90,586,4.25,1.09
23.05.2016.(2),17,19.8,19.2,29,7.46,7.72,0.35,1.2,10.89,11.01,16.71,4,4.02,5.84,6.89,6.99,10.87,930,970,1000,85.4,88.1,59.25,1089,32.2,,,56.2,1.52,,,0.081,0.001,,9.41,9.99,4.58,,2.87,,0.126,530,4,,,,,,,,,,,97.04,99.25,,1.47,0.94
24.05.2016.,17.5,19.6,18.7,19.2,6.8,7.83,0.35,1.95,11.3,11.41,16.65,4.2,4.19,5.88,7.1,7.22,10.77,940,960,990,83.19,84.14,59.46,1180,35.8,434,33.8,69.5,3.2,,,0.091,0.003,73.3,13.7,13.7,6.3,,4.26,,0.178,2158,92,7922,681,1279,0.06,8.81,8.81,14,1.11,4.97,92.21,96.97,95.74,456,4.5,1.03
24.05.2016.(2),17.3,20,19.1,26.2,7.39,7.78,0.35,1.2,11.39,11.46,17.63,4.11,4.14,6.08,7.28,7.32,11.55,920,960,1000,80.77,83.77,56.72,502,42.2,,,76.5,3.11,,,0.126,0.002,,10.6,11.4,6.12,,2.85,,0.153,898,10,,,,,,,,,,,91.59,98.89,,2.12,0.94
25.05.2016.,17.7,19.6,18.5,22.3,7.11,7.8,0.5,1.55,11.26,11.54,17.01,4.12,4.25,5.97,7.14,7.29,11.04,950,980,1000,84.37,84.92,58.79,1109,44.4,479,42.2,97,3.1,,,0.062,0.014,120,26.6,10.2,5.84,,4.17,,0.188,1556,102,6984,596,1414,0.06,9.90,9.90,16,1.26,3.25,91.19,96.00,93.44,518,3.99,1.07
25.05.2016.(2),17.5,20.1,19.1,25.7,7.43,7.79,0.5,1.15,11.19,10.97,19.06,3.99,3.99,7.87,7.2,6.89,11.19,930,980,1000,83.1,89.33,54.46,750,53.6,,,65.4,1.02,,,0.216,0.009,,9.68,13.1,6.15,,3.17,,0.173,544,8,,,,,,,,,,,92.85,98.53,,1.33,0.96
26.05.2016.,17.6,19.9,18.7,25.1,6.95,7.84,1.55,2.05,11.28,11.55,16.86,4.14,4.21,5.89,7.14,7.34,10.97,950,980,1000,84.22,84.85,59.31,1079,179,501,19.7,48.3,1.06,,,0.072,0.014,57.3,10.2,9.5,3.97,,5.29,,0.212,900,142,7296,681,1749,0.07,8.75,8.75,14,1.21,1.80,96.07,83.41,84.22,586,4.32,1.1
26.05.2016.(2),19.1,20.4,19.7,27.8,7.31,7.8,0.35,1.15,11.56,11.37,16.88,4.15,4.11,5.88,7.41,7.26,11,930,960,990,80.45,84.43,58.65,1158,36.7,,,69.7,0.995,,,0.067,0.007,,8.09,9.61,4.88,,3.87,,0.131,1220,24,,,,,,,,,,,96.83,98.03,,2.7,0.97
27.05.2016.,19.6,20.2,19.3,23.9,6.87,7.74,0.4,1.55,11.48,11.29,16.37,4.19,4.12,5.78,7.29,7.17,10.59,940,980,1000,81.88,86.8,61.09,1108,48.4,226,32,49,3.97,,,0.061,0.003,35.3,4.5,9.47,0.14,,2.43,,0.085,706,68,6702,596,1961,0.02,10.27,10.27,17,1.31,3.12,85.84,95.63,90.37,215,4.5,0.96
27.05.2016.(2),17.9,20.8,20.1,28.2,7.35,7.7,0.3,1.15,10.54,10.56,15.93,3.97,3.98,5.81,6.57,6.58,10.12,930,950,1000,88.23,89.96,62.77,1119,51.2,,,45.4,2.97,,,0.089,0.001,,9.1,8.29,6.65,,1.39,,0.02,680,2,,,,,,,,,,,95.42,99.71,,1.41,0.99
30.05.2016.,17.8,21.1,20.7,24.6,6.62,7.77,0.6,1.8,11.22,11.33,16.43,4.13,4.23,5.9,7.09,7.1,10.53,940,980,1000,83.78,86.5,60.86,1107,40.4,366,30.9,69.7,2.48,,,0.077,0.01,69.4,9.61,10.6,3.94,,0.676,,0.026,1124,120,7339,681,1567,0.06,8.87,8.87,14,1.20,3.07,91.56,96.35,89.32,518,3.71,1.04
30.05.2016.(2),17.6,21.3,20.7,27.2,7.34,7.78,0.25,1.1,11.82,11.6,17.5,3.99,4.09,5.95,7.83,7.51,11.55,940,970,1000,79.53,83.62,57.14,1084,40.2,,,45.7,1.47,,,0.178,0.006,,7.24,9,5.08,,0.554,,0.008,800,10,,,,,,,,,,,96.29,98.75,,2.55,0.94
31.05.2016.,19.3,20.9,19.7,24.1,6.76,7.79,0.45,1.4,11.24,11.42,17.09,4.11,4.15,5.99,7.13,7.27,11.1,940,980,1000,83.63,85.81,58.51,1104,48.8,631,50.6,68.6,5.3,,,0.139,0.005,69.4,10.3,31.7,5.8,,0.683,,0.003,774,180,7609,595,1535,0.07,9.81,9.81,16,1.16,1.23,91.98,95.58,76.74,597,3.71,1.12
31.05.2016.(2),19.2,21.4,20.1,29.6,7.36,7.74,0.4,1.15,11.55,11.55,16.85,4.18,4.18,5.87,7.37,7.37,10.98,950,970,1000,82.25,83.98,59.35,754,43.7,,,42.6,3.22,,,0.172,0.004,,8.87,6.87,6.28,,0.261,,0.012,392,10,,,,,,,,,,,94.20,97.45,,1.59,0.95
01.06.2016.,19.1,21,19.7,21.5,6.66,7.83,2.5,1.9,11.31,11.61,17.12,4.18,4.31,6.06,7.13,7.3,11.06,950,970,990,84,83.55,57.83,1073,52.3,468,30.9,72.5,0.971,,,0.076,0.005,71.7,6.53,10.3,3.69,,1.46,,0.019,1680,153,9493,596,2078,0.08,9.88,9.88,16,0.93,3.59,93.40,95.13,90.89,563,3.2,1.14
01.06.2016.(2),19,21.2,20.7,28.5,7.24,7.76,0.3,1.15,10.82,11.04,17.39,3.92,3.93,5.88,6.9,7.11,11.51,950,980,1000,87.8,88.77,57.5,1117,34.1,,,48.7,1.51,,,0.29,0.004,,7.74,13.9,5.47,,0.497,,0.021,1782,4,,,,,,,,,,,96.95,99.78,,1.19,1
02.06.2016.,17.7,20.7,19.7,22,6.4,7.76,0.45,1.15,10.74,11.02,16.67,3.8,3.89,5.7,6.94,7.13,10.97,940,970,1000,87.52,88.02,59.99,1169,38.8,563,19.7,57.4,6,,,0.068,0.006,58.7,11.6,11.3,6.49,,0.975,,0.031,1922,86,8363,596,1810,0.02,9.64,9.64,16,1.05,3.41,96.50,96.68,95.53,146,1.24,1.06
02.06.2016.(2),18.4,20.9,20.7,24.6,7.32,7.75,0.5,1.2,11.3,10.89,17.22,3.9,3.83,5.86,7.4,7.06,11.36,950,960,1000,84.07,88.15,58.07,597,37.5,,,33.2,3.28,,,0.186,0.003,,10.2,6.1,5.72,,0.643,,0.029,306,10,,,,,,,,,,,93.72,96.73,,1.88,0.95
03.06.2016.,18.3,20.7,19.7,22.2,6.68,7.81,2.65,1.65,10.68,11.49,16.29,3.97,4.12,5.86,6.71,7.37,10.43,940,980,1000,88.02,85.29,61.39,1121,34.2,288,21,50.7,0.616,,,0.109,0.009,,0.141,12.2,3.46,,2.37,,0.008,1122,2,11200,596,1830,0.06,10.05,10.05,16,0.79,3.90,92.71,96.95,99.82,311,3.15,0.9
03.06.2016.(2),18.3,21,20,23.8,7.09,7.68,0.45,1.2,10.5,10.72,16.91,6.09,4.01,6.09,4.41,6.71,10.82,920,960,1000,87.62,89.55,59.14,1103,39.1,,,20.9,2.07,,,0.228,0.001,,6.15,6.91,5.4,,0.537,,0.039,1052,8,,,,,,,,,,,96.46,99.24,,3.27,0.92
06.06.2016.,19.9,21.3,20.7,24.1,6.89,7.67,0.25,1.1,12.32,12.57,17.46,4.31,4.44,5.89,8.01,8.13,11.57,950,980,1000,77.11,77.96,57.27,1092,35.5,439,50.6,64.8,6.36,,,0.166,0.005,63.9,11,11.2,6.12,,0.471,,0.042,964,50,8964,596,1295,0.07,10.52,10.52,17,0.98,2.20,88.47,96.75,94.81,518,3.16,0.93
06.06.2016.(2),18.6,21.7,20.7,27.1,7.34,7.69,0.4,1.05,10.95,11.13,16.82,3.89,3.97,5.77,7.06,7.16,11.05,950,980,1000,86.76,88.05,59.45,757,36.7,,,31.4,5.26,,,0.101,0.001,,11,5.88,6.94,,0.3,,0.072,320,18,,,,,,,,,,,95.15,94.38,,1.16,0.89
07.06.2016.,18.8,21.3,19.8,22.5,6.68,7.79,1.2,1.15,11.61,11.54,17.66,4.24,4.2,6.08,7.37,7.34,11.58,930,970,1000,80.1,84.05,56.62,,61.8,558,61.8,75,3.96,,,0.355,0.009,43.1,9.64,10.06,2.83,,1.25,,0.017,1502,114,8465,596,1541,0.07,9.68,9.68,16,1.04,2.69,88.92,,92.41,558,3.51,0.98
07.06.2016.(2),18.8,21.6,20.7,27.2,7.17,7.7,0.3,1.15,11.23,11.38,17.58,4.06,4.01,5.95,7.17,7.37,11.63,940,980,1000,83.7,86.12,56.88,1118,41.9,,,47.9,3.28,,,0.446,0.009,,9.15,10.01,5.45,,0.635,,0.045,376,2,,,,,,,,,,,96.25,99.47,,2.42,0.8
08.06.2016.,18.8,20.9,19.1,22.4,6.42,7.72,0.3,1.25,11.37,11.02,18.49,4.12,3.94,6.31,7.25,7.08,12.18,920,970,1000,80.91,88.02,54.08,1108,40.2,490,76,53.1,8.68,,,0.089,0.038,56.8,12.7,8.18,12.7,,0.49,,0.056,752,78,7778,596,1630,0.08,8.94,8.94,15,1.13,1.53,84.49,96.37,89.63,614,3.19,1.06
08.06.2016.(2),18.8,21.4,19.7,27.1,7.08,7.69,0.45,1.2,10.59,10.72,18.06,3.85,3.77,2.01,6.74,6.95,16.05,930,950,1000,87.82,88.62,55.37,1119,44.2,,,59.1,7.5,,,0.531,0.008,,13.6,14.7,6.62,,0.403,,0.061,904,30,,,,,,,,,,,96.05,96.68,,1.83,0.92
09.06.2016.,19.5,21,19.1,23,6.7,7.79,2.25,1.35,10.96,10.78,18.86,3.94,2.51,6.42,7.02,8.27,12.44,930,950,990,84.85,88.13,52.49,1479,54.9,569,39.4,61.4,1.99,,,0.103,0.008,56.8,7.14,12.8,3.38,,1.14,,0.006,1430,130,7263,595,1782,0.08,8.52,8.52,14,1.21,2.51,93.08,96.29,90.91,699,3.35,1.07
09.06.2016.(2),19.3,21.4,20.7,27.7,7.26,7.7,0.4,1.1,11.49,11.74,16.62,4.15,4.09,5.59,7.34,7.65,11.07,940,950,1000,81.81,80.92,60.16,1126,74.2,,,59,2.77,,,0.152,0.008,,7.84,12.3,5.03,,0.622,,0.004,1394,44,,,,,,,,,,,93.41,96.84,,1.85,1.01
10.06.2016.,18.4,21.2,19.7,23.5,6.68,7.71,1.45,1.3,12.25,12.31,17.08,4.27,4.27,5.91,7.98,8.04,11.07,950,980,1000,77.55,79.61,58.55,1129,37.1,95,24,67.1,1.74,,,0.124,0.007,65.8,8.01,10.8,2.58,,0.657,,0.014,1696,94,7886,596,1570,0.03,10.62,10.62,17,1.12,17.85,74.74,96.71,94.46,253,3.69,1.07
10.06.2016.(2),18.5,21.4,20.7,28.6,7.35,7.72,0.4,1.1,10.73,11.09,16.7,3.93,4.14,5.92,6.8,6.95,10.78,940,950,1000,87.6,85.66,59.88,1105,38,,,57.6,2.21,,,0.298,0.005,,6.05,10.4,2.89,,0.994,,0.052,1066,20,,,,,,,,,,,96.56,98.12,,1.44,0.92
13.06.2016.,17,20.3,19.7,22.5,6.4,7.5,1.35,1.42,7.99,7.91,17.04,2.77,2.71,5.61,5.22,5.2,11.43,850,900,1000,106.38,113.78,58.68,880,72.8,321,231,19.7,0.792,,,0.044,0.013,27.6,5.29,4.89,3.44,,0.55,,0.028,480,1608,14442,596,1435,0.09,6.89,6.89,11,0.61,1.50,28.04,91.73,-235.00,287,0.96,2.23
13.06.2016.(2),17.5,20.2,20,23.1,7.26,7.46,0.7,1.3,8.33,9.17,16.57,2.79,3.01,5.35,5.54,6.16,11.22,900,900,1000,108.04,98.15,60.35,1048,24.7,,,39.1,2.84,,,0.088,0.003,,9.48,7.07,6.56,,0.3,,0.062,760,2,,,,,,,,,,,97.64,99.74,,0.82,0.53
14.06.2016.,19.3,20.3,19.8,22.4,7.33,7.63,3.85,0.75,1.52,4.1,5.47,1.52,4.1,5.47,2.15,8.37,10.89,400,990,1000,108.99,79.39,61.12,848,36.6,355,19.7,101,0.499,,,0.136,0.002,80.8,7.16,13.1,1.73,,0.67,,0.012,452,54,10966,596,1683,0.14,7.58,7.58,12,0.80,1.27,94.45,95.68,88.05,597,3.87,0.63
14.06.2016.(2),18.4,21.1,20.7,25.4,7.36,7.58,2.2,1,4.44,12.15,16.74,1.7,4.11,5.56,2.74,8.04,11.18,240,980,1000,54.05,80.66,59.74,923,37.4,,,48.3,1,,,0.208,0.004,,8,7.19,1.93,,0.506,,,394,28,,,,,,,,,,,95.95,92.89,,1.17,0.6
15.06.2016.,19.3,21,20.7,21.9,6.57,7.69,2.1,0.85,2.62,13.62,16.85,1.26,4.64,5.67,1.36,8.98,11.18,140,990,1000,53.43,72.69,59.35,1119,48.6,400,56.3,64.7,8.7,,,0.188,0.012,58.3,12.1,10.4,3.05,,0.222,,,898,80,12542,597,2074,0.17,7.10,7.10,12,0.70,2.25,85.93,95.66,91.09,614,3.13,0.8
16.06.2016.,18.7,21.1,20.4,23.7,6.83,7.71,3.6,0.8,2.3,13.05,17.76,1.22,4.46,5.91,1.08,8.59,11.85,130,990,1000,56.52,75.86,56.31,1178,62.4,631,50.6,47.5,15.3,,,0.074,0.029,46.3,20.1,11,7.56,,0.515,,,2116,86,9518,596,2431,0.11,6.38,6.38,10,0.92,3.35,91.98,94.70,95.94,490,2.74,0.82
17.06.2016.,19,21.6,21.7,23.4,6.5,7.78,2,0.7,2.16,12.88,16.23,1.11,4.54,5.65,1.05,8.34,10.58,120,990,1000,55.55,76.86,61.61,901,106,290,34,41.6,18.4,,,0.077,0.064,47.2,28.9,7.4,11.5,,1.05,,,446,38,11032,597,2728,0.08,6.83,6.83,11,0.80,1.54,88.28,88.24,91.48,314,2.43,0.9
20.06.2016.,19.5,,21.1,23.1,7.57,7.56,,0.9,,10.87,20.65,,3.67,6.62,,7.2,14.06,,950,1000,,87.4,48.43,1139,127,321,129,92.2,31.8,,,0.275,0.045,81.3,39,25.9,14,,1.27,,,1828,138,8281,686,2386,0.04,3.38,3.38,5,1.06,5.69,59.81,88.85,92.45,154,1.22,1.2
21.06.2016.,20.1,,21.1,22.5,6.75,7.83,,0.85,,12.35,16.4,,4.23,5.44,,8.12,10.96,,960,1000,,77.73,60.97,2562,106,496,169,69.7,34.8,,,0.092,0.078,68.1,48.4,12.6,6.79,,0.0402,,,462,22,9641,662,2780,0.14,5.01,5.01,8,0.91,0.93,65.93,95.86,95.24,518,2.34,0.97
22.06.2016.,19.2,,21.7,25.5,6.67,7.78,,0.9,,11.54,16.63,,4.02,5.5,,7.52,11.13,,990,1000,,85.79,60.13,1167,108,332,118,54.6,48.8,,,0.106,0.057,86.8,49.7,14.7,8.21,,0.515,,,1690,32,9824,626,3002,0.14,4.88,4.88,8,0.90,5.09,64.46,90.75,98.11,462,2.74,0.97
22.06.2016.(2),19.5,,22.7,30,7.04,7.65,,0.8,,11.03,17.78,,3.78,5.71,,7.25,12.07,,950,1000,,86.13,56.24,978,163,,,44.8,48.5,61.1,46.5,0.096,0.057,50.4,46,8.17,11.3,,0.15,,0.02,648,126,,,,,,,,,,,83.33,80.56,,1.82,1.08
23.06.2016.,19.6,,21.9,26.4,6.57,7.77,,0.75,,11.31,16.93,,3.88,5.55,,7.43,11.38,,980,1000,,86.65,59.06,1122,112,575,67.5,52.5,35.8,52.7,49.9,0.098,0.047,79.5,47.5,12.1,8.58,,0.165,,0.021,1346,44,9116,648,2928,0.16,4.54,4.54,7,0.97,2.34,88.26,90.02,96.73,563,2.72,1.03
23.06.2016.(2),20.3,,22.7,29.1,7.01,7,,0.75,,11.17,18.13,,3.86,5.82,,7.31,12.31,,960,1000,,85.94,55.16,1033,131,,,50.1,40.3,48,46.5,0.072,0.07,57.9,41.9,7.19,10.8,,0.042,,0.039,608,50,,,,,,,,,,,87.32,91.78,,1.9,1.05
24.06.2016.,20.1,,22.6,26.7,6.64,7.8,,0.8,,10.64,15.8,,3.82,5.45,,6.82,10.35,,950,990,,89.29,62.66,926,121,284,70,45.7,39.3,55.2,51.7,0.093,0.053,59.8,51,9.42,7.95,,0.335,,0.059,626,52,10142,696,2782,0.11,4.26,4.26,7,0.87,2.20,75.35,86.93,91.69,320,1.59,1.05
24.06.2016.(2),20.4,,23.1,30.3,7.1,7.6,,0.76,,10.68,16.43,,4.05,5.8,,6.63,10.63,,970,1000,,90.82,60.86,1103,123,,,57.5,38.5,52.1,44.1,0.094,0.065,57.1,40.8,11.4,7.98,,0.475,,0.038,1154,54,,,,,,,,,,,88.85,95.32,,1.39,0.99
27.06.2016.,20.3,,20.7,24.5,6.94,7.7,,0.8,,11.47,14.69,,3.8,4.79,,7.67,9.9,,960,990,,83.7,67.39,1217,146,530,146,62.3,28.6,43.5,37.4,0.091,0.06,75.7,34.2,11.7,8.2,,0.176,,0.035,2456,160,14479,541,1706,0.11,6.35,6.35,10,0.61,4.63,72.45,88.00,93.49,259,1.01,0.8
27.06.2016.(2),19.7,,22.6,29.3,7.2,7,,1.02,,9.06,15.39,,3.07,4.97,,6.53,10.42,,920,1000,,101.54,64.98,1206,120,,,50.7,33.8,48.4,45.4,0.072,0.054,51.3,52.6,10.3,6.61,,0.494,,0.001,2058,52,,,,,,,,,,,90.05,97.47,,1.22,0.73
28.06.2016.,18.8,,21.7,22.3,7.01,7.5,,0.9,,10.25,17.17,,3.58,5.57,,6.67,11.6,,940,990,,91.71,57.66,1155,101,468,81.6,101,27.4,36.8,44.5,0.098,0.062,108,40.6,15.2,6.39,,0.212,,0.004,2298,8,9650,789,3014,0.06,3.33,3.33,5,0.91,4.91,82.56,91.26,99.65,186,0.82,0.78
28.06.2016.(2),20.1,,21.5,25,7.3,7.1,,1.06,,10.35,15.64,,3.54,5.15,,6.81,10.49,,940,1000,,90.82,63.94,1111,101,,,67.2,40.1,41.9,43.3,0.086,0.058,72.1,39.7,11.1,4.86,,3.44,,0.006,992,16,,,,,,,,,,,90.91,98.39,,1.94,0.75
29.06.2016.,19.1,,20.5,23.5,6.9,6.4,,1.1,,10.83,15.57,,3.81,5.27,,7.02,10.3,,950,1000,,87.72,64.23,501,97.4,349,92.8,69,37.7,51,48.6,0.673,0.111,62.1,42.1,14.2,1.91,,0.746,,0.035,1572,20,8639,527,2632,0.12,5.81,5.81,9,1.02,4.50,73.41,80.56,98.73,434,2.63,0.85
29.06.2016.(2),20.3,,24.1,27.6,7.3,7,,1.4,,9.53,16.33,,3.38,5.47,,6.15,10.86,,920,1000,,96.54,61.24,1010,91.9,,,75.7,36,52.3,43.5,0.091,0.05,91.8,40.6,7.98,1.27,,0.732,,0.003,502,22,,,,,,,,,,,90.90,95.62,,1.08,0.78
30.06.2016.,19.3,,21.1,23.7,7.01,7.02,,1.4,,10,17.25,,3.64,5.87,,6.36,11.38,,940,1000,,94,57.97,1094,61.4,237,61.9,61.8,26.1,52.6,59.7,0.158,0.051,61,32.6,9.94,0.878,,0.218,,0.028,718,86,8912,797,2070,0.16,3.20,3.20,5,0.99,3.03,73.88,94.39,88.02,513,3.27,1.02
30.06.2016.(2),20.5,,24.1,28.5,7.2,7.5,,1.3,,10.63,15.8,,3.67,5.28,,6.96,10.52,,930,1000,,87.49,63.29,900,60.8,,,74.3,28.9,58.2,57.4,0.074,0.047,64.8,31.7,6.56,0.665,,0.483,,0.001,418,2,,,,,,,,,,,93.24,99.52,,2.14,0.89
01.07.2016.,19.7,,21.7,24.9,6.92,7.3,,1.2,,10.62,15.09,,3.96,5.39,,6.66,9.7,,950,990,,89.45,65.61,1097,55.9,286,41,54.5,24.7,53.2,57.9,0.126,0.05,78.6,33.6,6.94,0.549,,0.317,,0.008,1038,50,8903,839,2164,0.06,3.69,3.69,6,0.99,3.63,85.66,94.90,95.18,199,3.17,0.99
01.07.2016.(2),20.1,,22.7,29.2,7.2,7,,1.25,,9.96,14.49,,3.88,5.27,,6.08,9.22,,930,1000,,93.37,69.01,966,74.9,,,34.8,26,49.4,36.5,0.083,0.053,52.1,28.6,5.81,0.683,,0.525,,0.047,638,8,,,,,,,,,,,92.25,98.75,,1.37,0.9
04.07.2016.,19.7,,21.7,24,7.14,7.9,,1.3,,11.25,14.93,,3.97,5.07,,7.28,9.86,,950,990,,84.44,66.31,799,68.2,372,127,62.3,27.9,63.1,57,0.11,0.06,89.3,33.7,9.91,0.649,,0.518,,0.035,364,60,6931,847,2105,0.10,3.91,3.91,6,1.27,0.98,65.86,91.46,83.52,468,3.55,1
04.07.2016.(2),20.4,,21.7,28.3,7.3,7.5,,1.27,,11.06,15.35,,3.88,5.2,,7.18,10.15,,950,1000,,85.89,65.15,1172,53.2,,,51.4,27.2,54.4,55.2,0.098,0.037,132,31.6,7.72,0.628,,0.316,,0.049,1310,2,,,,,,,,,,,95.46,99.85,,2.98,0.92
05.07.2016.,19.6,,20.7,24.5,6.68,7.7,,1.35,,11.7,14.76,,3.9,5.06,,7.8,7.9,,960,990,,82.05,67.07,1132,61.8,383,70.3,53.2,24.9,60.5,65.3,0.087,0.049,77.2,35.1,8.61,0.59,,0.182,,0.017,1146,114,7469,862,1990,0.09,4.05,4.05,7,1.18,2.99,81.64,94.54,90.05,417,2.57,1.05
05.07.2016.(2),20.1,,20.7,27.4,7.4,7.2,,1.4,,11.06,15.96,,3.79,5.29,,7.27,10.67,,950,1000,,85.89,62.66,961,63.5,,,45.4,32.3,58.8,58.2,0.118,0.045,47.8,31.8,7.3,0.639,,0.062,,0.024,458,8,,,,,,,,,,,93.39,98.25,,1.36,0.93
06.07.2016.,19.6,,21.1,23.5,6.97,7.2,,1.25,,11.05,14.51,,3.91,4.95,,7.14,9.56,,960,1000,,86.88,68.91,1145,64.4,439,70.3,63.2,26.2,61,59.4,0.076,0.005,87.4,36.6,9.95,0.791,,0.16,,0.025,1552,90,7805,862,537,0.11,3.89,3.89,6,1.13,3.54,83.99,94.38,94.20,439,2.43,1.05
06.07.2016.(2),20.6,,21.1,25.6,7.4,7.6,,1.31,,11.67,16.23,,3.91,5.21,,7.76,11.02,,950,990,,81.4,61,1151,58.6,,,61.9,27.3,62.3,72,0.103,0.049,72.2,29.6,6.72,0.625,,0.069,,0.017,1086,34,,,,,,,,,,,94.91,96.87,,1.21,0.97
07.07.2016.,19.8,,20.7,27.3,6.84,7.25,,1.4,,10.16,14.05,,3.87,4.77,,6.29,9.28,,970,1000,,95.47,71.17,943,54.5,321,76,107.6,28.4,56.5,59.7,0.154,0.049,116,40,13,0.559,,0.027,,0.014,486,34,7575,874,1920,0.19,3.64,3.64,6,1.16,1.51,76.32,94.22,93.00,699,3.92,0.93
07.07.2016.(2),19.3,,20.7,26.4,7.4,7.2,,1.45,,11.16,16.04,,3.77,5.22,,7.39,10.82,,950,1000,,85.12,62.34,1111,65.8,,,53.2,28.8,52.6,57.7,0.212,0.04,55.1,28.1,13.3,0.57,,0.191,,0.044,984,34,,,,,,,,,,,94.08,96.54,,1.25,0.99
08.07.2016.,20.5,,20.7,26.2,7.08,7.1,,1.15,,10.81,14.14,,3.97,5.04,,6.84,9.1,,950,1000,,87.88,70.72,1141,72.3,169,42,73.4,28,55,58.4,0.089,0.036,105,49.6,26.3,0.55,,0.012,,0.05,2104,60,7453,839,1870,0.08,4.01,4.01,7,1.18,12.45,75.15,93.66,97.15,303,1.39,1.06
08.07.2016.(2),20.4,,21.1,26.1,7.3,7.4,,1.28,,10.42,14.92,,3.76,5.13,,6.66,9.79,,950,1000,,91.17,67.02,784,62.5,,,48.9,30.3,59.1,61.6,0.091,0.04,60.3,35,5.59,0.831,,0.105,,0.039,372,4,,,,,,,,,,,92.03,98.92,,1.71,0.94
11.07.2016.,20.1,,21.7,25.3,6.71,6.9,,1.1,,11.39,15.21,,3.86,4.96,,7.53,10.25,,950,1000,,83.41,65.75,934,61.6,349,155,45.4,32.6,51.5,54,0.044,0.048,74.4,37,6.16,1.67,,0.043,,0.029,470,224,8926,997,,0.14,3.30,3.30,5,0.99,1.35,55.59,93.40,52.34,524,3.45,1.02
11.07.2016. (2),19.9,,22.7,28.6,7.2,7.5,,1.12,,9.96,15.94,,3.47,5.21,,6.49,10.73,,950,1000,,95.38,62.73,931,56.2,,,40.8,28.9,67.3,53.5,0.164,0.037,53.5,33.7,5.91,2.02,,0.018,,0.031,478,8,,,,,,,,,,,93.96,98.33,,2.37,0.92
12.07.2016.,20.3,,21.7,25.4,7.13,7.3,,0.97,,10.93,15.66,,3.77,5.13,,7.16,10.53,,960,1000,,87.83,63.86,1152,61.9,355,61.9,60.2,28.4,52.4,56.1,0.113,0.05,240,221.7,10.8,1.21,,0.032,,0.03,1558,122,7168,849,,0.13,3.62,3.62,6,1.23,4.39,82.56,94.63,92.17,561,3.13,1.09
13.07.2016.,20.4,,22.7,23.9,6.64,6.9,,0.85,,11.71,15.43,,3.93,4.99,,7.78,10.44,,970,1000,,82.83,64.81,3302,82.2,484,121,222,32.4,87,56.5,0.655,0.061,214,39.5,29.5,7.09,,0.192,,0.021,4316,32,14546,398,,0.23,8.39,8.39,14,0.60,8.92,75.00,97.51,99.26,552,3.81,0.98
13.07.2016. (2),21.6,,22.7,25.4,7.3,7.1,,1.18,,10.56,16.81,,3.54,5.36,,7.02,11.45,,940,1000,,89.01,59.49,1142,71.4,,,44.6,36.8,74.8,53.6,0.079,0.061,47.4,37.7,6.24,7.01,,0.275,,0.003,758,12,,,,,,,,,,,93.75,98.42,,2.2,0.98
14.07.2016.,19.6,,22.6,21.7,6.6,8.1,,0.65,,8.7,19.04,,2.9,5.95,,5.8,13.09,,900,1000,,103.45,52.52,332,83.9,366,64.7,21.1,36.1,53.5,44.6,0.062,0.071,37,56.3,7.17,13.5,,0.43,,0.031,1238,116,14711,706,,0.12,2.85,2.85,5,0.60,3.38,82.32,74.73,90.63,214,0.72,1.03
14.07.2016.(2),19.1,,21.5,25.5,6.8,7.1,,1.15,,7.53,17.62,,2.42,5.38,,5.11,12.24,,890,1000,,118.19,56.75,743,94.8,,,35.4,19.2,47.5,40.8,0.095,0.075,34.1,28.6,4.58,3.22,,1.12,,0.029,426,2,,,,,,,,,,,87.24,99.53,,1.25,0.75
15.07.2016.,20.1,,20.7,26.4,7.4,7.1,,0.7,,11.4,14.57,,3.91,4.89,,7.49,9.68,,980,1000,,85.96,68.63,649,90.3,239,62,57.1,31.9,50.1,44.3,0.071,0.07,72.4,35.4,6.49,7.56,,0.193,,0.042,190,112,21453,655,,0.14,5.26,5.26,9,0.41,0.79,74.06,86.09,41.05,216,4.53,0.81
15.07.2016.(2),20.4,,20.7,23,7.2,7.6,,1.15,,10.18,16.63,,3.56,5.57,,6.62,11.06,,940,990,,92.34,59.53,990,86.6,,,34.7,31.4,60.9,61.4,0.097,0.104,43.5,35.9,6.92,8.37,,0.041,,0.023,614,38,,,,,,,,,,,91.25,93.81,,3.66,0.74
18.07.2016.,20.2,,20,21.9,6.98,6.8,,0.8,,10.57,14.13,,3.7,4.7,,6.87,9.43,,950,990,,89.88,70.06,2092,94.5,513,45.2,46.5,28.7,47.5,46.1,0.106,0.047,65.1,39.2,12.9,4.87,,0.557,,0.032,3378,4,9893,602,,0.19,5.47,5.47,9,0.89,6.58,91.19,95.48,99.88,586,3.63,0.8
19.07.2016.,19.9,,21,23.2,6.42,8.3,,0.8,,10.59,17.56,,3.69,5.73,,6.9,11.83,,950,1000,,89.71,56.95,1154,100,518,146,36.6,36,48.8,49.8,0.056,0.049,51.9,40.2,7.4,6.71,,0.398,,0.043,1392,326,9803,596,,0.20,4.45,4.45,7,0.90,2.69,71.81,91.33,76.58,614,3.94,1.23
20.07.2016.,21.1,,20.7,21.6,6.46,7.1,,1.4,,10.37,16.86,,3.59,5.5,,6.78,11.36,,920,990,,88.72,58.72,1866,95.3,439,70.3,40.7,32.3,50.3,43.2,0.083,0.043,94.2,47.1,13.8,7.45,,1.03,,0.06,2344,34,10032,598,,0.19,4.53,4.53,7,0.88,5.34,83.99,94.89,98.55,558,3.39,0.97
21.07.2016.,20.1,,21.3,25.2,6.33,6.5,,0.65,,10.15,16.09,,3.53,5.25,,6.62,,,930,1000,,91.63,62.15,1196,106,558,64.7,42.2,34.1,51.2,53.2,0.131,0.048,70.8,38.8,10.1,6.83,,0.555,,0.031,1892,22,5854,695,,0.11,3.99,3.99,6,1.50,3.39,88.41,91.14,98.84,541,3.19,1.04
22.07.2016.,20.1,,22.7,25.8,7.73,7.9,,0.35,7.04,8.01,11.43,2.59,2.94,3.97,4.45,5.07,7.46,720,840,940,102.27,104.87,82.24,1036,108,198,34,43.5,35.5,44.4,35.2,0.079,0.039,66.4,47.3,6.34,7.1,,0.589,,0.043,252,246,9105,596,,0.07,9.72,9.72,16,0.97,1.27,82.83,89.58,2.38,333,2.77,1.28
25.07.2016.,22.4,24,23,26.6,7.19,7.7,2.05,1.39,7.92,8.09,10.82,2.8,2.84,3.59,5.12,5.25,7.23,720,740,940,90.91,91.47,86.88,1215,30.2,535,30.2,59.3,13,51.2,49.5,0.112,0.002,78.2,22.4,9.65,0.37,,1.52,,2.52,1800,18,14629,596,,0.11,10.92,10.92,18,0.60,3.36,94.36,97.51,99.00,344,1.18,0.92
26.07.2016.,21.9,23.2,22.3,24.4,6.93,7.8,2.25,1.83,6.28,6.23,16.19,2.26,2.22,5.26,4.02,4.01,10.93,650,800,990,103.5,128.41,61.14,420,40.9,163,70.3,40.3,10.6,54.4,27.9,0.073,0.012,27,26.3,3.24,0.341,,1.9,,3.5,262,28,14456,596,,0.10,5.70,5.70,9,0.61,1.61,56.87,90.26,89.31,242,1.23,1.02
27/07/2016,23.6,23.2,22.7,25.2,7.01,7.2,1.3,1.3,7.33,7.03,13.27,2.53,2.41,4.2,4.8,4.62,9.07,740,830,990,100.95,118.06,74.6,1277,31.6,648,47.8,37.7,5.23,45.2,41.9,0.128,0.001,56.4,12.1,9.92,0.345,,1.38,,3.33,3110,10,9675,596,,0.10,7.99,7.99,13,0.91,4.80,92.62,97.53,99.68,417,1.68,0.7
28.07.2016.,24,23.9,23.2,26.2,7.28,7.6,2.05,1,7.82,7.5,8.33,2.77,2.65,2.88,5.05,4.85,5.45,750,810,850,95.91,108,102.04,1010,47.6,372,39.4,48.2,9.1,53.8,45.3,0.076,0.009,73.3,17.9,5.18,0.285,,1.63,,1.82,362,26,9269,596,,0.11,13.58,13.58,22,0.95,0.97,89.41,95.29,92.82,518,3.37,0.89
29/07/2016,22.5,23.9,25.5,25.7,6.96,7.1,1.95,1.05,7.35,7.12,11.29,2.95,2.8,4.1,4.4,4.32,7.19,750,860,970,102.04,120.79,85.92,1206,34.5,292,19,58.7,10,46.9,43.1,0.169,0.004,44.9,35,13.7,0.279,,1.96,,3.09,2358,74,9927,596,,0.08,9.46,9.46,15,0.89,8.08,93.49,97.14,96.86,300,1.97,0.93
01.08.2016.,23.2,23.9,23,24.3,7.04,7.3,2.15,0.95,7.88,7.79,12.93,2.99,2.96,4.45,4.89,4.83,8.48,840,880,1000,106.6,112.97,77.34,1120,39,665,64.7,103,8.22,52.3,49.3,0.675,0.002,128,9.69,19.4,0.553,,0.92,,0.797,1558,122,11570,596,,0.17,8.95,8.95,15,0.76,2.34,90.27,96.52,92.17,642,2.67,1.05
02.08.2016.,22.5,23.6,22.5,24.3,7.02,7.5,4.85,0.35,7.55,7.32,13.92,2.87,2.79,4.7,4.68,4.53,9.22,840,870,990,111.26,118.85,71.12,1209,45.4,546,59.1,107,11.4,39.8,46,0.104,0.018,127,18.4,14.3,7.3,,2.6,,0.983,3166,16,9561,596,,0.09,7.89,7.89,13,0.92,5.80,89.18,96.24,99.49,377,1.19,0.9
03.08.2016.,22.4,23.9,22.2,24.6,7.1,7.3,3.55,0.9,9.97,9.58,14.27,3.7,3.54,4.98,6.27,6.04,9.29,830,900,990,83.25,93.95,69.38,1114,47.2,513,87.2,65.4,11.1,47.3,40,0.071,0.019,90.9,26.1,7.16,0.814,,0.316,,4.74,1002,46,9388,596,,0.11,10.11,10.11,16,0.94,1.95,83.00,95.76,95.41,620,3.29,1
04.08.2016.,23.3,23.8,22.5,26.5,7.03,6.7,1.25,0.85,8.73,8.93,13.95,3.11,2.98,4.69,5.62,5.95,9.26,830,890,1000,95.07,99.66,71.68,1123,47.2,524,45,1123,47.2,51.4,45.3,0.213,0.041,54,24.5,20.8,0.596,,7.62,,1.79,1378,88,9286,597,,0.11,9.33,9.33,15,0.95,2.63,91.41,95.80,93.61,603,3.28,0.98
05.08.2016.,23.4,24.1,22.7,24.5,7.09,7.7,1.45,0.9,7.93,7.97,13.18,3.01,3,4.66,4.92,4.97,8.52,840,890,1000,105.93,111.67,75.87,1294,35.1,101,29,79.4,10.2,75.6,48.8,1.197,0.015,84,19.9,19.2,0.96,,1.88,,1.95,3212,36,10543,595,,0.08,8.92,8.92,14,0.83,31.80,71.29,97.29,98.88,333,3.02,1
08.08.2016.,21.7,22.7,21.3,23.2,7.2,7.2,0.4,1.05,8.76,8.46,14.08,3.19,2.95,4.67,5.57,5.51,9.41,850,920,1000,97.03,108.75,71.02,697,42.6,417,84.4,44.7,11.7,46.9,44.4,0.129,0.039,80.4,21.6,5.05,0.952,,0.62,,1.13,312,78,8829,681,,0.02,7.90,7.90,13,1.00,0.75,79.76,93.89,75.00,135,2.45,0.92
09.08.2016.,21.5,22.9,21.7,24.6,7.16,7.1,0.8,1.05,8.92,8.97,14.05,3.18,3.16,4.76,5.74,5.81,9.29,850,900,1000,95.29,100.33,71.17,2263,36.9,355,64.7,63.7,10.6,49.5,51.9,0.764,0.036,134,17.7,15.7,0.768,,0.829,,1.35,4154,38,9032,596,,0.11,9.40,9.40,15,0.97,11.70,81.77,98.37,99.09,592,3.78,0.84
10.08.2016.,22.1,23.2,22.1,25.1,7.08,7.3,3.65,1.02,8.58,8.56,14.34,3.17,2.63,4.93,5.41,6.04,9.41,880,910,1000,102.56,104.95,69.73,1195,36.4,777,45,74.3,6.02,45.1,51.3,0.159,0.004,99.6,28.9,24.7,4.65,,4.65,,1.99,2306,50,13852,596,,0.16,8.82,8.82,14,0.64,2.97,94.21,96.95,97.83,580,3.64,0.94
11.08.2016.,22.7,22.3,21.7,23.2,7.21,7.4,3.45,1.1,9.62,8.67,16.67,3.43,3.13,5.6,6.19,5.54,11.07,830,890,1000,86.28,102.65,59.99,4141,37.8,277,36,58,7.81,26.9,19.1,0.267,0.002,99.1,20.7,10.07,1.8,,2.97,,2.29,892,16,9758,596,,0.07,8.10,8.10,13,0.90,3.22,87.00,99.09,98.21,369,1.23,0.78
12.08.2016.,22,21.8,20,20.2,7.2,6.9,3.5,1.1,8.23,8.19,13.63,3.14,2.92,4.9,5.09,5.27,8.73,860,920,1000,104.49,112.33,73.37,736,38.3,259,28.1,34.9,3.31,39.7,43.1,0.094,0.005,55.3,19,7.42,2.16,,8.77,,1.24,492,14,9571,596,,0.09,8.89,8.89,14,0.92,1.90,89.15,94.80,97.15,434,2.46,0.89
15.08.2016.,21.6,23,21.7,26.5,6.83,7.5,3.4,0.95,9.95,9.58,14.89,3.67,3.74,5.08,6.28,5.84,9.81,880,940,1000,88.44,98.12,67.16,1045,41.7,400,42.2,46.37,4.88,26.7,33.9,0.105,0.013,57.4,19.9,6.09,1.76,,5.26,,0.552,300,16,9580,596,,0.10,9.68,9.68,16,0.92,0.75,89.45,96.01,94.67,546,3.11,0.94
16.08.2016.,22.5,23.2,22.7,24.9,6.8,7.7,3.5,1,8.63,9.22,13.81,3.2,3.34,4.84,5.43,5.88,8.97,860,910,1000,99.65,98.7,72.41,1305,39.5,468,36.6,60.3,4.5,41.1,48.7,0.116,0.011,74.1,17.6,12.5,3.54,,5.7,,0.315,3246,26,8547,596,1909,0.11,9.54,9.54,15,1.03,6.94,92.18,96.97,99.20,614,2.76,1.02
17.08.2016.,23,23.4,21.7,23.7,7.04,7.3,3.05,1.5,9.05,8.95,14.2,3.32,3.26,4.94,5.73,5.69,9.26,860,940,1000,95.03,105.03,70.42,1155,51.5,390,51.5,60.3,1.74,37.6,49.9,0.082,0.005,60.2,12.7,8.56,3.37,,4.52,,0.188,1118,2,20681,511,2005,0.19,10.91,10.91,18,0.43,2.87,86.79,95.54,99.82,467,3.36,0.93
18.08.2016.,22.8,22.2,21,22.8,6.72,7.9,2.05,1,8.1,8.14,12.52,2.97,2.97,4.39,5.13,5.17,8.13,840,910,970,103.7,111.79,77.48,1792,32.8,266,25.3,36.9,1.97,47.7,34.8,0.343,0.008,60,33.8,7.36,4.42,,1.83,,0.078,1998,6,9302,596,2073,0.11,9.58,9.58,16,0.95,7.51,90.49,98.17,99.70,524,1.48,1.48
19.08.2016.,21.8,22.4,21.2,23.8,7.08,7.7,2.15,1.5,8.6,8.29,13.44,3.19,3.11,5.13,5.41,5.18,8.31,880,920,1000,103.32,110.98,74.4,1138,32.3,580,25.3,34.4,1.36,52.3,65.5,0.136,0.004,75.8,10.1,10.2,2.17,,1.44,,0.291,1210,52,5319,607,2212,0.05,9.11,9.11,15,1.65,2.09,95.64,97.16,95.70,398,3.21,0.91
22.08.2016.,21.5,22.9,21.3,23.1,6.92,7.1,0.5,1.2,8.53,9.04,15.84,3.11,3.17,5.47,5.42,5.87,10.37,850,940,1000,99.65,103.98,62.5,1160,31.9,254,39.4,26.6,2.59,44.7,47.8,0.139,0.009,42.2,8.34,10.1,3.44,,1.39,,0.303,1444,88,13626,596,1701,0.11,8.19,8.19,13,0.65,5.69,84.49,97.25,93.91,417,1.03,0.98
22.08.2016.(2),21,21.9,21.2,19.2,7.6,7.8,0.76,1.64,8.21,7.84,16.8,2.93,2.78,5.71,5.28,5.06,11.09,790,860,1000,96.22,109.69,59.52,1168,45.5,,,33.3,1.86,36.5,22.1,0.063,0.005,48.6,9.43,6.36,2.93,,2.05,,0.792,322,6,,,1971,,,,,,,,96.10,98.14,,1.33,0.83
23.08.2016.,21.8,21.6,20.9,24.1,7.14,7.1,1.65,1.67,8.64,8.61,14.3,3.18,3.14,5.02,5.46,5.47,9.28,870,920,1000,100.69,106.85,69.93,1213,26.8,535,19.7,52.4,0.443,50.6,40.7,0.147,0.002,68.2,10.5,13.6,3.09,,8.07,,0.308,1760,88,9944,596,1768,0.09,8.91,8.91,14,0.88,3.29,96.32,97.79,95.00,456,2.29,0.81
23.08.2016.(2),21.9,21.9,21.1,23.7,8,7.3,0.9,1.5,9.02,9.13,15.17,3.27,3.31,5.14,5.75,5.82,10.03,870,880,1000,96.45,96.38,65.92,1145,28.5,,,55.9,0.783,62.5,39.5,0.195,0.01,76.1,9.6,10.9,3.55,,4.28,,0.221,1568,200,,,,,,,,,,,97.51,87.24,,1.72,0.73
24.08.2016.,22.4,22.1,20.9,22.2,6.88,7.9,4.4,1.35,9.04,8.96,15.63,3.36,3.36,5.48,5.68,5.6,10.15,870,940,1000,96.24,104.91,63.98,1111,31.3,305,6,37.6,1.07,42.7,43.5,0.064,0.001,57.8,16.9,7.6,2.44,,4.48,,0.25,924,48,10690,595,1966,0.07,8.52,8.52,14,0.82,3.03,98.03,97.18,94.81,346,2.54,0.88
24.08.2016.(2),23.8,22.7,21.7,26.3,7.6,7.7,0.35,1.1,9.6,9.21,16.3,3.43,3.34,5.51,6.17,5.87,10.79,890,920,1000,97.71,99.89,61.35,1198,26,,,44.4,0.87,25.4,26.3,0.246,0.009,67.3,8.04,12.5,4.68,,3.34,,0.206,1198,4,,,,,,,,,,,97.83,99.67,,1.49,0.79
25.08.2016.,23.4,22.8,21.4,22.7,7.29,7.3,3.7,1.15,8.81,9.58,15.7,3.25,3.5,5.41,5.56,6.08,10.29,880,930,1000,99.89,97.08,63.69,1134,32.4,248,5.6,64.3,1.59,44.2,50.7,0.159,0.004,107,8.65,19.8,3.91,,0.366,,0.481,1684,66,10574,596,1901,0.08,8.65,8.65,14,0.83,6.79,97.74,97.14,96.08,406,2.56,0.9
25.08.2016.(2),22.6,23.4,22.1,27.3,7.8,7.3,1.5,1.15,9.49,9.58,16.17,3.48,3.49,5.55,6.01,6.09,10.62,880,930,1000,92.73,97.08,61.84,1111,36.2,,,44.3,2.2,56.4,48.7,0.131,0.002,56.7,9.65,8.49,4.82,,1,,0.164,732,20,,,,,,,,,,,96.74,97.27,,1.46,0.89
26.08.2016.,23,23,21.4,24.1,7,9,0.3,1.1,9.24,9.31,16.48,3.44,3.46,5.69,5.8,5.85,10.79,870,940,990,94.15,100.97,60.07,1178,47.4,326,37,46.5,3.51,42.6,44.9,0.085,0.002,58.7,7.85,11.9,3.86,,0.997,,0.269,1710,96,9985,596,1856,0.11,8.31,8.31,13,0.88,5.25,88.65,95.98,94.39,562,2.94,1.01
26.08.2016.(2),22.7,23.4,22.1,28.1,7.8,7.7,1.35,1,9.29,9.08,15.21,3.65,3.42,5.53,5.64,5.66,9.68,880,920,1000,94.73,101.32,65.75,1140,49.3,,,43.6,2.7,36.2,23.4,0.162,0.029,65.3,7.66,8.96,5.23,,0.553,,0.116,1204,2,,,,,,,,,,,95.68,99.83,,3.84,0.93
29.08.2016.,23,23.6,21.7,,6.83,,2.2,1,10.21,10.24,15.46,3.7,3.75,5.38,6.51,6.49,10.08,890,950,1000,87.17,92.77,64.68,1067,37.1,468,28.1,44.8,2.12,46.6,56.2,0.177,0.007,66,9,9.63,3.08,,3.42,,0.296,516,108,11455,511,2007,0.18,11.39,11.39,18,0.77,1.10,94.00,96.52,79.07,900,3.66,1.1
29.08.2016.(2),23.6,23.5,22.7,30.5,7.6,7.3,0.62,1.23,8.85,9.21,15.68,3.23,3.36,5.34,5.62,5.85,10.34,830,940,990,93.79,102.06,63.14,,,,,54.8,4.96,56.5,46.8,0.218,0.01,,,12,,,0.688,,0.108,1236,12,,,,,,,,,,,,99.03,,1.25,0.95
30.08.2016.,22.5,23.1,22.7,24.6,7.12,7.6,2.15,0.4,10.48,5.2,12.83,3.88,2.19,4.59,6.6,3.01,8.24,890,330,990,84.92,63.46,77.16,1113,47.7,247,59,49.2,57,54.1,57,0.166,0.062,65.7,13.4,11.4,9.38,,2.01,,0.201,868,28,10413,619,1869,0.09,8.69,8.69,14,0.85,3.51,76.11,95.71,96.77,349,1.27,0.93
30.08.2016.(2),23.6,23.7,23.7,25.3,7.7,7.3,4,1.06,9.75,11.7,15.1,3.49,4.1,5.12,6.26,7.6,9.98,870,960,1000,89.23,82.05,66.23,1120,47.4,,,54,7.65,44.3,49.8,0.233,0.032,60,13.2,11.6,10.2,,0.232,,0.088,1124,22,,,,,,,,,,,95.77,98.04,,1.65,0.93
31.08.2016.,21.9,23.2,21.7,22.7,7.08,7.8,2.55,1.1,10.56,10.9,15.63,3.85,3.92,5.43,6.71,6.98,10.2,880,980,1000,83.33,89.91,63.98,1071,46,338,39.4,97.1,6.92,57.5,54.5,0.197,0.037,95.9,16.4,9.89,1.54,,3.53,,0.328,558,40,10696,596,1840,0.10,10.14,10.14,16,0.82,1.65,88.34,95.70,92.83,569,2.35,0.93
31.08.2016.(2),22.1,23.5,21.7,31.2,7.8,7.8,0.38,1.29,10.37,10.51,15.07,3.63,3.7,5.11,6.74,6.81,9.96,900,960,990,86.79,91.34,65.69,1140,46.8,,,50.1,49,54.3,49,0.233,0.014,59.4,11.4,11.8,1.1,,2.97,,0.247,1212,8,,,,,,,,,,,95.89,99.34,,1.47,0.92
01.09.2016.,22,22.7,21.7,23.7,7.24,8.1,2.25,1.8,10.52,10.71,15.09,3.75,3.83,5.19,6.77,6.88,9.9,890,940,1000,84.6,87.77,66.27,1116,31.9,1000,28.1,43.4,0.795,54.9,51.4,0.18,0.002,67.3,9.68,9.91,0.685,,4.46,,0.216,810,160,10171,597,1879,0.09,10.37,10.37,17,0.87,0.81,97.19,97.14,80.25,558,2.67,1.13
01.09.2016.(2),22.7,23,21.7,27.7,7.7,7.2,0.2,1.39,9.83,10.06,14.87,3.57,3.66,5.11,6.26,6.4,9.76,890,940,990,90.54,93.44,66.58,1159,31.8,,,53.2,0.559,62.8,47.9,0.253,0.003,56.1,7.35,11.3,0.745,,2.53,,0.212,1582,26,,,,,,,,,,,97.26,98.36,,2.33,0.93
02.09.2016.,23.4,22.5,21.3,23.6,7.26,7.7,2,1.5,10.02,10.81,14.95,3.78,4.16,5.39,6.24,6.65,9.56,890,930,1000,88.82,86.03,66.89,1094,34.2,513,28.1,50.1,0.707,48.4,49.5,0.193,0.003,63.4,7.74,10.1,7.74,,3.91,,0.255,828,116,10472,596,1719,0.07,10.29,10.29,17,0.84,1.61,94.52,96.87,85.99,364,1.67,1.09
02.09.2016.(2),21.7,22.9,21.7,27.4,7.6,7.8,3.54,1.45,9.07,9.46,14.29,3.51,3.62,5.23,5.56,5.84,9.06,880,940,990,97.02,99.3,69.28,830,37.5,,,35.5,0.4,48.4,46,0.34,0.001,44.1,7.67,1.06,1.11,,2.56,,0.029,236,4,,,,,,,,,,,95.48,98.31,,2.51,0.96
05.09.2016.,21.9,22.5,21.1,21.1,7.1,8,0.2,1.4,10.17,10.38,14.83,3.71,3.75,5.16,6.46,6.63,9.67,900,950,990,88.5,91.52,66.76,1122,38.8,496,13.9,43.4,5.09,53.5,49,0.212,0.019,31.2,24.9,9.25,0.873,,0.57,,0.088,810,184,17396,596,1639,0.17,10.23,10.23,17,0.51,1.63,97.20,96.54,77.28,563,3.33,1.09
05.09.2016.(2),21.3,21.9,21.4,20.8,7.3,7.6,0.3,1.05,5.39,9.49,16.22,2.14,3.37,5.48,3.25,6.12,10.74,500,950,1000,92.76,100.11,61.65,1153,44.7,,,23.1,6.54,27.5,27.1,0.193,0.026,38.2,10.5,7.55,7.04,,0.296,,0.015,222,26,,,,,,,,,,,96.12,88.29,,2.86,0.92
06.09.2016.,21.6,20.7,,19.9,7.22,7.9,0.1,1.75,10.29,10.51,15.56,3.63,3.67,5.31,6.66,6.84,10.25,950,950,1000,92.32,90.39,64.27,1095,32.1,530,47.8,46,5.77,49.4,41.8,0.247,0.021,68.1,11.8,10.6,1.9,,0.388,,0.079,954,90,10225,596,1842,0.06,9.87,9.87,16,0.86,1.80,90.98,97.07,90.57,369,1.34,0.85
06.09.2016.(2),22.3,21.2,20.4,22.3,7.9,7.9,0.15,1.2,10.01,10.04,14.89,3.56,3.56,5.03,6.45,6.48,9.86,930,950,1000,92.9,94.62,67.16,1112,45.1,,,42.5,4.45,36.7,29,0.228,0.018,69.2,11.5,10.1,1.39,,0.949,,0.055,426,36,,,,,,,,,,,95.94,91.55,,1.23,0.7
07.09.2016.,21.9,21.3,20.8,22.1,7.16,7.8,0.15,1.4,10.2,10.43,14.9,3.6,3.69,5.09,6.6,6.74,9.81,930,960,1000,91.18,92.04,67.11,1084,33.9,365,82,46.7,6.65,50.7,43.6,0.218,0.017,64.8,0.017,9.52,2.41,,0.376,,0.014,552,86,10679,596,1731,0.07,10.22,10.22,17,0.82,1.51,77.53,96.87,84.42,376,2.44,0.93
07.09.2016.(2),22.4,22,21.7,27.5,7.6,7.8,0.05,1.05,9.48,9.92,15.5,3.37,3.43,5.13,6.11,6.49,10.37,920,920,990,97.05,92.74,63.87,1080,40.7,,,42.8,5.15,31.1,15.2,0.893,0.015,54.6,8.7,8.6,1.93,,0.556,,0.014,294,32,,,,,,,,,,,96.23,89.12,,2.11,0.81
08.09.2016.,22.2,22.2,21.2,23.9,7.2,7.7,0.15,1.15,10.06,10.51,15.5,3.53,3.64,5.14,6.53,6.87,10.36,930,960,1000,92.45,91.34,64.52,1279,39,451,53.5,63.8,6.73,42.2,30.4,0.25,0.006,82.3,8.35,15.8,0.873,,0.361,,0.013,1274,6,10993,596,1800,0.10,9.80,9.80,16,0.80,2.82,88.14,96.95,99.53,563,2.95,0.87
09.09.2016.,23.3,22.4,21.1,24.5,7.1,7.3,0.2,1.2,9.6,10.05,14.93,3.43,3.57,5.16,6.17,6.48,9.77,920,970,1000,95.83,96.52,66.98,943,36.4,462,53.5,46.4,8.79,51.2,41.3,0.246,0.012,68.4,10.8,8.92,1.04,,1.12,,0.003,554,6,10462,537,1658,0.11,10.78,10.78,18,0.84,1.20,88.42,96.14,98.92,603,1.72,0.92
12.09.2016.,22.7,22.6,21.7,24.8,7.3,7.7,0.2,1.25,9.46,9.03,16.34,3.28,3.15,5.28,6.18,5.88,11.06,920,950,1000,97.25,105.2,61.2,1134,48.1,501,81.6,77.5,13.5,48.5,49,0.202,0.034,84.8,16.7,14,6.18,,0.556,,0.045,270,64,10647,632,1686,0.09,7.88,7.88,13,0.83,0.54,83.71,95.76,76.30,473,2.05,1.07
12.09.2016.(2),23,23.1,22.7,29.6,7.6,7.9,0.15,1.3,8.91,8.86,16.63,3.3,3.18,5.45,5.62,5.68,11.18,910,930,1000,102.02,104.97,60.13,1200,35.7,,,44.9,10.8,33.6,13.5,0.494,0.023,64.6,16.2,12.6,3.66,,0.349,,0.002,1416,12,10647,632,1686,,7.44,7.44,12,0.83,,,97.03,99.15,,4.27,0.89
13.09.2016.,22.7,22.5,21.9,24.8,7.1,7.6,0.05,1.05,10.1,10.21,14.81,3.5,3.51,4.87,6.6,6.7,9.94,950,980,1000,94.06,95.98,67.52,1132,51.6,558,84.4,47.3,13.7,51.4,50.4,0.307,0.033,76.6,21.1,11.4,5.79,,0.311,,0.02,866,118,11316,628,1629,0.11,9.61,9.61,16,0.78,1.55,84.87,95.44,86.37,586,3.1,1.08
13.09.2016.(2),23.2,22.9,22.7,27.6,7.7,7.8,0.1,1.4,9.14,10.97,14.82,3.25,3.76,4.95,5.89,7.21,9.87,940,990,1000,102.84,90.25,67.48,1112,44.2,,,49.7,16.2,63,44.3,0.522,0.041,60.4,18.3,13.1,7.58,,0.149,,0.003,904,42,,,,,,,,,,,96.03,95.35,,2.58,0.94
14.09.2016.,23,22.8,21.6,22.4,7.11,7.7,0.1,1.15,950,980,990,3.39,3.6,4.96,6.36,7.08,10.38,950,980,990,97.44,91.76,64.45,1110,50.5,344,78.8,62.6,20.8,51.9,50,0.253,0.045,76.1,19.3,14,1.81,,0.078,,0.031,730,10,10173,634,,0.08,13.53,13.53,22,0.87,2.12,77.09,95.45,98.63,479,2.07,0.98
14.09.2016.(2),22.2,23.1,22.1,24.6,7.6,7.5,0.05,1.05,10.15,10.47,15.38,3.45,3.55,5,6.7,6.92,10.38,890,980,1000,87.68,93.6,65.02,817,43.4,,,38.7,15.3,64.3,47.2,0.345,0.044,48.8,21.3,8.06,1.15,,0.055,,0.319,296,58,,,,,,,,,,,94.69,80.41,,1.74,0.89
15.09.2016.,22.2,21.2,20.7,23.7,7.09,7.27,0.11,0.4,1.11,3.48,2.29,0.72,1.42,1.07,0.39,2.06,1.22,0,130,130,0,37.36,56.77,1220,136,400,53,54.9,25.7,48,42.5,0.205,0.107,72.6,32.8,13,16.2,,0.05,,0.061,1550,144,10194,436,1655,0.36,20.23,20.23,32,0.86,3.88,86.75,88.85,90.71,384,2.14,1.14
15.09.2016.(2),24,23.1,22.7,23.8,7.4,7.2,0.11,0.9,14.47,13.92,13.94,4.66,4.48,4.44,9.81,9.44,9.5,980,1000,990,67.73,71.84,71.02,1265,163,,,55.6,33,54.9,42,0.206,0.105,63.3,33.9,16.3,14.9,,0.316,,0.021,3002,2,,,,,,,,,,,87.11,99.93,,1.4,1.1
16.09.2016.,22.1,22.7,21.4,23.2,6.9,7.3,0.05,0.95,9.2,9.56,15.47,3.32,3.46,5.19,5.88,6.1,10.28,960,990,1000,104.35,103.56,64.64,1161,13.1,473,127,55.6,34.7,52.4,47.7,0.218,0.102,72.2,39.9,13.7,10.8,,0.137,,0.049,1476,138,10362,596,1755,0.11,8.95,8.95,15,0.85,3.12,73.15,98.87,90.65,546,2.63,1.1
16.09.2016.(2),22.3,22.1,22.1,26.9,7.7,7.1,0.05,0.95,6.69,9.84,16.01,2.51,3.5,5.34,4.18,6.34,10.67,950,980,1000,142,99.59,62.46,1152,98.8,,,56.8,0.281,47.1,23.6,0.615,0.099,60,34.3,10.9,9.04,,0.051,,0.338,738,60,,,,,,,,,,,91.42,91.87,,1.58,0.98
19.09.2016.(2),20.9,22,21.7,22,7.6,7.2,0.42,1.53,6.71,7.83,15.16,2.23,2.58,4.75,4.48,5.25,10.41,850,950,1000,126.68,121.33,65.96,677,46,282,59.1,20.8,8.72,42.2,45.9,0.137,13.2,33.4,13.2,4.9,4.28,,0.204,,0.095,308,32,24599,362,1632,0.11,11.66,11.66,19,0.36,1.09,79.04,93.21,89.61,197,0.68,0.79
20.09.2016.,21.8,20.8,19.3,19.8,7.1,7.3,8.65,1.75,4.57,5.25,11.45,1.56,1.78,3.6,3.01,3.47,7.85,530,600,990,115.97,114.29,86.46,1225,78.5,608,30.9,61.1,0.883,51,35.6,0.208,0.001,81.1,11.6,11.7,1.29,,5.82,,0.126,1966,70,10297,606,1732,0.12,6.23,6.23,10,0.85,3.23,94.92,93.59,96.44,332,0.75,0.69
20.09.2016.(2),22.1,21.1,20,20.3,7.9,7.3,1.35,1.8,5.43,5.97,14.15,1.91,2.09,4.44,3.52,3.88,9.71,750,850,990,138.12,142.37,69.96,1175,23.9,,,44.4,0.374,56,37.4,0.185,0.004,42.4,11.5,8.64,0.381,,6.45,,0.538,1100,0,,,,,,,,,,,97.97,100.00,,1.27,0.6
21.09.2016.,21.7,20.9,19.5,17.9,7.07,8.7,2.5,1.75,6.83,7.98,12.43,2.41,2.48,4.01,4.42,5.5,8.42,860,900,1000,125.91,112.78,80.45,632,88,315,22.5,36.9,0.496,47.1,47.1,0.217,0.002,47.9,12.5,8.68,1.1,,7.83,,0.036,632,88,10337,596,1758,0.12,8.80,8.80,14,0.85,2.01,92.86,86.08,86.08,501,2.54,0.85
21.09.2016.(2),21.9,20.9,19.4,19.4,7.6,7.5,1.8,1.65,7.16,7.43,13.67,2.47,2.54,4.29,4.69,4.89,9.38,850,900,990,118.72,121.13,72.42,1224,8,,,50.9,0.378,54.5,54.6,0.214,0.003,80.3,7.81,11.8,1.09,,5.39,,0.011,1224,8,,,,,,,,,,,99.35,99.35,,3.07,0.72
22.09.2016.,20.8,20.6,18.7,19.3,7.26,7.2,2.05,2.45,8.07,8.24,13.63,2.76,2.81,4.34,5.31,5.43,9.29,870,950,1000,107.81,115.29,73.37,1147,20.3,411,11.3,51.6,0.416,50.9,38.9,0.203,0.008,68.3,7.92,11.7,0.975,,2.29,,0.013,1628,40,10740,540,1669,0.13,9.75,9.75,16,0.82,3.96,97.25,98.23,97.54,558,2.99,0.83
22.09.2016.(2),22.1,20.8,19.7,20,7.8,7.8,0.4,1.4,8.75,8.71,12.83,2.91,2.85,4.01,5.84,5.85,8.82,910,930,1000,104,106.77,77.94,974,33.4,,,42,1.02,70.7,54.2,0.192,0.002,55.3,7.01,7.69,0.712,,1.21,,0.113,398,32,,,,,,,,,,,96.57,91.96,,2.29,0.83
23.09.2016.,21.4,20.6,18.3,18.6,7.01,8,2.5,1.7,8.95,8.89,14.73,3.19,3.17,4.95,5.7,5.72,9.78,890,940,990,99.44,105.74,67.21,1166,65.2,251,13,56.7,0.547,52.1,44.9,0.217,0.001,84.8,7.94,11.6,0.67,,2.5,,0.082,1044,104,9965,596,1882,0.08,8.94,8.94,15,0.88,4.16,94.82,94.41,90.04,388,2.43,1.02
23.09.2016.(2),22.2,21.1,19.1,23.4,7.8,7.9,1.1,1.35,7.96,9.13,15.21,2.89,3.2,4.97,5.07,5.93,10.24,930,910,1000,116.83,99.67,65.75,1126,28.7,,,50.8,0.569,64.1,55.6,0.222,0.017,67.2,6.81,11.8,0.582,,1.32,,0.087,1168,2,,,,,,,,,,,97.45,99.83,,3.66,0.87
26.09.2016.,21.7,20.7,19.2,19.5,7.39,7.6,1.1,1.6,9.1,9.32,12.74,3.15,3.22,4.17,5.95,6.1,8.57,900,950,990,98.9,101.93,77.71,1138,27.6,603,14.1,42.7,0.126,55.4,45.2,0.204,0.03,62.7,8.19,10.7,0.228,,3.11,,0.109,938,146,10419,790,1733,0.12,8.05,8.05,13,0.84,1.56,97.66,97.57,84.43,620,2.61,1.07
26.09.2016.(2),21.5,21.1,19.7,22,7.8,7.5,1.35,1.3,8.99,9.43,13.85,3.15,3.2,4.46,5.84,6.23,9.39,910,960,1000,101.22,101.8,72.2,1135,19.4,,,73.7,0.414,81,61.1,0.287,0.001,80.1,4.67,11,0.252,,2.78,,0.123,94,26,,,,,,,,,,,98.29,72.34,,2.13,0.89
27.09.2016.,21.2,20.6,19.7,18.7,7.2,7.3,1.05,1.3,10.29,10.42,14.23,3.54,3.58,4.63,6.75,6.84,9.6,940,960,1000,91.35,92.13,70.27,1186,27.7,1200,22.5,46.2,0.151,57.2,54,0.213,0.002,64.7,14.9,12.3,0.162,,1.76,,0.056,1610,36,9299,596,1642,0.09,10.74,10.74,17,0.95,1.34,98.13,97.66,97.76,592,2.92,0.94
27.09.2016.(2),21,21.1,19.1,23.9,7.7,7.9,1.5,1.3,9.21,9.52,14.52,3.23,3.28,4.78,5.98,6.24,9.74,970,920,1000,105.32,96.64,68.87,1114,27,,,49.1,0.559,46.5,29.3,0.273,0.005,65.7,4.5,19.8,0.17,,1.9,,0.252,888,0,,,,,,,,,,,97.58,100.00,,3.02,0.9
28.09.2016.,22,20.8,18.7,18.8,7,7.2,2.35,1.65,9.48,9.8,16.1,3.28,3.39,5.13,6.2,6.41,10.97,920,960,1000,97.05,97.96,62.11,1094,32.4,439,28.1,53.8,0.629,65.8,51.4,0.212,0.004,98.9,5.38,10.9,0.376,,3.22,,0.127,1844,168,9749,595,1832,0.11,8.86,8.86,14,0.90,4.20,93.60,97.04,90.89,620,3.43,1.14
28.09.2016.(2),22.1,21.1,19.7,24.8,7.7,7.8,0.25,1.25,9.29,9.39,15.85,3.24,3.23,5.14,6.05,6.16,10.71,900,960,1000,96.88,102.23,63.09,1160,25.2,,,77,0.995,66.5,52.1,0.496,0.005,71.2,5.08,12.7,0.412,,1.72,,0.081,1148,20,,,,,,,,,,,97.83,98.26,,2.08,0.93
29.09.2016.,20.9,20.9,19,18.9,7.2,7.4,3.65,1,9.32,8.82,15.45,3.23,3.04,4.96,6.09,5.78,10.49,910,970,1000,97.64,109.98,64.72,796,27.6,,,34.5,0.632,45.6,38,0.17,0.002,52,5.94,7.95,0.528,,2.15,,0.09,408,8,9806,597,2154,,8.65,8.65,14,0.90,,,96.53,98.04,,2.97,0.95
30.09.2016.,20.8,21.1,19.7,19.6,7.24,7.9,1.4,1.7,8.52,8.63,14.41,3.07,3.05,4.81,5.45,5.58,9.6,900,900,1000,105.63,104.29,69.4,1139,44.3,,,39.2,0.389,56.3,58.9,0.142,0.004,46.6,6.97,7.99,849,,3.47,,0.092,868,22,9224,510,1779,,10.27,10.27,17,0.95,,,96.11,97.47,,2.53,0.96
03.10.2016.,21.9,21.3,20,19.8,7,7.9,0.8,1,7.6,7.73,13.62,2.6,2.66,4.27,5,5.07,9.35,870,920,1000,114.47,119.02,73.42,1139,99,541,39.4,61.4,1.25,46.9,43.8,0.196,0.042,75.9,5.51,10.5,2.34,,2.26,,0.15,1066,168,11018,635,1752,0.11,7.80,7.80,13,0.80,1.97,92.72,91.31,84.24,462,1.83,1.01
03.10.2016.(2),22,21.5,20.2,20.2,7.7,7.8,0.45,1.45,7.72,7.78,14.25,2.66,2.7,4.51,5.06,5.08,9.74,870,910,1000,112.69,116.97,70.17,933,85.9,,,41,0.976,51.5,46.6,0.259,0.004,58.6,5.58,8.19,2.3,,2.17,,0.134,416,42,,,,,,,,,,,90.79,89.90,,1.57,0.86
04.10.2016.,21,20.8,19.7,19.1,7.2,8.5,1.9,1.8,9.55,9.62,12.35,3.23,3.24,4.03,6.32,6.3,8.32,940,990,1000,98.43,102.91,80.97,1183,47,659,16.9,89.6,0.672,49.7,43.5,0.197,0.001,102,6.63,15.1,1.23,,3.12,,0.151,2124,74,11582,628,1804,0.16,10.88,10.88,18,0.76,3.22,97.44,96.03,96.52,789,3.41,0.97
04.10.2016.(2),20.6,20.7,19.7,17.8,7.9,7.2,0.4,1.35,9.67,9.65,14.46,3.18,3.25,4.56,6.49,6.4,9.9,950,960,1000,98.24,99.48,69.16,968,38.8,,,52.4,1.42,59,38.1,0.207,0.011,148,10.3,11,1.62,,1.43,,0.11,450,2,,,,,,,,,,,95.99,99.56,,1.16,0.84
05.10.2016.,20.3,20,18.8,16,6.99,8.3,2.35,1.75,8.61,8.95,14.46,3,3.1,4.63,5.61,5.85,10.1,910,960,1000,105.7,107.26,69.16,1149,38.2,580,25.3,34.5,0.868,43.1,39.2,0.146,0.007,49.4,8.86,10.9,0.843,,3.26,,0.161,1422,20,10732,596,1862,0.10,8.97,8.97,15,0.82,2.45,95.64,96.68,98.59,479,1.93,0.87
05.10.2016.(2),21.2,20,18.2,16.2,7.8,7.2,0.6,1.35,9.43,9.56,14.89,3.09,3.25,4.71,6.34,6.31,10.18,920,960,1000,97.56,100.42,67.16,1150,50.3,,,41.6,1.43,51.3,37.9,0.249,0.032,71.4,7.05,11.8,1.21,,2.3,,0.118,1056,62,,,,,,,,,,,95.63,94.13,,3.32,0.89
06.10.2016.,20.9,19.3,17,14.8,7.1,7.9,2.75,1.7,9.53,9.79,14.53,3.23,3.31,4.64,6.3,6.48,9.89,940,960,1000,98.64,98.06,68.82,1127,63.8,502,12.7,58.8,1.11,56.1,44.1,0.14,0.007,82.1,9.71,12.7,1.09,,4.47,,0.146,1590,44,10600,596,1834,0.09,9.82,9.82,16,0.83,3.17,97.47,94.34,97.23,496,2.06,0.91
06.10.2016.(2),21.3,19.4,17,15.5,7.8,7.6,0.4,1.4,9.83,9.85,15.05,3.21,3.32,4.76,6.62,6.53,10.29,950,970,1000,96.64,98.48,66.45,1168,53.8,,,63.5,1.55,54.6,38,0.215,0.019,108,6.95,17.7,1.24,,2.17,,0.105,2264,14,,,,,,,,,,,95.39,99.38,,1.92,0.91
07.10.2016.,20.5,19,17.1,17.3,7.2,8.7,2.6,1.8,8.99,9.22,13.91,3.46,3.43,4.84,5.53,5.79,9.07,900,950,990,100.11,103.04,71.17,1093,41.2,153,0,52.4,1.44,46.9,45.7,0.177,0.01,66.9,8.75,10.2,0.982,,4.46,,0.136,814,54,10510,596,1865,0.06,9.66,9.66,16,0.84,5.32,100.00,96.23,93.37,286,2.96,1.04
07.10.2016.(2),20.8,19.4,17.7,17.1,7.8,6.9,0.4,1.4,9.02,9.3,13.91,3.24,3.39,4.7,5.78,5.91,9.21,920,970,1000,101.99,104.3,71.89,1442,59,,,20.6,1.24,72,18,0.3,0.014,116,7.18,18.6,1.16,,2.74,,0.046,1534,30,,,,,,,,,,,95.91,98.04,,2.69,0.96
10.10.2016.,19.7,19.1,16.7,17.3,7.1,8.4,2.15,1.05,9.25,9.4,14.34,3.22,3.29,4.51,6.03,6.11,9.83,940,970,1000,101.62,103.19,69.74,1092,34,423,14.1,54.7,0.56,55.5,47.8,0.208,0.006,64.4,8.08,9.4,0.864,,2.87,,0.103,662,134,12163,645,1977,0.13,8.87,8.87,14,0.72,1.57,96.67,96.89,79.76,552,2.79,1.05
10.10.2016.(2),19.7,19.2,17.7,16.9,7.8,7.8,1.95,1.35,9.39,9.57,14.6,3.1,3.14,4.62,6.29,6.43,9.98,910,970,1000,96.91,101.36,68.49,1130,29.7,,,59.8,0.535,79.9,56.4,0.234,0.016,70.4,7.24,10.9,1.06,,2.06,,0.048,844,2,,,,,,,,,,,97.37,99.76,,2.1,0.89
11.10.2016.,18.9,18.9,17.7,19.1,6.87,8.7,0.95,1.55,8.6,9.07,14.72,3.01,3.12,4.57,5.59,5.95,10.15,920,970,1000,106.98,106.95,67.93,1031,25.4,563,16.9,35.1,0.559,40.8,44.8,0.206,0.022,54.8,9.27,8.25,1.28,,3.02,,0.106,278,68,13623,522,1608,0.19,10.12,10.12,16,0.65,0.49,97.00,97.54,75.54,715,3.29,1.01
11.10.2016.(2),19.5,17.7,17.1,16.4,7.8,7.2,0.75,1.45,9.25,9.71,14.66,2.99,3.22,4.6,6.26,6.49,10.06,930,950,1000,100.54,97.84,68.21,1098,26.8,,,45.9,0.383,54.4,43.1,0.322,0.011,60.1,5.75,11.1,1.62,,1.76,,0.055,650,90,,,,,,,,,,,97.56,86.15,,1.82,0.89
12.10.2016.,15.4,18.4,17.2,13,7.3,8.3,0.5,1.5,8.36,8.75,7.56,2.88,2.99,4.99,5.48,5.76,2.57,920,960,1000,110.05,109.71,132.27,457,176,180,76,17.4,1.13,39.4,45.1,0.139,0.034,25.8,8,3.67,2.05,,1.27,,0.023,324,202,22670,596,1591,0.21,16.71,16.71,27,0.39,1.80,57.78,61.49,37.65,456,1.6,1.05
13.10.2016.,19.1,16.2,,17.1,7.25,8.3,2.1,1.75,7.83,8.08,13.83,2.56,2.66,4.34,5.27,5.42,9.49,930,960,1000,118.77,118.81,73.31,1105,26.6,423,5.6,55.7,0.149,53.1,31.9,0.213,0.008,66.8,9,11.6,0.727,,6.72,,0.003,876,8,9327,596,1896,0.07,8.49,8.49,14,0.94,2.07,98.68,97.59,99.09,355,1.1,0.54
14.10.2016.,20.4,17.4,16.1,15,7.1,7,3.05,1.85,8.75,9.02,13.16,2.99,3.1,4.21,5.76,5.92,8.95,940,970,1000,107.43,107.54,75.99,922,33.2,171,11,68.7,0.157,62.2,39.6,0.208,0.007,87.1,15,9.32,0.969,,11.1,,0.024,758,20,11304,616,1574,0.07,9.65,9.65,16,0.78,4.43,93.57,96.40,97.36,334,3.32,0.73
17.10.2016.,20.9,19.7,18.1,16.7,7.16,7.2,1.55,1.7,9.42,9.59,14.58,3.18,3.2,4.67,6.24,6.39,9.91,930,980,1000,98.73,102.19,68.59,1161,34.5,473,16.9,60.4,1.78,45.9,19.3,0.233,0.01,79.8,7.24,11.6,2.12,,1.02,,0.017,1202,14,10166,609,1309,0.07,9.42,9.42,15,0.87,2.54,96.43,97.03,98.84,394,1.3,0.89
18.10.2016.,20.3,19,17.1,15,7,7.4,4.1,1.8,9.65,9.95,14.24,3.28,3.39,4.65,6.37,6.56,9.59,930,980,990,96.37,98.49,69.52,1089,30.8,118,19.7,46.5,0.8,48.21,45.2,0.131,0.007,52.1,6.24,7.21,1.26,,3.53,,0.059,376,26,10799,596,1424,0.12,10.16,10.16,16,0.81,3.19,83.31,97.17,93.09,620,2.06,0.9
19.10.2016.,20,18.4,16.7,14.7,7.5,7,3.5,1.55,9.79,10.11,14.51,3.23,3.32,4.52,6.56,6.79,9.99,960,970,1000,98.06,95.94,68.92,1167,27.6,496,8.4,50.2,0.763,36.8,15.8,0.23,0.009,72.7,5.02,14.8,1.87,,1.52,,0.011,1372,8,11050,596,1480,0.08,10.12,10.12,16,0.80,2.77,98.31,97.63,99.42,423,1.49,0.91
20.10.2016.,19.2,18.4,16.1,15.8,7.28,7.5,1.85,1.75,9.2,9.55,14.56,3.11,3.15,4.59,6.09,6.4,9.97,940,980,1000,102.17,102.62,68.68,1107,26.9,423,14.1,60.6,0.749,57.6,44,0.299,0.012,70,4.44,13.3,1.94,,1.03,,0.003,896,20,11609,596,1601,0.15,9.51,9.51,15,0.76,2.12,96.67,97.57,97.77,699,2.11,0.92
21.10.2016.,19.1,18.4,17.3,14.9,7.07,7.6,2,1.75,8.95,9.11,14.14,3.16,3.2,4.69,5.79,5.91,9.45,910,960,990,101.68,105.38,70.01,906,44.1,173,3,35.3,1.41,45.5,42.6,0.175,0.018,54.8,4.99,8.01,1.86,,1.6,,0.021,256,14,13777,596,1371,0.05,9.43,9.43,15,0.64,1.48,98.27,95.13,94.53,179,2.94,0.9
24.10.2016.,19,18.2,16,14.3,7.15,7.3,0.15,1.65,9.38,9.78,14.29,3.12,3.16,4.5,6.26,6.62,9.79,910,950,990,97.01,97.14,69.28,1160,74.5,330,30.9,61,0.563,64.2,49.9,0.156,0.021,68.9,7.19,12.1,1.9,,3.6,,0.034,1230,10,9542,596,1535,0.08,9.90,9.90,16,0.92,3.73,90.64,93.58,99.19,451,2.15,0.86
25.10.2016.,19.8,18.7,17.7,16.7,7.14,7.1,1.9,1.7,9.82,9.82,15.75,3.2,3.21,4.93,6.62,6.61,10.82,910,950,1000,92.67,96.74,63.49,1112,30.8,428,11.3,69.5,0.613,74.9,41.5,0.237,0.005,96.2,9.71,13.7,2.7,,7.63,,0.081,918,86,13710,596,1622,0.11,9.21,9.21,15,0.64,2.14,97.36,97.23,90.63,473,2.71,0.98
26.10.2016.,17.4,18.5,18,17.9,7.1,7.7,0.45,1,7.18,6.8,15.68,2.48,2.35,5,4.7,4.45,10.68,840,890,1000,116.99,130.88,63.78,477,43.9,265,28.1,17.6,1.64,43.4,48.6,0.163,0.015,31.9,6.46,5.34,5.17,,1.57,,0.017,182,16,12205,596,1502,0.08,6.58,6.58,11,0.72,0.69,89.40,90.80,91.21,265,0.65,0.85
27.10.2016.,19.3,18.5,16.8,13.8,7.33,7.8,0.8,2,8.49,8.93,14.56,2.9,2.98,4.6,5.59,5.95,9.96,920,950,1000,108.36,106.38,68.68,894,2,394,25.3,43.9,0.459,53.8,46.2,0.134,0.005,53.6,8.83,9.09,2.66,,5.21,,0.066,894,2,9062,595,1358,0.08,8.85,8.85,14,0.97,2.27,93.58,99.78,99.78,462,1.75,0.77
28.10.2016.,19.5,18.4,16.1,13.6,7.24,7,0.95,1.7,8.36,8.84,14.23,2.96,3.1,4.72,5.4,5.74,9.51,910,940,990,108.85,106.33,69.57,1150,30.3,240,19,69.3,0.698,56.9,15.4,0.196,0.02,81,9.31,12.9,3.8,,6.7,,0.066,870,20,9060,596,1337,0.07,8.92,8.92,14,0.97,3.63,92.08,97.37,97.70,364,3.39,0.86
31.10.2016.,18.9,17.5,15.1,13.4,7.5,7.3,0.4,1.6,9.08,9.11,14.97,3.18,3.09,4.72,5.9,6.02,10.25,930,950,1000,102.42,104.28,66.8,1069,47.9,118,16.9,29,1.3,63.5,29,0.268,0.005,88,8.7,13,5.65,,4.59,,0.076,426,50,9336,596,1229,0.09,8.97,8.97,15,0.94,3.61,85.68,95.52,88.26,484,2.5,0.92
01.11.2016.,18.6,17.3,14.8,15.5,7.48,8,0.45,1.8,9,9.09,15.08,3.09,3.07,4.75,5.91,6.02,10.33,910,950,1000,101.11,104.51,66.31,1118,40.5,670,16.9,65,1.97,72.8,60.4,0.201,0.005,71.3,10.5,12.5,5.08,,5.28,,0.133,1014,30,9188,596,1645,0.09,8.86,8.86,14,0.96,1.51,97.48,96.38,97.04,520,3.31,0.96
02.11.2016.,18.3,17.4,15.1,17.4,7.22,7.9,0.9,1.75,8.33,8.3,8.29,2.92,2.89,2.91,5.41,5.41,5.38,910,940,990,109.24,113.25,119.42,1081,39.7,507,19.7,68.5,0.474,71.8,56.2,0.235,0.008,83.9,12.4,12.5,4.14,,8.39,,0.055,780,2,13443,596,1339,0.11,14.81,14.81,24,0.65,1.54,96.11,96.33,99.74,402,3.39,0.97
03.11.2016.,18.2,17.4,16.1,12.9,7.3,8,1.1,1.85,7.79,7.92,15.38,2.68,2.74,4.8,5.11,5.18,10.58,900,920,990,115.53,116.16,64.37,862,41.6,299,28.1,37.1,2.14,65.5,52.8,0.242,0.007,60.9,9.76,11,5.15,,3.28,,0.118,552,34,10241,595,1390,0.05,7.55,7.55,12,0.86,1.85,90.60,95.17,93.84,228,1.65,0.8
04.11.2016.,18.4,17,15.6,13.7,7.49,7.8,1.8,1.66,8.13,8.23,14.29,2.89,2.95,4.77,5.24,5.28,9.52,910,940,1000,111.93,114.22,69.98,1081,28.1,193,12,52.2,0.64,72.6,55,0.241,0.007,61.6,9.75,9.06,5.1,,5.86,,0.021,544,2,10015,596,1165,0.00,8.45,8.45,14,0.88,2.82,93.78,97.40,99.63,,2.91,0.88
07.11.2016.,16.6,16.8,15.7,13.7,7.6,7.7,1.9,1.8,7,7.24,15.14,2.39,2.39,4.67,4.61,4.85,10.47,850,890,1000,121.43,122.93,66.05,1135,59.3,304,22.5,55,1.4,63.6,47.7,0.181,0.014,74.1,8.64,11.2,6.31,,2.63,,0.095,1002,4,10000,605,1421,0.04,6.84,6.84,11,0.88,3.30,92.60,94.78,99.60,158,0.68,0.79
08.11.2016.,17.9,16.8,15.7,12.7,7.52,7.4,1,1.75,9.2,9.51,12.45,3.03,3.15,3.95,6.17,6.36,8.5,920,950,1000,100,99.89,80.32,1089,53.1,434,16.9,46.5,0.227,51,48,0.171,0.002,56.5,8.63,9.8,1.43,,4.82,,0.023,798,16,11085,613,1556,0.09,10.79,10.79,18,0.79,1.84,96.11,95.12,97.99,428,1.71,0.77
09.11.2016.,16.2,16.4,,11.1,7.7,8.7,2.75,1.55,9.32,9.2,13,3.14,3.1,4.17,6.18,6.1,8.83,930,960,1000,99.78,104.34,76.92,929,28.9,225,14.1,42.5,0.203,51.4,45,0.056,0.032,57.7,10.6,8.44,1.41,,7.62,,0.101,688,130,10274,596,1534,0.09,10.52,10.52,17,0.86,3.06,93.73,96.89,81.10,473,2.25,0.93
09.11.2016.(2),17.7,16,14,12.7,8.2,7.8,1.01,2,9.53,8.39,14.63,1.75,2.81,4.63,7.78,5.58,10,950,640,1000,99.68,76.28,68.35,558,35.7,,,38.4,0.542,58.8,14.8,0.18,0.066,59.2,11.6,7.6,2.44,,6.52,,0.113,122,46,,,,,,,,,,,93.60,62.30,,0.85,0.77
10.11.2016.,17.9,16,14.1,12.5,7.3,8.4,1.75,1.85,8.52,8.69,14.01,3,3.05,4.62,5.52,5.54,9.39,930,960,1000,109.15,110.47,71.38,1182,37.9,54,6,114,0.504,67.1,49.7,0.222,0.011,120,10.7,21,3.16,,6.26,,0.058,2382,134,9344,596,1534,0.06,9.07,9.07,15,0.94,44.11,88.89,96.79,94.37,318,2.32,0.94
14.11.2016.,17.6,14.7,12.9,12,7.97,8,2.2,1.6,8.91,8.68,14.43,2.95,2.92,4.56,5.96,5.76,9.87,900,940,1000,101.01,108.29,69.3,735,33.3,361,25.3,47.8,0.552,73.2,48,0.175,0.001,82.1,16.7,8.47,3.78,,11.6,,0.093,258,122,10112,599,1219,0.12,8.95,8.95,15,0.87,0.71,92.99,95.47,52.71,620,2.32,0.9
14.11.2016.(2),17.4,15.2,13.2,10.7,8.2,8.1,1.85,1.9,8.5,8.37,14.26,3.05,2.86,4.77,5.45,5.51,9.49,900,950,1000,105.88,113.5,70.13,776,20.4,,,37.3,0.458,73.5,49.9,0.178,0.002,44.7,13.4,7.3,4.38,,9.59,,0.087,234,6,,,,,,,,,,,97.37,97.44,,1.54,0.8
15.11.2016.,17.1,15.2,13.7,12.8,8.1,8,2.35,1.65,8.15,8.16,13.71,2.88,2.87,4.46,5.27,5.29,9.25,930,940,1000,114.11,115.2,72.94,1110,54.9,361,36.6,45.8,0.484,61.6,44.7,0.181,0.014,68.6,18.5,10.2,4.21,,15.3,,0.082,652,166,10325,597,1343,0.08,8.77,8.77,14,0.85,1.81,89.86,95.05,74.54,344,1.67,1.04
15.11.2016. (2),16.8,15.4,13.9,10.4,8.3,7.8,1.9,1.85,8.21,8.56,13.98,2.9,2.94,4.53,5.31,5.62,9.45,940,920,1000,114.49,107.48,71.53,746,30.6,,,40.7,0.441,68.1,54.5,0.169,0.017,70.5,16.7,7.33,4.6,,12.3,,0.073,464,2,,,,,,,,,,,95.90,99.57,,1.87,0.89
16.11.2016.,16.8,14.9,13.5,10.2,7.6,7.8,1.6,1.6,9.07,8.71,12.86,3.15,3.06,4.21,5.92,5.65,8.65,940,950,1000,103.64,109.07,77.76,1091,69.4,383,25.3,46.9,0.594,73.1,48.7,0.155,0.001,70,17.6,10.1,5.48,,16.3,,0.089,1036,60,9299,596,1538,0.09,10.21,10.21,17,0.95,2.70,93.39,93.64,94.21,479,2.75,1.03
16.11.2016.(2),17,15.2,13.7,10.2,8.1,8.1,2.75,1.7,8.34,8.9,13.84,2.89,3,4.48,5.45,5.9,9.36,900,940,990,107.91,105.62,71.53,882,37.4,,,45.7,0.51,73.2,53,0.196,0.001,50.3,12.4,8.84,5.48,,10.3,,0.095,376,116,,,,,,,,,,,95.76,69.15,,2.19,0.86
17.11.2016.,17.2,15.1,13.7,15.1,7.7,8.3,1.2,1.55,8.62,8.62,13.06,3.04,3.04,4.31,5.58,5.58,8.75,910,930,1000,105.57,107.89,76.57,941,33.1,400,19.7,71.1,0.42,73.8,54.5,0.216,0.002,67.9,13.7,13.5,3.97,,13.2,,0.09,440,140,9285,597,1298,0.14,9.73,9.73,16,0.95,1.10,95.08,96.48,68.18,744,3.43,1.12
18.11.2016.,17.3,15.2,13.9,13,7.44,7.5,1.8,1.8,8.72,8.93,13.25,3.07,2.2,4.44,5.65,6.73,8.81,940,950,1000,107.8,106.38,75.47,1198,29.2,81,6,75.2,0.221,58.7,56,0.257,0.013,106,9.44,17.9,4.14,,6.61,,0.067,1914,4,9783,596,1446,0.05,9.83,9.83,16,0.90,23.63,92.59,97.56,99.79,264,2.61,0.9
21.11.2016.,17,16.5,15.1,16.3,7.7,8,1.15,1.65,9.6,9.71,14.19,3.36,3.38,4.65,6.24,6.33,9.54,920,960,990,95.83,98.87,69.77,1145,24.5,487,39.3,113,0.214,55.6,61.3,0.211,0.044,99.3,9.29,17.8,2.56,,7,,0.15,1808,78,8460,596,1355,0.09,10.05,10.05,16,1.04,3.71,91.93,97.86,95.69,608,2.72,0.99
21.11.2016.(2),17.2,16.3,15.1,15.5,8.2,7,4.25,1.7,5.09,9.73,13.95,1.95,3.29,4.48,3.14,6.44,9.47,640,970,1000,125.74,99.69,71.68,876,30.9,,,47.8,1.6,73.9,16.7,0.287,0.007,77.5,8.47,10.9,4.65,,5.34,,0.195,220,16,,,,,,,,,,,96.47,92.73,,1.18,0.93
22.11.2016.,17.9,16.2,14.8,17.9,7.5,8.3,5.35,2,9.8,10.03,13.88,3.34,3.42,4.49,6.46,6.61,9.39,950,960,1000,96.94,95.71,72.05,1113,36.1,483,43.1,56.7,0.412,75.8,58.2,0.155,0.001,75.6,12.3,9.67,2.47,,9.29,,0.187,758,126,10016,597,1347,0.11,10.53,10.53,17,0.88,1.57,91.08,96.76,83.38,637,3.09,1.09
22.11.2016.(2),16.9,16.4,15.7,14.6,8.1,8,1.4,1.55,9.85,9.54,14.31,3.28,3.29,4.65,6.57,6.25,9.66,940,960,1000,95.43,100.63,69.88,998,30.7,,,58.3,0.394,93.4,57.8,0.271,0.003,60.6,10.6,10.2,2.77,,7.55,,0.201,364,32,,,,,,,,,,,96.92,91.21,,2.43,0.94
23.11.2016.,17.2,16,14.7,12.7,7.6,7.3,2.2,1.65,9.33,9.45,13.95,3.34,3.33,4.67,5.99,6.12,9.28,930,960,1000,99.68,101.59,71.68,646,40.3,403,16.7,46.9,0.298,88.6,65.4,0.192,0.002,75.8,11.9,9.05,2.98,,12.3,,0.15,356,116,9522,596,1472,0.11,9.94,9.94,16,0.92,0.88,95.86,93.76,67.42,597,2.94,1.1
23.11.2016.(2),18.1,16.1,14.7,13.8,8.3,8,1.05,1.95,9.03,9.47,14.13,3.18,3.19,4.66,5.85,6.28,9.47,920,960,1000,101.88,101.37,70.77,1127,28.1,,,54.4,0.315,77.5,65.7,0.27,0.002,62.5,10.6,11.5,3.17,,8.83,,0.145,332,20,,,,,,,,,,,97.51,93.98,,1.35,0.93
24.11.2016.,17.5,15.8,14.1,11.9,7.66,8.4,2.05,1.65,9.47,9.92,14.26,3.28,3.39,4.52,6.19,6.53,9.74,950,970,1000,100.32,97.78,70.13,1154,44.4,187,13.2,63.7,0.328,74.9,62.3,0.25,0.005,64.8,11.5,12.8,3.63,,10.1,,0.137,1162,120,9712,596,1408,0.05,10.04,10.04,16,0.91,6.21,92.94,96.15,89.67,286,3.27,1.13
24.11.2016.(2),17.6,16,14.7,13.9,8.3,8,1.2,1.7,9.21,9.46,14.11,3.1,3.17,4.47,6.11,6.29,9.64,940,950,1000,102.06,100.42,70.87,927,31.1,,,46.7,0.416,60.3,49.8,0.342,0.002,69.7,8.82,8.75,4.3,,5.36,,0.151,196,48,,,,,,,,,,,96.65,75.51,,1.38,0.98
25.11.2016.,17.7,16,14.7,16.9,7.4,8.3,1.75,1.6,9.22,9.1,13.33,3.31,3.27,4.47,5.91,5.83,8.86,950,950,990,103.04,104.4,74.27,1578,36.4,119,68,78.3,0.34,57.3,53.7,0.203,0.001,130,8.65,21.6,3.38,,7.85,,0.153,3984,102,9208,596,1463,0.05,10.15,10.15,16,0.96,33.48,42.86,97.69,97.44,289,3.52,1.06
25.11.2016.(2),17.3,16.3,14.7,14.4,7.9,8,1.2,1.6,8.97,9.07,13.89,3.24,3.21,4.65,5.73,5.86,9.24,950,960,1000,105.91,105.84,71.99,820,44.5,,,43.1,0.271,76.9,63.1,0.364,0.004,55.6,8.34,9.48,4.05,,5.29,,0.155,238,2,,,,,,,,,,,94.57,99.16,,1.18,0.93
28.11.2016.,16.3,15.7,14.2,10,8.14,8,1.85,1.6,9.55,9.86,14.35,3.4,3.56,4.68,6.15,6.33,9.67,900,990,1000,94.24,100.1,60.69,1150,65.1,338,8.4,58.7,0.381,72.2,57.8,0.195,0.003,7.83,2.97,12.6,3.31,,5.55,,0.206,3738,126,9823,596,1246,0.07,9.99,9.99,16,0.90,11.06,97.51,94.34,96.63,417,2.02,1.03
28.11.2016.(2),17,15.6,14,8.8,8.2,7.9,1.65,1.6,9.76,10.17,14.35,3.32,3.38,4.65,6.44,6.79,9.7,950,960,1000,97.34,94.4,69.69,1110,34.5,,,43.8,0.346,75.6,15.8,0.258,0.008,59.6,7.81,9.33,4.04,,5.75,,0.2,1611,44,,,,,,,,,,,96.89,97.27,,2.83,0.96
29.11.2016.,16.6,14.7,,7.5,7.5,8,1.85,1.85,8.1,9.28,15.11,3.11,3.22,4.77,4.99,6.06,10.34,930,990,1000,114.81,106.68,66.18,1129,36.1,383,8.4,56.5,0.405,79.6,65.8,0.166,0.008,70.2,12.1,11.5,3.89,,8.37,,0.203,862,32,9892,596,1406,0.11,8.49,8.49,14,0.89,2.25,97.81,96.80,96.29,546,3.81,0.95
30.11.2016.,15.8,14.2,12.7,7.7,7.48,8.2,2,1.95,9,9.06,14.88,3.13,3.14,4.75,5.87,5.92,10.13,930,960,1000,103.33,105.96,67.2,942,56,501,16.9,52.6,0.427,72.7,52.4,0.188,0.014,71.2,14.9,8.38,3.62,,13.9,,0.208,586,126,10664,595,1385,0.12,8.98,8.98,15,0.83,1.17,96.63,94.06,78.50,603,2.02,1.12
30.11.2016.(2),16.4,16.3,12.1,9.2,8.2,8.4,1.6,2.1,9.19,8.97,15,3.05,3.04,4.65,6.14,5.93,10.35,930,950,1000,101.2,105.91,66.67,1121,28.7,,,55.8,0.347,70.4,61.8,0.185,0.004,65.6,12.8,11,5.02,,8.71,,0.132,1034,10,,,,,,,,,,,97.44,99.03,,1.69,0.96
01.12.2016.,16.7,14.4,12.9,12.7,7.4,8.1,1.85,1.85,8.47,8.73,15.25,3.02,2.99,4.83,5.45,5.74,10.42,920,950,1000,108.62,108.82,65.57,916,36.1,366,14.1,38.6,0.407,53.5,56.2,0.164,0.007,55.3,12.9,7.4,4.53,,8.09,,0.177,316,54,11523,511,1626,0.14,9.71,9.71,16,0.76,0.86,96.15,96.06,82.91,586,2.72,1.05
02.12.2016.,17.1,14.7,13.2,10.4,7.28,8.3,2,1.75,9.16,8.39,14.52,3.18,3.08,4.82,5.98,5.31,9.7,950,940,1000,103.71,112.04,68.87,1130,32.4,153,1,59.6,0.291,54.4,55.4,0.177,0.007,67.2,8.28,12,3.88,,5.54,,0.127,1050,72,11121,767,1850,0.08,6.93,6.93,11,0.79,6.86,99.35,97.13,93.14,361,2.52,1.01
05.12.2016.,15.4,13.7,11.7,9.3,7.5,8.1,1.6,1.95,10.13,9.91,14.53,3.41,3.34,4.62,6.72,6.57,9.91,990,990,1000,97.73,99.9,68.82,939,36.8,315,16.9,33.7,0.311,82.1,52.4,0.189,0.002,65.3,11.1,8.78,1.95,,4.41,,0.102,404,56,9728,596,1406,0.09,10.18,10.18,17,0.90,1.28,94.63,96.08,86.14,552,3.34,1.06
06.12.2016.,15.1,13.6,12.7,8.4,7.7,8.3,2.05,1.85,10.37,10.17,14.51,3.46,3.42,4.62,6.91,6.75,9.9,980,950,1000,94.5,93.41,68.91,1063,34,124,16.9,54.7,0.253,74.6,61.7,0.181,0.004,76,15.2,10.5,1.31,,8.04,,0.152,786,76,9624,682,1418,0.06,9.13,9.13,15,0.91,6.34,86.37,96.80,90.33,389,2.09,1.07
06.12.2016.(2),15.9,13.7,12.7,9.6,8.3,7.9,0.9,1.9,11.19,9.63,14.85,3.6,3.25,4.67,7.59,6.38,10.18,1000,980,1000,89.36,101.76,67.34,1081,28,,,58.8,0.341,73.5,63,0.223,0.001,71.7,9.93,13.8,1.9,,7.3,,0.15,1000,66,,,,,,,,,,,97.41,93.40,,1.55,0.94
07.12.2016.,15.9,13.5,11.8,9.3,7.9,8.2,2,1.45,10.03,10.03,14.13,3.39,3.41,4.51,6.64,6.62,9.62,950,970,1000,97.72,96.71,70.77,1104,35.2,282,8.4,67.2,0.295,62.4,62.9,0.199,0.005,93.2,13,13.5,1.95,,11.6,,0.159,1144,50,9986,596,2050,0.09,10.48,10.48,17,0.88,4.06,97.02,96.81,95.63,513,2.74,0.89
07.12.2016.(2),15.2,13.7,11.7,10.3,8.4,8.5,1.2,1.9,9.49,9.62,14.39,3.23,3.29,4.58,6.26,6.33,9.81,950,990,1000,100.11,102.91,69.49,1163,19.2,,,63,0.265,76.4,65.7,0.169,0.003,78.2,10.3,13.9,2.39,,7.52,,0.149,1408,32,,,,,,,,,,,98.35,97.73,,1.3,0.98
08.12.2016.,15.5,13.4,11.8,6.4,7.57,8.7,2.25,1.75,9.73,9.97,14.29,3.29,3.42,4.6,6.44,6.55,9.69,960,980,1000,98.66,98.29,69.98,1128,39.6,490,14.1,43.8,0.305,63.7,65,0.144,0.004,62,11.7,11.1,2.31,,12.1,,0.131,1490,104,10250,682,1909,0.06,8.89,8.89,14,0.86,3.04,97.12,96.49,93.02,340,3.37,1.1
08.12.2016.(2),15.7,13.4,11.7,7.6,8.2,8,0.4,1.85,10.51,9.39,14.18,3.56,3.34,4.61,6.95,6.05,9.57,980,970,1000,93.24,103.3,70.52,1084,23.1,,,53.1,0.345,83.4,65.6,0.102,0.008,66.4,9.54,11.4,3.52,,7.46,,0.128,876,20,,,,,,,,,,,97.87,97.72,,1.79,1
09.12.2016.,16.2,13.3,11,7.4,7.7,8,2.1,1.95,10.54,10,14.15,3.57,3.46,4.6,6.97,6.54,9.55,980,950,1000,92.98,95,70.67,920,42.9,118,2.1,42.1,0.399,68,61.6,0.149,0.007,65.7,13.5,8.66,2.17,,2.17,,12.5,394,128,10114,596,1697,0.02,10.72,10.72,17,0.87,3.34,98.22,95.34,67.51,108,2.18,1.12
09.12.2016.(2),15.5,13.5,12.1,9.4,8.5,8.2,2.7,2,8.86,8.9,13.4,3.34,3.32,4.56,5.52,5.58,8.84,950,960,1000,107.22,107.86,74.63,921,27.7,,,39.2,0.331,80,62.7,0.166,0.009,55.3,15.2,8.83,3.31,,8.32,,0.135,456,20,,,,,,,,,,,96.99,95.61,,2.2,1
12.12.2016.,16.4,17.1,12.7,13.7,7.76,7,1.8,1.9,10.04,9.78,13.61,3.56,3.41,4.52,6.48,6.37,9.09,960,950,990,95.62,97.14,72.74,964,45.3,175,28.1,43.7,0.646,79.5,71.1,0.131,0.004,36.1,7.2,8,3.38,,11.8,,0.176,604,74,9941,682,1522,0.11,9.40,9.40,15,0.89,3.45,83.94,95.30,87.75,631,2.89,1.08
12.12.2016.(2),16.2,14.3,13.7,10.2,8.3,7.9,2.3,1.75,10.06,8.94,15.02,3.45,3.11,4.83,6.61,5.83,10.19,990,960,1000,93.4,107.38,66.58,1114,29.8,,,56.8,0.299,81.8,75.3,0.167,0.007,66,9.8,12.4,4.14,,7.69,,0.184,1058,6,,,,,,,,,,,97.32,99.43,,1.51,0.99
13.12.2016.,15.2,14,12.1,9.6,7.9,8.1,2.3,1.9,9.7,9.12,15.07,3.37,3.26,4.93,6.33,5.86,10.14,960,960,1000,98.97,105.26,66.36,1133,27.5,423,16.9,44.8,0.398,67.7,64.2,0.104,0.033,64.6,16.7,10.2,4.22,,15.1,,0.138,962,102,10626,596,1730,0.09,9.22,9.22,15,0.83,2.27,96.00,97.57,89.40,456,3.48,0.87
13.12.2016.(2),12.8,14,12.1,9.1,7.4,7,0.7,2.1,9.59,9.27,15.13,3.25,3.11,4.85,6.34,6.16,10.28,950,960,1000,99.06,103.56,66.09,1265,39.7,,,49.7,1.13,67.8,50.7,0.201,0.001,71.3,15.2,12.2,4.47,,13.5,,0.157,978,20,,,,,,,,,,,96.86,97.96,,1.91,0.86
14.12.2016.,15.2,13.4,11.7,6.7,7.72,7.8,2.5,1.6,9.84,8.73,14.52,3.39,3.12,4.72,6.45,5.61,9.8,970,950,1000,98.58,108.82,68.87,1148,43.2,417,16.9,40.8,0.481,60.3,65.2,0.154,0.026,72.6,15,10.3,4.89,,14.5,,0.094,1440,286,10458,595,1648,0.10,9.46,9.46,15,0.84,3.45,95.95,96.24,80.14,484,3.52,1.07
14.12.2016.(2),15.3,13.6,11.7,8.8,8.7,8,1.95,1.9,8.62,8.92,14.79,3.03,3.09,4.79,5.59,5.83,10,930,970,1000,107.89,108.74,67.61,1070,27.9,,,51.5,0.37,74.1,62.2,0.191,0.001,63.7,12.2,11.3,5.51,,11.8,,0.136,592,40,,,,,,,,,,,97.39,93.24,,1.83,0.94
15.12.2016.,15.7,13.6,12.7,7.9,7.8,8,1.85,1.8,10.36,9.93,14.7,3.52,3.42,4.76,6.84,6.51,9.94,950,970,1000,91.7,97.68,68.03,1129,27,468,14.1,40.2,0.77,67.2,44.3,0.155,0.001,66.4,9.15,9.91,4.51,,5.52,,0.112,828,28,10318,597,1790,0.10,10.17,10.17,17,0.85,1.77,96.99,97.61,96.62,546,2.76,0.97
16.12.2016.,15.5,13.7,12.7,7.5,7.38,7.8,1.35,1.85,9.25,9.63,14.43,3.37,3.45,4.84,5.88,6.18,9.59,960,990,1000,103.78,102.8,69.3,1069,32.2,133,10.9,38.2,0.389,83.1,67.2,0.169,0.002,56.6,7.23,8.85,3.59,,1.89,,0.068,586,18,11252,761,1875,0.04,7.56,7.56,12,0.78,4.41,91.80,96.99,96.93,197,2.67,0.98
19.12.2016.,16.1,13.4,11.7,7.8,7.8,8,3.55,1.65,6.81,6.98,7.07,2.47,2.51,2.58,4.34,4.47,4.49,870,890,900,127.75,127.51,127.3,1081,45.5,248,0,47,0.704,59.8,62.8,0.137,0.009,57.8,13.9,10.6,2.9,,8.38,,0.075,908,44,10615,645,1473,,13.31,13.31,22,0.83,3.66,100.00,95.79,95.15,11.3,2.65,0.96
20.12.2016.,15.4,13,11.9,10.4,7.9,8.4,7.65,3.65,4.47,4.18,4.25,1.77,1.6,1.66,2.7,2.58,2.59,300,380,450,67.11,90.91,105.88,1100,48.1,417,16.9,40.1,0.36,66.4,60,0.124,0.002,81,21.8,6.82,0.531,,17.2,,0.098,744,124,10909,732,1567,0.12,12.23,12.23,20,0.81,1.78,95.95,95.63,83.33,259,1.1,0.96
20.12.2016.(2),14.9,12.9,12,7.2,8.1,7.1,7.65,1.85,3.63,3.55,4.78,1.37,1.38,1.76,2.26,2.17,3.02,280,340,350,77.13,95.77,73.22,1030,122,,,37.5,0.672,34.7,15.7,0.199,0.003,60.6,19.5,8.63,0.795,,15.9,,0.421,974,22,,,,,,,,,,,88.16,97.74,,1.09,0.95
21.12.2016.,15.6,13,12.1,7,7.4,8.2,2.1,1.75,8.02,7.78,12.36,2.81,2.74,4.08,5.21,5.04,8.28,920,950,1000,114.71,122.11,80.91,529,56,310,39.4,39.9,2.34,81.8,62.8,0.141,0.008,59.9,19.4,5.83,1.56,,18.9,,0.527,505,122,11202,838,1704,0.13,6.71,6.71,11,0.79,1.63,87.29,89.41,75.84,524,2.4,1.14
21.12.2016.(2),15.5,13.1,12.1,9.8,7.8,8.1,1.3,1.9,8.19,8.39,12.31,2.75,2.79,3.84,5.44,5.6,8.47,940,960,990,114.77,114.42,80.42,1109,38.8,,,46.4,0.802,78.6,59.4,0.179,0.009,61.1,16.2,11.7,0.656,,11.3,,0.249,1006,20,,,,,,,,,,,96.50,98.01,,2.1,0.93
22.12.2016.,15.9,13.1,12.2,6.9,7.4,7.8,1.8,1.9,8.83,8.77,11.45,2.95,2.97,3.7,5.88,5.8,7.75,940,950,1000,106.46,108.32,87.34,903,43.3,315,16.9,47.5,0.108,79.2,65.8,0.133,0.005,64.3,10.7,6.93,0.493,,7.5,,0.046,286,70,10838,838,1835,0.11,8.07,8.07,13,0.81,0.91,94.63,95.20,75.52,530,2.52,1.04
22.12.2016.(2),16.1,13.2,12.2,7.1,7.8,7.4,0.95,2.05,8.4,8.25,11.93,2.9,2.85,3.91,5.5,5.4,8.02,930,980,1000,110.71,118.79,83.82,1163,24,,,49.8,0.187,46.8,28.6,0.218,0.028,68.2,6.97,14.1,0.79,,5.33,,0.046,1522,0,,,,,,,,,,,97.94,100.00,,1.81,0.96
23.12.2016.,15.6,13.1,12.1,6.4,7.54,8,2.05,1.75,8.5,8.71,11.32,2.99,3.09,3.93,5.51,5.62,7.39,940,970,1000,110.59,111.37,88.34,1064,56.8,156,8.6,40.1,0.136,69.5,61.6,0.178,0.011,63.7,8.53,8.32,0.262,,5.47,,0.055,1056,128,10169,830,1869,0.04,8.06,8.06,13,0.87,6.77,94.49,94.66,87.88,196,2.03,1.21
23.12.2016.(2),14.9,13.1,12.1,8.2,8.1,8.5,3.05,1.85,8.35,8.61,11.84,2.99,3.12,4.03,5.36,5.49,7.81,940,980,1000,112.57,113.82,84.46,696,31.7,,,39.7,0.059,79.7,61.8,0.175,0.019,51.4,8.27,8.3,0.337,,4.17,,0.016,206,24,,,,,,,,,,,95.45,88.35,,1.51,1.03
26.12.2016.,16,13.3,12.5,12.9,7.4,8.1,1.45,2,8.8,8.97,11.98,3.02,3.01,3.8,5.78,5.06,8.18,950,960,990,"107,95,",107.02,82.64,1146,38.4,518,25.3,65.7,0.786,55.6,57.9,0.224,0.006,78.1,8.58,12.9,0.419,,3.36,,0.056,948,12,10762,614,1678,0.12,10.63,10.63,17,0.82,1.83,95.12,96.65,98.73,530,2.56,1.03
26.12.2016.(2),15.9,13.7,12.6,11.5,8.1,7.9,1.8,2.2,8.27,8.45,12.81,2.89,2.98,4.14,5.38,5.47,8.67,900,940,1000,108.83,111.24,78.06,899,33.3,,,41.4,0.179,75,58.6,0.168,0.004,60.3,8.22,7.38,0.635,,2.44,,0.057,228,30,,,,,,,,,,,96.30,86.84,,1.23,0.94
27.12.2016.,15.09,14,1.65,11.8,7.7,7.9,1.4,1.65,9.74,8.88,14.47,3.25,3.11,4.21,6.49,5.77,10.26,960,990,1000,98.56,111.49,69.11,1174,30,423,3.9,55.7,0.106,75.3,62,0.256,0.01,72.5,5.03,16.4,0.378,,2.88,,0.046,1874,20,10372,597,1948,0.11,9.48,9.48,15,0.85,4.43,99.08,97.44,98.93,580,3.38,0.94
28.12.2016.,15.5,13.7,12.6,9,7.38,8.1,1.9,2.1,9.25,8.72,13.53,3.23,3.02,4.35,6.02,5.7,9.18,940,980,1000,101.62,112.38,73.91,1021,41.9,473,16.9,48.3,0.111,69.7,59.7,0.209,0.003,78.9,7.07,11.3,0.588,,3.48,,0.031,552,96,10899,596,2125,0.12,9.81,9.81,16,0.81,1.17,96.43,95.90,82.61,586,1.94,1.1
28.12.2016.(2),15.2,13.6,12.4,10.1,7.9,8.2,0.9,1.9,9.59,8.74,13.1,3.15,2.99,4.19,6.44,5.75,8.91,970,960,1000,101.15,109.84,76.34,1110,31.8,,,46.9,0.204,85.4,64.2,0.209,0.028,58.7,6.31,11.2,1.01,,3.32,,0.126,678,0,,,,,,,,,,,97.14,100.00,,1.85,0.96
29.12.2016.,15.4,13,11.8,9.1,7.4,7.1,2.7,1.85,9.16,7.55,13.25,3.18,3.15,4.31,5.98,4.4,8.94,950,960,1000,103.71,127.15,75.47,1116,39,363,39.4,50.7,0.377,57.3,37.1,0.254,0.051,74.2,6.69,10.9,0.679,,4.92,,0.041,482,14,10521,596,1923,0.11,9.31,9.31,15,0.84,1.33,89.15,96.51,97.10,496,2.45,0.99
30.12.2016.,14.5,12.9,11.7,5.4,7.37,8,2.4,1.8,8.33,8.54,12.71,3.12,3.2,4.4,5.21,5.34,8.31,970,960,1000,116.45,112.41,78.68,1056,31.8,108,16.9,41.4,0.103,64.2,62.4,0.216,0.001,50.9,9.01,9.51,0.339,,3.81,,0.057,618,160,10615,597,2221,0.05,9.78,9.78,16,0.83,5.72,84.35,96.99,74.11,203,2.11,1.17
30.12.2016.(2),15.7,13,11.7,11,7.9,7.4,2.4,1.95,8.13,8.34,12.14,3.06,3.1,4.27,5.07,5.24,7.87,950,980,1000,116.85,117.5,82.37,,,,,62.1,0.08,84.4,65,0.202,0.007,78.2,6.01,12.1,0.714,,3.7,,0.063,682,14,,,,,,,,,,,,97.95,,1.89,0.94
04.01.2017.,15.4,12.4,11,11.1,8,7.3,2.1,1.7,8.92,9.15,12.9,3.1,3.2,4.15,5.82,5.95,8.75,950,980,1000,106.5,107.1,77.51,1129,56,428,11.3,47.2,0.191,83,60.1,0.189,0.019,62.9,17.8,11.7,1.79,,17.9,,0.086,1376,70,9602,597,1942,0.01,10.32,10.32,17,0.92,3.21,97.36,95.04,94.91,78.9,2.35,0.93
05.01.2017.,14.7,12.3,11.7,5.4,7.5,7.3,1.6,1.86,9.15,9.09,13.1,3.14,3.15,4.25,6.01,5.94,8.85,970,980,1000,106.01,107.81,76.33,1072,37.5,366,2.8,51.3,0.161,75.7,67.2,0.167,0.011,66.5,13.3,11.4,2.14,,12.5,,0.079,772,186,10859,596,1888,0.06,10.28,10.28,17,0.81,2.11,99.23,96.50,75.91,299,2.28,1.16
06.01.2017.,13.5,11.7,10.7,8.5,7.6,7.2,8.25,1.85,8.61,8.98,13.05,3.07,3.18,4.36,5.54,5.8,9.14,970,990,1000,112.66,110.24,76.63,1039,36.8,676,8.4,39.8,0.113,95.3,64.9,0.158,0.022,76.1,15.1,10,2.4,,13.1,,0.069,516,80,10854,602,1986,0.13,9.85,9.85,16,0.81,0.76,98.76,96.46,84.50,592,3.12,1.12
09.01.2017.,13.3,10,8,7.7,7.71,7.3,1.4,1.9,9.18,9.92,12.93,3.02,3.13,4.11,6.16,6.79,8.82,970,980,1000,105.66,98.79,77.34,1129,37,625,14.1,30.3,0.152,62.8,64.4,0.11,0.029,46.7,30.4,9.94,2.48,,18.1,,0.077,1634,78,9543,597,1873,0.07,10.89,10.89,18,0.92,2.61,97.74,96.72,95.23,406,1.93,0.5
09.01.2017.(2),13.5,10.3,8.7,8.3,8.4,7.9,3.7,1.95,8.37,8.58,12.45,2.92,2.98,4.05,5.45,5.6,8.4,960,950,1000,114.7,110.72,80.32,813,35.2,,,57.1,0.131,87.6,63.6,0.165,0.014,80.1,16.8,8.29,3.15,,16.1,,0.159,410,26,,,,,,,,,,,95.67,93.66,,1.07,0.96
10.01.2017.,13.4,10.1,8.6,7.1,7.8,8.3,1.95,1.95,10.4,8.91,12.7,3.48,3.08,4.13,6.92,5.83,8.57,990,980,1000,95.19,109.99,78.74,894,35.4,118,14.1,37,0.162,80.1,65.1,0.174,0.016,62.3,20.4,8.73,2.58,,20.2,,0.076,648,24,8504,766,2060,0.07,8.73,8.73,14,1.03,5.49,88.05,96.04,96.30,473,1.97,1.12
10.01.2017.(2),13.6,10.2,8.7,12,8.3,8,1.05,1.65,9.87,8.8,13.53,3.25,2.96,4.31,6.62,5.86,9.22,990,950,1000,100.3,107.95,73.91,815,49.5,,,42.4,0.679,64.2,38.6,0.246,0.011,60.1,19.4,7.49,3.48,,19.4,,0.127,258,44,,,,,,,,,,,93.93,82.95,,1.3,0.94
11.01.2017.,14.2,10.3,8,7.8,7.7,7.9,1.95,3,11.46,6,13.5,3.81,2.26,4.39,7.65,3.74,9.11,980,860,1000,85.51,143.33,74.07,754,33.5,366,16.9,33.8,0.251,64.5,70,0.167,0.009,55.2,18.1,8.26,3.65,,14.1,,0.219,194,146,7759,757,2039,0.07,7.52,7.52,12,1.13,0.53,95.38,95.56,24.74,456,2.58,0.9
11.01.2017.(2),13.8,10.6,,10,8.3,7.8,0.4,,11.47,,14.57,3.71,,4.51,7.76,,10.06,980,,1000,85.44,,68.63,702,44.6,,,38.5,0.302,81.4,72.4,0.107,0.065,53.3,14.5,8.15,4.22,,12.5,,0.215,394,26,,,,,,,,,,,93.65,93.40,,2.65,0.96
12.01.2017.,13.1,11.2,,11.2,7.7,8.4,0.5,,10.3,,14.6,3.48,,4.64,6.82,,9.96,980,,1000,95.15,,68.49,1123,39.8,344,25.3,55.9,12.8,66.4,66.5,0.131,0.012,76.6,15.4,14.5,8.7,,1.74,,0.105,1974,192,11128,732,2094,0.18,4.24,4.24,7,0.79,5.74,92.65,96.46,90.27,484,3.03,1.19
12.01.2017.(2),13,11.7,,10.1,8.1,7.8,0.35,,9.39,,15.18,3.19,,4.68,6.2,,10.5,950,,1000,101.17,,65.88,892,70.5,,,38.7,0.708,77.5,58.5,0.14,0.017,61.8,16.5,7.73,10.2,,1.53,,0.101,432,4,,,,,,,,,,,92.10,99.07,,1.83,1.03
13.01.2017.,14.2,12.3,,12.5,7.98,8,0.45,,9.12,,13.84,3.26,,4.51,5.86,,9.33,980,,1000,107.46,,72.25,1125,65.7,157,8,38.8,30.1,85.1,79.1,0.155,0.048,7.79,3.21,11.7,12.6,,0.374,,0.04,1128,228,12695,598,2222,0.05,4.85,4.85,8,0.69,7.18,94.90,94.16,79.79,107,2.98,1.19
13.01.2017.(2),12.8,12.2,,12.6,8,7.9,0.35,,9.02,,14.04,3.19,,4.55,5.83,,9.49,950,,1000,105.32,,71.23,1155,70.7,,,53.7,2.65,80.4,80.6,0.195,0.032,71.3,31.3,14.1,11.9,,0.301,,0.053,814,12,,,,,,,,,,,93.88,98.53,,3.02,0.99
16.01.2017.,14.5,13,,13.7,7.8,8.1,0.85,,10.11,,14.39,3.22,,4.41,6.89,,9.98,950,,990,93.97,,68.8,1124,75,496,76,65.7,11.7,51.4,65.2,0.177,0.055,97.4,17.9,19,2.46,,1.02,,0.24,1170,168,10200,596,1764,0.17,5.19,5.19,8,0.86,2.36,84.68,93.33,85.64,518,2.3,1.06
16.01.2017.(2),13.6,13.5,,12.3,8.3,8,1.05,,9.09,,15.17,3.03,,4.63,6.06,,10.54,950,,1000,104.51,,65.92,1027,63.5,,,43.7,10.2,78.9,64.7,0.194,0.016,55.3,15,11.9,3,,0.55,,0.181,466,26,,,,,,,,,,,93.82,94.42,,1.4,0.93
17.01.2017.,13.5,12.8,,11.2,8,8,1.3,,9.49,,15.25,3.09,,4.56,6.4,,10.69,950,,1000,100.11,,65.57,1048,83.5,338,90,33.5,16.8,82.5,67.9,0.107,0.016,58.8,19.9,6.75,2.19,,1.34,,0.307,658,234,9908,596,1908,0.18,4.59,4.59,7,0.89,1.95,73.37,92.03,64.44,518,2.76,1.27
17.01.2017(2),13.7,12.9,,11.1,8.1,8,1,,8.74,,14.94,2.89,,4.52,5.85,,10.42,970,,1000,110.98,,66.93,1025,70.1,,,43.3,8.25,81.4,55.1,0.136,0.016,63,16.5,11.1,2.01,,1.41,,0.395,402,8,,,,,,,,,,,93.16,98.01,,1.76,0.98
18.01.2017.,13.7,13,,11.3,7.9,7.6,0.85,,10.37,,14.92,3.29,,4.49,7.08,,10.43,950,,980,91.61,,65.68,1190,76.2,676,78.8,44.1,14.6,59.1,64,0.119,0.008,51,29.2,10.4,2.31,,1.52,,0.252,1240,10,9527,597,1952,0.14,5.12,5.12,8,0.92,1.83,88.34,93.60,99.19,451,1.87,1.02
18.01.2017.(2),14.3,13.1,,12.3,8.1,7.6,1.25,,9.62,,14.6,3.16,,4.42,6.49,,10.18,990,,1000,102.59,,68.49,1305,49.8,,,40.3,9.96,73,61.2,0.164,0.011,53.1,13.3,12.5,1.95,,1.08,,0.188,2430,86,,,,,,,,,,,96.18,96.46,,2.31,0.93
19.01.2017.,14.9,12.9,,11,7.9,8.2,0.95,,9.66,,14.78,3.12,,4.42,6.54,,10.36,950,,1000,98.34,,67.66,1192,82.2,580,70.3,66.3,62.8,41.2,14.3,0.13,0.013,72.4,18.4,10.2,1.41,,4.37,,0.305,1332,262,9010,596,1881,0.12,4.83,4.83,8,0.98,2.30,87.88,93.10,80.33,394,2.19,1.4
19.01.2017.(2),13.6,13.2,,11.1,8.2,8.1,1.05,,8.99,,14.77,3.08,,4.52,5.91,,10.25,950,,1000,105.67,,67.7,851,50.8,,,33,11.2,71,30.1,0.159,0.019,57.1,16.5,8.24,2.01,,1.58,,0.239,572,162,,,,,,,,,,,94.03,71.68,,2.02,1.01
20.01.2017.,12.6,12.8,,10.5,8.2,7.9,0.8,,9.84,,14.67,3.25,,4.38,6.59,,10.29,950,,1000,96.54,,68.16,1162,55.4,40,35,112,8.9,57.7,66.9,0.13,0.009,111,16.3,26,1.61,,2.84,,0.437,1154,12,9076,622,1918,0.02,4.74,4.74,8,0.97,28.85,12.50,95.23,98.96,63,2.91,0.96
20.01.2017.(2),13.3,12.8,,11.9,8.3,7.8,1.25,,8.36,,14.73,2.92,,4.57,5.44,,10.16,950,,1000,113.64,,67.89,462,47.8,,,37.7,8.53,71.2,54.9,0.156,0.007,52.4,14.9,7.14,2.03,,3.01,,0.419,214,2,,,,,,,,,,,89.65,99.07,,1.49,1.04
23.01.2017.,13.3,12.2,,10.8,7.9,7.8,2.25,,8.55,,13.51,2.92,,4.21,5.63,,9.3,950,,1000,111.11,,74.01,1184,60.2,546,92.8,39.6,16.9,62,69.2,0.113,0.021,57,24.8,9.79,3.1,,1.91,,0.279,2072,48,9769,675,2095,0.19,4.13,4.13,7,0.90,3.79,83.00,94.92,97.68,490,2.46,0.96
24.01.2017.,13.8,12.3,,10.9,8.2,8,2,,8.63,,13.28,2.9,,4.11,5.73,,9.17,930,,1000,107.76,,75.3,1079,46.1,406,98.5,36.6,20.6,66.2,67.1,0.187,0.017,62.3,24.9,7.12,2.7,,1.89,,0.241,598,120,9309,798,1765,0.18,3.58,3.58,6,0.95,1.47,75.74,95.73,79.93,501,2.83,1.12
24.01.2017.(2),13.8,12.5,,13.5,8.4,8,1.95,,8.68,,14.41,2.85,,4.33,5.83,,10.08,920,,1000,105.99,,69.4,812,82.2,,,49.8,17.9,79,69.7,0.14,0.01,55.8,21.1,9.33,2.28,,2.1,,0.279,380,30,,,,,,,,,,,89.88,92.11,,1.48,0.98
25.01.2017.,13.6,12.4,,11.9,7.8,8.1,2,,8.1,,12.36,2.76,,3.87,5.34,,8.49,940,,1000,116.04,,80.91,781,53.2,338,76,49,19.7,68.5,67.6,0.134,0.003,73.5,25.4,7.92,1.87,,2.12,,0.31,284,8,10072,596,1826,0.21,4.84,4.84,8,0.87,0.84,77.51,93.19,97.18,496,2.5,0.94
25.01.2017.(2),15,12.6,,11.1,8.2,7.8,2,,8.67,,14,2.84,,4.24,5.83,,9.76,950,,1000,109.57,,71.43,1187,50.8,,,64.4,20.4,71.3,70.3,0.131,0.016,72.6,24,16.8,1.89,,2.23,,0.272,1908,132,,,,0.00,,,,,,,95.72,93.08,,1.4,0.76
26.01.2017.,13.6,13,,11.9,8.3,8.5,3.05,,9.42,,15.62,3.14,,4.47,6.51,,10.25,960,,990,101.91,,63.38,1104,38.4,659,78.8,54.8,21.1,75.3,68.5,0.141,0.012,66.7,24.5,11.1,1.16,,1.38,,0.21,676,14,9693,630,1860,0.18,4.21,4.21,7,0.91,1.03,88.04,96.52,97.93,524,1.98,0.95
26.01.2017.(2),14,12.8,,12.7,7.9,8.2,1.8,,9.65,,14.72,3.05,,4.61,6.37,,11.01,970,,990,100.52,,67.25,1200,51.5,,,40.2,21.2,67,68.1,0.163,0.026,61.3,31.2,12.1,1.48,,1.62,,0.203,2110,72,,,,,,,,,,,95.71,96.59,,2.84,1.08
27.01.2017.,14,12.9,,11.9,7.66,8.1,1.4,,9.53,,14.78,3.23,,4.65,6.3,,10.13,950,,1000,99.68,,67.66,719,44.8,178,33,37.2,19.6,82.4,72.6,0.177,0.029,60.7,25.1,6.48,0.956,,1.56,,0.196,250,92,9566,645,1481,0.07,4.40,4.40,7,0.92,1.40,81.46,93.77,63.20,196,2.4,1.11
30.01.2017.,13.7,12.6,,12.1,7.7,8.5,1.95,,10.37,,15.89,3.36,,4.66,7.01,,11.23,960,,1000,92.57,,62.93,512,38.2,276,59.1,40.8,27.1,78.9,76,0.116,0.018,68.7,29.9,6.75,1.22,,1.74,,0.18,690,202,9793,606,1801,0.14,4.74,4.74,8,0.90,2.50,78.59,92.54,70.72,428,2.87,0.73
30.01.2017.(2),13.4,12.7,,11.6,8.4,7.8,2.2,,11.42,,15.5,3.14,,4.62,8.28,,10.88,940,,1000,82.31,,64.52,1102,42.3,,,51.8,23,78.2,71.8,0.068,0.03,64.1,26.5,8.96,1.48,,0.625,,0.13,592,2,,,,,,,,,,,96.16,99.66,,1.59,0.97
31.01.2017.,14,12.6,,10.6,7.65,8,1.2,,10.36,,15.44,3.35,,4.61,7.01,,10.83,950,,1000,91.7,,64.77,1119,34,282,7.9,36.7,23.2,81.1,73.2,0.124,0.04,62.5,25.7,9.22,1.22,,1.12,,0.155,974,170,12148,618,1836,0.09,4.78,4.78,8,0.72,3.45,97.20,96.96,82.55,231,2.74,0.9
31.01.2017.(2),13.7,13,,11.4,8.2,7.6,1.6,,9.61,,15.92,3.16,,4.64,6.45,,11.28,950,,1000,98.86,,62.81,1195,50.4,,,53.3,20.43,66.4,62.6,0.101,0.005,65.3,24.1,12.1,1.94,,0.96,,0.068,1470,66,,,,,,,,,,,95.78,95.51,,2.67,1.01
01.02.2017.,9.4,11.9,,11.4,8,8.5,0.4,,7.92,,16.2,2.64,,4.76,5.28,,11.44,920,,1000,116.16,,61.73,1064,1189,259,186,33.5,26.6,50.2,69.2,0.134,0.038,49,34.5,7.05,7.96,,1.05,,0.13,634,2184,19564,597,1746,0.13,3.60,3.60,6,0.45,2.45,28.19,-11.75,-244.48,158,1.54,2.98
01.02.2017.(2),9.1,9.8,,11.4,7.8,7.7,4.35,,4.81,,16.95,1.67,,4.84,3.14,,12.11,590,,1000,122.66,,59,810,61.1,,,24.1,24.3,55.3,61.1,0.168,0.09,33.7,28.1,6.51,6.34,,0.452,,0.032,376,1536,,,,,,,,,,,92.46,-308.51,,1.46,2.36
02.02.2017.,11.9,11.9,,12,7.85,7.8,1.95,,8.73,,12.39,2.71,,3.61,6.02,,8.78,950,,1000,108.82,,80.71,1014,64.4,152,67.5,33.9,19.9,55.8,50.7,0.116,0.164,60.5,26,8.68,1.15,,0.684,,0.013,574,114,11463,799,1795,0.12,3.88,3.88,6,0.77,3.78,55.59,93.65,80.14,270,1.89,0.59
03.02.2017.,14,12,,12.5,7.7,7.6,0.9,,9.58,,12.27,3.13,,3.86,6.45,,8.41,960,,1000,100.21,,81.5,1210,37.5,282,50,48.7,16.1,57.1,49,0.117,0.028,71.5,25.5,14.8,0.563,,1.1,,0.078,2250,60,10748,643,1774,0.12,5.34,5.34,9,0.82,7.98,82.27,96.90,97.33,306,1.85,0.64
06.02.2017.,15.7,14.4,,14.9,7.5,7.8,1.75,,9.89,,14.53,3.23,,4.29,6.66,,10.24,950,,990,96.06,,68.13,1038,34.2,546,78.8,30.4,12.4,55.2,61.2,0.101,0.029,7.17,2.99,6.75,0.588,,0.737,,0.135,580,68,14292,96,1712,0.26,31.20,31.20,50,0.62,1.06,85.57,96.71,88.28,524,2.59,0.99
06.02.2017.(2),14.1,14.6,,14.7,8,8.1,2,,9.42,,15.01,3.06,,4.55,6.36,,10.46,940,,1000,99.79,,66.62,1021,56.4,,,51.6,10.76,52.7,22.6,0.115,0.034,64.4,18.1,6.97,18.1,,1.26,,0.099,556,2,,,,,,,,,,,94.48,99.64,,1.47,0.9
07.02.2017.,8.4,12.2,,12.8,7.4,8.1,0.95,,7.24,,15.08,2.36,,4.6,4.88,,10.48,900,,1000,124.31,,66.31,752,1280,287,371,12.4,9.7,34.4,56.9,0.08,0.021,29.3,25,3.52,1.67,,0.453,,0.048,458,2828,16832,676,1936,0.00,3.12,3.12,5,0.52,1.60,-29.27,-70.21,-517.47,3.9,1.36,3.66
07.02.2017.(2),11.1,10.8,,10.6,8,8.6,3.25,,6.72,,17.18,2.18,,4.96,4.54,,12.22,870,,1000,129.46,,58.21,1079,46.2,,,21.1,26.3,41,48.6,0.065,0.016,34,23.6,5.32,6.56,,0.319,,0.049,824,50,,,,,,,,,,,95.72,93.93,,0.46,0.71
08.02.2017.,13.6,12.3,,11.9,7.5,7.9,1.05,,9.63,,12.86,3.11,,3.96,6.52,,8.9,940,,990,97.61,,76.98,1013,32.4,372,50.6,26.6,15,59.8,48.6,0.157,0.013,56.6,22.5,5.51,0.679,,0.698,,0.043,1498,24,9867,623,1777,0.14,5.29,5.29,9,0.89,4.03,86.40,96.80,98.40,394,1.39,0.77
08.02.2017.(2),14.3,12.6,,11.7,8.2,8,1.25,,9.26,,14.08,3,,4.33,6.26,,9.75,940,,1000,101.51,,71.02,1121,46.6,,,42.1,20.17,43.1,27.9,0.043,0.008,61.3,20.2,7.58,0.744,,0.795,,0.031,888,0,,,,,,,,,,,95.84,100.00,,2.57,0.73
09.02.2017.,14,13.1,,12,8.2,8.2,1.1,,10.6,,14.63,3.72,,4.79,6.88,,9.84,950,,1000,89.62,,68.35,1194,52.7,332,87.2,69.4,20.58,74.8,57.3,0.094,0.003,110,23.8,15.9,0.684,,0.882,,0.065,1980,10,9291,755,2000,0.14,4.22,4.22,7,0.95,5.96,73.73,95.59,99.49,456,2.53,0.88
10.02.2017.,13.4,12.8,,11.4,7.69,8.6,1.55,,10.2,,13.23,3.75,,4.59,6.45,,8.64,940,,1000,92.16,,75.58,917,32.1,158,4,36.6,24.3,73.1,59.4,0.147,0.003,58.8,28.4,8.51,0.392,,0.785,,0.064,496,114,9625,615,2003,0.04,5.52,5.52,9,0.91,3.14,97.47,96.50,77.02,125,3.42,0.86
13.02.2017.,14.1,13.2,,11.1,7.8,8.1,2.55,,10.78,,15.57,3.67,,5.14,7.11,,10.43,940,,1000,87.2,,64.23,1196,40.8,642,121,53,29.9,63.8,66,0.114,0.012,81.7,33.9,14.2,1.23,,1.02,,0.052,2168,4,9755,597,1864,0.17,5.10,5.10,8,0.90,3.38,81.15,96.59,99.82,546,3.02,0.93
13.02.2017.(2),13.7,13.5,,12,8,8.1,1,,10.43,,15.76,3.68,,5.22,6.75,,10.54,950,,1000,91.08,,63.45,,,,,39.6,28.8,87.2,68.3,0.226,0.013,42.9,21.2,7.23,1.06,,0.421,,0.055,76,24,,,,,,,,,,,,68.42,,1.6,0.96
14.02.2017.,13.5,13.1,,8.4,7.69,8.1,2.75,,10.3,,14.74,3.63,,5.01,6.67,,9.73,950,,1000,92.23,,67.84,810,45.7,270,11.3,36.9,0.08,78.3,63.6,0.213,0.002,56.8,30.2,7.85,0.834,,1.07,,0.044,286,148,10109,597,1781,0.13,5.15,5.15,8,0.87,1.06,95.81,94.36,48.25,383,2.69,1.09
14.02.2017.(2),14.2,13.2,,9.9,8.1,8.2,1.7,,10.29,,15.73,3.55,,5.26,6.74,,10.47,940,,1000,91.35,,63.57,954,32.7,,,35,1.65,73.5,61.6,0.196,0.011,59.6,27.5,8.67,1.2,,0.305,,0.02,470,80,,,,,,,,,,,96.57,82.98,,2.13,1.04
17.02.2017.,13.8,13.7,,8,7.7,7.8,1.85,,9.99,,15.36,3.79,,5.31,6.2,,10.05,940,,1000,94.09,,65.1,1225,48.6,479,76,57.4,1.7,73.2,61.3,0.176,0.013,73.7,29.9,14.6,2.44,,0.718,,0.011,1138,20,9680,596,2151,0.18,4.80,4.80,8,0.91,2.38,84.13,96.03,98.24,507,2.09,0.98
20.02.2017.,14.1,13.7,,13.4,7.6,8.2,0.55,,10.58,,16.14,3.62,,5.15,6.96,,10.99,950,,1000,89.79,,61.96,1158,42.1,95.8,101,29.2,1.51,59.9,58.5,0.076,0.028,56.6,30.8,9.94,5.72,,0.693,,0.006,1588,0,9737,596,1651,0.17,4.84,4.84,8,0.90,16.58,-5.43,96.36,100.00,535,2.61,1.01
21.02.2017.,15.3,14,,11.9,7.7,7.9,0.4,,10.76,,16.11,3.69,,5.17,7.07,,10.94,960,,1000,89.22,,62.07,1150,76.4,208,36.6,53.3,1.57,46.5,58.8,0.176,0.033,88.3,32.7,16.7,5.9,,0.925,,0.016,1156,4,9217,596,1752,0.11,4.93,4.93,8,0.95,5.56,82.40,93.36,99.65,361,3.2,0.97
22.02.2017.,15,14.1,,11.9,7.25,,0.6,,11.13,,16.07,3.74,,5.14,7.39,,10.93,960,,1000,86.25,,62.23,581,43.3,273,36.6,49.2,1.07,74.8,68.4,0.149,0.005,67.5,36.5,8.61,5,,0.897,,0.008,176,10,8428,596,1681,0.11,5.11,5.11,8,1.04,0.64,86.59,92.55,94.32,423,3.26,1.02
23.02.2017.,14.3,14.4,,13.1,7.5,8.1,0.45,,11.18,,16.07,3.81,,5.14,7.37,,10.93,950,,1000,84.97,,62.23,842,62.2,158,5.6,40.1,1.39,69,48.3,0.11,0.041,66.6,36.6,8.52,4.72,,1.3,,0.037,338,6,7639,510,2355,0.10,6.00,6.00,10,1.15,2.14,96.46,92.61,98.22,406,3.02,1.01
24.02.2017.,14.1,13.7,,14.7,7.8,8,0.5,,11.97,4.25,15.16,4.26,2.96,5.41,7.71,1.29,9.75,970,470,1000,81.03,110.59,65.96,1120,60.1,201,55,56.5,2.56,70.4,59,0.156,0.007,68.2,32.9,10.7,5.18,,0.48,,0.044,924,58,8039,510,2355,0.03,9.23,9.23,15,1.09,4.60,72.64,94.63,93.72,165,3.37,1
27.02.2017.,14.4,13.4,12.7,12.9,7.6,8.2,1.8,1.6,11.05,9.9,15.24,3.7,3.34,4.91,7.35,6.56,10.33,960,900,1000,86.88,90.9,65.62,722,60,287,47.8,43.8,3.29,71.3,69.6,0.147,0.007,98.5,30.9,7.82,0.679,,0.153,,0.113,310,10,8944,596,2474,0.09,10.15,10.15,16,0.98,1.08,83.34,91.69,96.77,631,2.76,0.89
28.02.2017.,16,14.1,12.4,15.1,7.6,8.1,1.05,1.65,10.35,9.51,15.58,3.61,3.45,5.12,6.74,6.06,10.46,960,970,1000,92.75,102.9,64.18,1204,34.9,653,47.8,48.4,19.3,76.6,70.7,0.138,0.002,58.8,25.9,11.3,0.69,,0.028,,0.08,1064,0,7658,596,2376,0.08,9.41,9.41,15,1.15,1.63,92.68,97.10,100.00,580,2.37,0.98
01.03.2017.,15,14.6,12.7,10.7,7.8,8,3.4,0.95,10,10.92,9.97,3.75,3.5,5.13,7.17,6.47,10.58,960,950,1000,87.91,95.29,63.65,1286,40.6,282,5.6,76,22.8,62.8,58.7,0.217,0.005,106,26.3,23.2,0.707,,0.64,,0.069,270,42,12433,595,2430,0.09,15.52,15.52,25,0.71,0.96,98.01,96.84,84.44,423,3.8,0.92
02.03.2017.,14.4,13.2,12.3,12.9,7.7,8,1.7,0.85,10.11,9.16,15.05,3.45,3.17,4.89,6.66,5.99,10.16,950,970,1000,93.97,105.9,66.45,1090,26,377,33.8,55.4,22.9,70.3,53.8,0.13,0.001,79.6,27.1,9.3,0.801,,0.404,,0.079,782,116,7937,596,2338,0.07,9.45,9.45,15,1.11,2.07,91.03,97.61,85.17,484,2.21,0.95
03.03.2017.,15,13.8,10.7,13.9,7.7,8,1.6,1.7,10.5,9.13,14.1,3.77,3.31,4.84,6.73,5.82,9.26,960,970,1000,91.43,106.24,70.92,1079,39.5,286,69,50.4,32.5,81.5,54.4,0.105,0.069,74.9,25.8,11,0.446,,0.94,,0.305,754,16,7888,852,2194,0.01,7.19,7.19,12,1.12,2.64,75.87,96.34,97.88,97,2.79,0.88
06.03.2017.,14.9,14.4,13,12.1,7.5,8,2.2,1.65,9.92,9.31,13.29,3.48,3.36,4.45,6.44,5.95,8.84,950,970,100,95.77,104.19,75.24,854,29.7,276,14.1,51,1.39,64.8,62.7,0.185,0.006,59.7,20.6,8.67,0.55,,1.67,,0.527,428,48,9735,597,2612,0.10,10.66,10.66,17,0.90,1.55,94.89,96.52,88.79,546,2.9,0.92
07.03.2017.,13,14.2,13.1,11.9,7.7,7.8,1.8,1.7,9.1,8.03,14.1,3.15,2.85,4.6,5.95,5.18,9.5,950,950,1000,104.4,118.31,70.92,1146,42.7,141,19.7,29.5,10.66,58.3,54.6,0.176,0.005,49.1,20.2,8.65,0.443,,3.63,,1.05,796,4,14511,559,2465,0.08,9.56,9.56,16,0.61,5.65,86.03,96.27,99.50,273,1.01,0.91
08.03.2017.,14.9,14.5,12.6,7.7,7.5,8.2,1.75,1.88,7.99,6.57,15.44,2.71,2.33,4.96,5.28,4.24,10.48,940,910,1000,117.65,138.51,64.77,1114,37.1,496,64.7,34.1,10.4,44.6,46.1,0.118,0.002,53.8,14.8,8.48,0.326,,2.23,,0.35,984,70,12952,732,2285,0.02,5.67,5.67,9,0.68,1.98,86.96,96.67,92.89,73.2,1.26,0.7
09.03.2017.,14.4,13.1,12.4,12.3,7.7,8.3,2.1,2.05,9.93,8.85,14.54,3.34,2.97,4.63,6.59,5.88,9.91,910,930,1000,91.64,105.08,68.78,1532,23.2,603,28.1,51.7,8.38,59.7,45.5,0.153,0.003,110,16.8,21.9,0.262,,5.9,,0.79,4094,76,9318,596,2398,0.11,9.54,9.54,15,0.94,6.79,95.34,98.49,98.14,625,2.48,0.76
10.03.2017.,13.7,13.7,13,12.1,7.6,8,1.85,1.6,9.26,8.4,14.48,3.37,3.13,4.96,5.89,5.27,9.52,960,950,1000,103.67,113.09,69.06,1137,27.6,278,12,31.6,8.25,51.1,49.3,0.178,0.005,50,15.6,8.08,0.416,,3.83,,0.731,570,50,10704,596,2374,0.06,9.00,9.00,15,0.82,2.05,95.68,97.57,91.23,283,2.98,0.9
13.03.2017.,15.6,13.8,12,12,7.7,8.1,1.25,1.85,10.65,9.55,15.31,3.72,3.36,5.04,6.93,6.19,10.27,950,950,1000,89.2,99.48,65.32,802,28.8,338,22.5,49.2,3.6,72.3,63.2,0.137,0.007,63.2,11.1,8.43,0.448,,1.19,,0.401,232,12,7787,596,2448,0.08,9.74,9.74,16,1.13,0.69,93.34,96.41,94.83,597,2.58,0.91
14.03.2017.,14.7,13.9,12,13,7.6,8.1,2.3,1.95,10.7,9.87,15.22,3.8,3.51,5.04,6.9,6.36,10.18,960,980,1000,89.72,99.29,65.7,1174,35.2,592,3.9,1.35,1.95,85.1,61.4,0.11,0.002,71,11.6,11.1,0.472,,3.1,,0.401,1302,86,7966,596,2348,0.07,9.98,9.98,16,1.10,2.20,99.34,97.00,93.39,518,2.07,0.95
15.03.2017.,15,14,12.7,13.3,7.7,8,1.4,1.6,10.82,9.95,15.6,3.91,3.63,5.19,6.91,6.32,10.41,960,970,1000,88.72,97.49,64.1,1138,34.3,445,16.9,42,0.13,74,62.9,0.145,0.003,51.9,8.7,9.29,0.368,,2.81,,0.574,430,2,8841,595,2187,0.08,9.85,9.85,16,1.00,0.97,96.20,96.99,99.53,530,3.18,0.94
16.03.2017.,15.7,14.4,13.5,14.6,7.4,8,1.4,1.75,10.76,9.77,16.02,3.7,3.39,5.24,7.06,6.38,10.78,960,970,1000,89.22,99.28,62.42,1170,36.2,586,14.1,56.8,0.352,66.6,59.2,0.243,0.001,70.4,6.23,11.4,0.396,,2.56,,0.322,1290,86,3230,596,2193,0.03,9.46,9.46,15,2.72,2.20,97.59,96.91,93.33,586,2.63,0.94
17.03.2017.,15.6,14.7,13.7,14.8,7.4,8.1,2.95,1.65,10.36,9.54,15.32,3.86,3.55,5.29,6.5,5.99,10.03,980,970,1000,94.6,10.17,65.27,1183,29.3,373,19.8,82.3,0.353,58.8,57.8,0.091,0.007,104,7.34,15.7,0.311,,2.5,,0.268,1830,132,7810,596,2277,0.06,9.59,9.59,16,1.13,4.91,94.69,97.52,92.79,389,2.81,0.66
20.03.2017.,16.2,15.3,14.2,17.1,7.8,7.7,1.1,1.9,11.06,10.27,15.73,3.84,3.64,5.2,7.22,6.63,10.53,950,960,1000,85.9,93.48,63.57,1110,31.5,332,14.1,46.9,0.337,63,59.2,0.117,0.002,59.2,6.05,7.39,0.479,,1.81,,0.051,732,216,7061,596,2117,0.06,10.01,10.01,16,1.25,2.20,95.75,97.16,70.49,490,2.13,1.03
21.03.2017.,15.5,15.8,14,17.8,7.45,8.3,2.85,1.7,11.31,10.24,16.05,3.93,3.54,5.32,7.38,6.7,10.73,960,950,1000,84.88,92.77,62.31,1159,36.3,315,22.5,72,0.387,66.2,58.4,0.09,0.004,88.2,6.63,12.5,0.528,,1.35,,0.057,1424,74,7650,596,2293,0.05,9.91,9.91,16,1.15,4.52,92.86,96.87,94.80,439,2.48,0.93
23.03.2017.,17.4,16.9,16,18.8,7.6,8,1.3,1.6,10.88,9.93,16.73,3.81,3.53,5.65,7.07,6.4,11.08,970,980,1000,89.15,98.69,59.77,949,46.1,434,33.8,45.8,37.9,63.9,68.6,0.132,0.001,66.1,10.4,8.26,1.83,,1.35,,0.123,406,108,7221,425,2267,0.08,12.88,12.88,21,1.22,0.94,92.21,95.14,73.40,665,3.68,1.14
24.03.2017.,17,17.1,15.7,19.7,8.1,8.1,1.55,1.5,11.4,11.05,15.47,4.32,4.16,5.83,7.08,6.89,9.64,920,950,990,80.7,85.97,63.99,1086,37.2,524,33.8,49.2,1.23,58.8,61.4,0.237,0.017,77.4,6.69,8.7,0.99,,1.93,,0.096,534,832,7413,595,1927,0.08,10.73,10.73,17,1.19,1.02,93.55,96.57,-55.81,659,3.29,0.87
27.03.2017.,16.1,15.3,13.7,18.1,7.6,8,2.6,1.9,11.45,10.29,16.1,4.05,3.65,5.04,7.4,6.64,10.7,1000,1000,1000,87.34,97.18,62.11,1078,40.1,349,14.1,59.9,0.456,64.6,62.1,1.066,0.005,75.3,7.69,20.4,0.821,,2.75,,0.127,604,138,7198,596,2020,0.07,9.97,9.97,16,1.22,1.73,95.96,96.28,77.15,626,2.76,0.99
28.03.2017.,16.1,15.1,13.1,13.9,7.5,7.8,1.6,1.55,11.39,10.51,16.67,4.02,3.87,5.73,7.37,6.64,10.94,990,990,1000,86.92,94.2,59.99,642,28.7,259,19.7,41.1,0.401,62.2,58.6,0.132,0.014,67.2,7.57,7.94,0.586,,3.71,,0.081,148,12,7535,595,2288,0.06,9.72,9.72,16,1.17,0.57,92.39,95.53,91.89,530,2.01,0.95
29.03.2017.,15.9,15.5,,17.2,7.8,8.6,3.23,1.55,11.67,10.63,16.27,4.15,3.76,5.41,7.52,6.87,10.86,990,990,1000,84.83,93.13,61.46,1346,32.2,445,14.1,98.5,0.33,66.6,63.3,0.172,0.002,118,8.87,19.8,0.588,,5.41,,0.105,3632,50,7352,596,2155,0.06,10.12,10.12,16,1.20,8.16,96.83,97.61,98.62,546,2.97,1.08
30.03.2017.,16.4,16.3,15.7,19.7,7.5,8.4,1.75,8.4,11.64,10.59,16.55,4.29,3.9,5.65,7.35,6.69,10.9,990,990,1000,85.05,93.48,60.42,1129,30.7,417,33.8,44.8,0.428,53.8,58.8,0.177,0.033,58.7,6.65,9.68,1.38,,1.92,,0.075,636,34,7978,596,2221,0.07,9.92,9.92,16,1.10,1.53,91.89,97.28,94.65,513,3.2,0.92
31.03.2017.,17.3,16.6,15.7,16.7,7.6,7.3,2.35,1.65,11.31,10.37,15.87,4.29,3.9,5.65,7.35,6.69,10.9,990,990,1000,87.53,95.47,63.01,1113,35.5,234,13,56,0.97,57.9,59.2,0.238,0.002,87.1,7.75,12.6,1.28,,1.16,,0.104,676,16,7015,595,2329,0.03,10.10,10.10,16,1.25,2.89,94.44,96.81,97.63,227,1.18,0.99
03.04.2017.,17,17.1,15.7,18.3,7.6,8.7,1.95,1.2,12.3,11.28,17.05,4.12,3.98,5.53,8.18,7.3,11.52,990,990,1000,80.49,87.77,58.65,1180,37.5,558,22.5,50.3,2.17,53.8,60.6,1.213,0.024,46.3,10,11.6,2.16,,0.583,,0.136,1832,508,6658,595,2395,0.01,10.23,10.23,17,1.32,3.28,95.97,96.82,72.27,135,3.26,0.96
04.04.2017.,18,17.2,15.7,17.7,7.6,8.3,1.9,1.25,12.21,11.27,16.82,4.19,3.93,5.58,8.02,7.34,11.24,980,960,1000,80.26,85.18,59.45,1148,38.7,592,22.1,53.1,2.07,50,64.7,0.312,0.005,63.9,8.2,11.5,2.2,,0.996,,0.185,818,126,7138,596,1870,0.06,10.31,10.31,17,1.23,1.38,96.27,96.63,84.60,592,3.34,1.17
05.04.2017.,17.1,17.3,15,19.4,7.8,8.1,1.65,1.2,12.22,11.31,16.96,4.21,3.92,5.62,8.01,7.39,11.34,980,990,1000,80.2,87.53,58.96,1017,45.5,355,3.7,58,2.24,55.4,65,0.11,0.014,69.4,7.02,10.5,2.24,,2.7,,0.101,702,80,7383,596,2035,0.06,10.24,10.24,17,1.19,1.98,98.96,95.53,88.60,535,4.31,1.11
06.04.2017.,17.1,17.3,16,17,7.7,8.1,1.2,1.2,11.98,10.93,16.45,4.21,3.9,5.48,7.77,7.03,10.97,990,990,1000,82.64,90.58,60.79,1180,39.1,614,33.8,76.5,3,54.8,62.9,0.177,6.7,57.2,6.7,18.6,3.02,,1.32,,0.15,2288,100,7685,510,2246,0.07,12.02,12.02,20,1.15,3.73,94.50,96.69,95.63,558,3.9,1.08
07.04.2017.,16.7,16.2,14.7,13.7,8.1,8,1.8,1.6,11.4,10.36,15.8,4.16,3.89,5.55,7.24,6.47,10.25,1000,1000,1000,87.72,96.53,63.29,1102,41.4,257,15,60.7,1.02,67.2,66.2,0.152,0.007,74.6,17.8,11.3,2.6,,1.11,,0.118,702,90,7198,596,1883,0.03,10.17,10.17,17,1.22,2.73,94.16,96.24,87.18,227,1.1,1.1
10.04.2017.,17.5,16.7,15.7,17.8,8.2,8.9,1.7,1.75,12.4,11.25,12.04,4.39,3.98,5.55,8.01,7.27,6.49,1000,1000,1000,80.65,88.89,83.06,1124,34,468,16.9,63,0.681,66.8,57.1,0.188,0.008,92.1,7.77,11.9,3.46,,0.629,,0.147,920,160,6699,596,2122,0.06,14.50,14.50,24,1.31,1.97,96.39,96.98,82.61,558,2.8,1.23
11.04.2017.,17.3,17,15.2,15.8,7.7,8.1,0.65,1.35,12.23,11.17,16.46,4.21,3.88,5.44,8.02,7.29,11.02,990,990,1000,80.95,88.63,60.75,1119,38.5,394,22.5,58.8,1.5,63.4,66.1,0.115,0.01,90.8,8.83,9.79,3.07,,0.085,,0.153,535,20,8128,595,3287,0.06,10.51,10.51,17,1.08,1.36,94.29,96.56,96.26,468,3.25,0.96
12.04.2017.,18.6,17.4,15.7,15.5,8.6,8,0.65,1.15,12.7,11.57,16.58,4.39,4.13,5.51,8.31,7.44,11.07,1000,1000,1000,78.74,86.43,60.31,658,57.7,251,54,55.4,12.6,67.8,68.7,0.216,0.096,80.8,25.7,8.77,4.25,,1.33,,0.351,266,60,6742,504,2917,0.05,12.78,12.78,21,1.31,1.06,78.49,91.23,77.44,499,3.94,0.99
13.04.2017.,17,16.9,14.7,16.1,8.1,8.3,1.65,1.35,11.37,10.51,16.41,4.35,4.07,5.93,7.02,6.44,10.48,990,990,1000,87.07,94.2,60.94,1149,48.7,727,50.6,46.5,6.4,57.5,74.4,0.119,0.017,71.9,15.7,11.8,3.14,,0.334,,0.946,1740,194,7515,596,1707,0.05,9.84,9.84,16,1.17,2.39,93.04,95.76,88.85,377,1.72,1.22
18.04.2017.,17.6,16.4,14.7,14.8,8.2,8.1,1.2,1.1,4.28,4.01,5.75,4.28,4.01,5.75,7.92,7.43,11.41,990,980,1000,81.15,85.66,58.28,1149,41.8,366,22.5,68.6,1.7,78.6,54.7,0.163,0.003,80.7,7.55,11.8,2.57,,0.181,,0.165,1028,52,15137,586,1899,0.11,10.83,10.83,18,0.58,2.81,93.85,96.36,94.94,490,2.31,0.89
19.04.2017.,12.3,13.8,11.7,10,7.7,8.1,1.75,2.2,7.88,4.38,17.57,3.03,1.6,5.84,4.85,2.78,11.73,940,530,1000,119.29,121,56.92,1034,91,287,30.9,17.3,2.54,34.8,46,0.043,0.01,33.3,10.5,5.88,0.885,,1.49,,0.795,638,2580,16186,605,1884,0.15,5.07,5.07,8,0.54,2.22,89.23,91.20,-304.39,310,1.2,3.31
20.04.2017.,14.7,13.1,,19,7.9,8.1,4.45,3.05,8.69,7.69,14.43,3.06,2.71,4.79,5.63,4.98,9.64,970,920,990,111.62,119.64,68.61,1104,24.1,383,3.7,39.3,0.379,44.5,0.379,0.03,0.064,53.7,12.6,7.98,0.714,,6.54,,0.738,742,44,11242,596,1498,0.09,8.38,8.38,14,0.78,1.94,99.03,97.82,94.07,366,1.87,0.47
21.04.2017.,16.1,13.1,12.4,15.8,7.8,8,1.9,1.9,9.16,8.12,13.94,3.3,2.98,4.86,5.86,5.14,9.08,970,970,1000,105.9,119.46,71.74,1132,28.2,355,2.8,55.6,0.312,54.9,44.3,0.911,0.02,87.1,13.2,11.6,1.05,,8.69,,0.131,1352,36,8404,595,1975,0.08,9.17,9.17,15,1.05,3.81,99.21,97.51,97.34,473,2.47,0.61
24.04.2017.,15.6,14.9,13.5,14.4,8,6.7,1.8,1.75,10.7,9.53,14.83,3.85,3.43,5.01,6.85,6.1,9.82,960,980,1000,89.72,102.83,67.43,1095,29.6,338,14.1,56.7,0.201,85.4,65.3,0.118,0.01,74.4,10.8,9.73,0.473,,4.6,,0.041,708,16,7438,595,1771,0.07,10.09,10.09,16,1.18,2.09,95.83,97.30,97.74,541,3,0.91
25.04.2017.,17.6,15.5,14.2,17.4,7.8,8,1.3,1.55,10.91,10.13,15.7,3.86,3.67,5.19,7.05,6.46,10.51,970,980,990,88.91,96.74,63.06,1152,30.1,361,16.9,52.2,0.277,72.8,66.2,0.087,0.016,93.1,7.48,11.2,0.533,,3.45,,0.074,1026,104,7303,596,2207,0.07,9.89,9.89,16,1.20,2.84,95.32,97.39,89.86,597,1.97,0.81
26.04.2017.,16.7,16.4,15.4,18,8,8.3,2.1,1.65,11.12,10.32,15.55,3.87,3.67,5.14,7.25,6.65,10.41,1000,1000,1000,89.93,96.9,64.31,1185,30.5,445,28.1,65.8,0.278,71.8,70.9,0.103,0.038,97.2,9.97,14.3,0.799,,1.51,,0.064,716,34,7370,541,2189,0.07,11.21,11.21,18,1.19,1.61,93.69,97.43,95.25,614,3.21,0.9
27.04.2017.,17.4,17,16,20.9,8,7.6,3.7,1.6,10.91,9.63,15.28,3.79,3.41,5.14,7.12,6.22,10.14,1000,1000,1000,91.66,103.84,65.45,746,31.1,507,39.4,63.7,1.04,79.2,73.6,0.056,0.009,95,8.21,9.56,1.2,,1.33,,0.153,706,18,7496,651,2338,0.06,9.09,9.09,15,1.17,1.39,92.23,95.83,97.45,479,1.86,0.96
28.04.2017.,18.6,17.7,17.1,18.4,8,7.3,0.85,1.4,10.28,9.93,14.53,3.84,3.66,5.2,6.44,6.27,9.33,950,970,1000,92.41,97.68,68.82,1169,28.8,210,3.1,70.7,1.75,68,71.2,1.102,0.003,92.2,7,12.7,0.799,,1.74,,0.089,1182,126,8367,595,2350,0.04,10.29,10.29,17,1.05,5.63,98.52,97.54,89.34,283,2.34,1.09
03.05.2017.,17.4,17.8,17.1,20.5,8,8.2,1.65,1.6,11.73,10.29,15.57,3.96,3.63,5.15,7.77,6.66,10.42,970,960,1000,82.69,93.29,64.23,1163,29.4,569,25.3,51.9,0.639,57.5,69.8,0.158,0.004,66.6,6.87,14.5,1.46,,1.23,,0.084,1948,22,6999,596,1804,0.07,10.44,10.44,17,1.26,3.42,95.55,97.47,98.87,614,2.93,0.96
04.05.2017.,17.9,18.5,17,20.1,8.2,8.4,1.7,1.2,11.04,10.5,15.78,3.83,3.7,5.3,7.21,6.8,10.48,950,970,1000,86.05,92.38,63.37,1090,31.7,490,16.9,63.7,0.436,60.7,65.4,0.049,0.003,101,6.57,12,1.46,,1.61,,0.064,1054,114,8639,592,1783,0.08,10.15,10.15,16,1.02,2.15,96.55,97.09,89.18,586,2.19,1.07
05.05.2017.,17.8,18.1,16.7,19.1,7.7,7.9,1.45,1.7,10.27,9.8,16.11,3.73,3.58,5.65,6.54,6.22,10.46,960,950,1000,93.48,96.94,62.07,1172,38.5,614,22.5,66.6,1.53,55.5,63.2,1.15,0.006,91.3,8.13,16.2,3.5,,1.01,,0.067,1842,0,14919,599,1798,0.15,9.15,9.15,15,0.59,3.00,96.34,96.72,100.00,572,2.51,0.9
08.05.2017.,17.4,17.9,17,17.3,8.4,8.3,1.3,1.5,11.28,9.87,16.1,3.75,3.41,5.2,7.53,6.46,10.9,970,980,1000,85.99,99.29,62.11,526,26.4,727,11.3,55.3,0.353,65.1,44.4,0.137,0.003,79.6,6.09,17,1.04,,2.28,,0.057,852,14,7874,532,1842,0.11,10.86,10.86,18,1.12,1.17,98.45,94.98,98.36,850,2.76,0.73
09.05.2017.,17.5,15.1,14.7,18.2,8,8.1,1.5,1.7,10.73,10.02,14.96,3.76,3.47,5.03,6.97,6.55,9.93,960,980,1000,89.47,97.8,66.84,1166,33.3,546,2.8,42,0.794,64.7,56.4,0.114,0.007,54.4,5.65,9.91,1.24,,1.62,,0.076,1126,46,8261,596,1555,0.08,10.24,10.24,17,1.07,2.06,99.49,97.14,95.91,558,3.02,0.82
10.05.2017.,16.8,17.3,15,17,8.1,7.9,2.5,1.9,11.5,10.19,15.68,3.95,3.55,5.28,7.55,6.64,10.4,990,990,1000,86.09,97.15,63.77,542,22.7,372,3.2,68.5,0.494,75.8,60.9,0.1,0.024,70.8,4.75,9.88,0.192,,2.11,,0.088,618,16,7525,596,1678,0.10,10.21,10.21,17,1.17,1.66,99.14,95.81,97.41,820,2.22,0.87
11.05.2017.,17.8,17.3,15.6,17,8.3,7.9,2,1.85,11.81,10.55,16.17,4.17,3.8,5.41,7.64,6.75,10.76,970,980,1000,82.13,92.89,61.84,885,24.5,699,5.6,60.6,0.459,85.8,61,0.109,0.007,58,6.18,10.1,0.744,,2.1,,0.073,614,70,6469,595,1588,0.08,10.23,10.23,17,1.36,0.88,99.20,97.23,88.60,820,3.88,0.94
12.05.2017.,18.7,18.3,17,19.3,8,7.7,1.6,1.2,11.21,10.33,13.77,4.13,3.84,4.94,7.08,6.49,8.83,980,990,1000,87.42,95.84,72.62,1203,30.8,252,43,68,0.817,52.6,61.9,0.138,0.009,85.6,5.78,16,1.73,,0.812,,0.092,4462,56,7265,556,1813,0.04,12.38,12.38,20,1.21,17.71,82.94,97.44,98.74,316,2.76,0.94
15.05.2017.,18.4,19.6,18,21.4,8.5,8.2,0.5,0.5,11.49,10.99,15.79,4.07,3.76,5.37,7.42,7.23,10.42,990,990,1000,86.16,90.08,63.33,1198,41.8,682,42.2,50.1,42.4,73.4,67.4,0.094,0.052,67.2,11.9,12.4,3.66,,0.416,,0.04,642,8,8766,511,1612,0.08,12.26,12.26,20,1.00,0.94,93.81,96.51,98.75,575,3.65,0.91
16.05.2017.,18.7,19.7,19,20.1,8.2,7.9,0.45,0.95,11.62,10.88,15.85,4.06,3.83,5.37,7.56,7.05,10.48,990,990,1000,85.2,90.99,63.09,595,29.5,546,22.5,44.6,6.72,64.5,64.2,0.268,0.038,67.3,0.509,14.9,4.58,,0.51,,0.039,870,56,7699,596,1639,0.10,10.48,10.48,17,1.14,1.59,95.88,95.04,93.56,820,3.4,0.95
17.05.2017.,18.6,19.8,,21.2,7.8,8.2,1.05,1.2,11.28,10.3,15.7,3.96,3.64,5.26,7.32,6.66,10.44,990,990,1000,87.77,96.12,63.69,1101,38.1,383,22.5,49.8,1.98,77.8,64.3,0.06,0.038,65.3,7.3,8.99,2.52,,0.454,,0.022,1190,90,7941,595,1565,0.08,10.16,10.16,17,1.11,3.11,94.13,96.54,92.44,586,3.28,0.9
18.05.2017.,19.2,19.8,18.5,21.3,7.83,8,2.05,1.2,11.24,10.36,11.28,3.87,3.61,5.19,7.37,6.75,6.09,960,980,1000,85.41,94.59,88.65,836,30.4,563,19.7,49.7,1.53,77.3,62.6,0.105,0.031,70,7.51,7.87,2.03,,0.298,,0.049,406,18,7787,596,1365,0.10,14.14,14.14,23,1.13,0.72,96.50,96.36,95.57,820,3.95,0.9
19.05.2017.,18.9,19.7,18,22.6,8.4,7.7,0.6,0.55,10.94,10.24,15.18,3.88,3.66,5.23,7.06,6.58,9.95,980,990,1000,89.58,98.68,65.88,362,26.1,231,25,70.4,0.754,70.4,63.6,0.083,0.071,57.9,5.07,13,2.12,,1.26,,0.03,968,22,7561,596,1339,0.08,10.30,10.30,17,1.16,4.19,89.18,92.79,97.73,611,2.03,0.99
22.05.2017.,19.8,19.8,18,20.1,7.9,8,0.15,1.7,13.56,5.37,17.26,4.49,2.01,5.52,9.07,3.36,11.74,1000,380,1000,73.75,70.76,57.94,848,62.8,693,107,43.5,19.6,70.2,71.1,0.003,0.049,68.3,25.1,13.5,13.4,,1.31,,0.054,122,40,7797,596,1325,0.12,8.10,8.10,13,1.13,0.18,84.56,92.59,67.21,820,3.61,1.08
23.05.2017.,19.9,20.2,19.5,22.5,7.7,8.2,0.1,1,13.51,5.34,16.79,4.37,1.99,5.22,9.14,3.35,11.57,990,630,1000,73.28,117.98,59.56,1137,78.1,406,64.7,49.8,25.5,103,68.7,0.212,0.091,59.2,29.2,13.8,14.3,,0.617,,0.059,672,86,19591,171,1110,0.20,28.89,28.89,47,0.45,1.66,84.06,93.13,87.20,558,3.44,1.07
24.05.2017.,19.3,19.7,18.7,22.4,8.8,8.4,0.15,1.25,11.95,5.01,18.71,3.92,1.96,5.79,8.03,3.05,12.92,1000,450,1000,83.68,89.82,53.45,636,119,304,129,36.3,28.9,64.9,60.7,0.11,0.052,39.9,23.2,10.2,12,,1.09,,0.04,294,6,10910,596,1224,0.05,6.69,6.69,11,0.81,0.97,57.57,81.29,97.96,203,0.83,1.03
25.05.2017.,18.9,19.7,,19.4,8,7.5,0.5,1.9,11.45,3.92,15.82,3.76,1.57,4.95,7.69,2.35,10.87,990,330,1000,86.46,84.18,63.21,394,52.8,820,127,38.9,15.6,60.6,51.7,0.125,0.022,64.8,21.4,7.99,6.64,,1.44,,0.033,326,62,8087,595,1295,0.14,7.18,7.18,12,1.09,0.40,84.51,86.60,80.98,777,2.78,0.83
26.05.2017.,20.4,19,18.3,21.8,8.6,7.9,0.05,1.5,10.79,4.19,16.6,3.6,1.74,5.33,7.19,2.45,11.27,990,320,1000,91.75,76.37,60.24,1155,58.4,456,58,77.4,18.1,59,49,0.091,0.03,93.3,24.9,13.2,11.5,,0.827,,0.043,1496,8,8170,597,1352,0.10,6.65,6.65,11,1.08,3.28,87.28,94.94,99.47,527,2.76,0.89
29.05.2017.,20.6,19.2,,22.5,8.1,7.8,0.05,1.3,11.45,9.29,12.48,3.8,3.17,4.33,7.65,6.12,9.15,990,970,1000,86.46,104.41,74.18,722,89.8,820,84.4,42.6,36,65.7,63.7,0.135,0.133,72.4,43.8,11.5,9.82,,1.34,,0.06,590,34,7158,617,1589,0.09,11.85,11.85,19,1.23,0.72,89.71,87.56,94.24,749,3.37,0.99
30.05.2017.,20,19.4,19.4,21.3,7.74,8,0.05,0.6,11.48,8.79,13.74,3.55,2.9,4.18,7.93,5.89,9.56,990,950,1000,86.24,108.08,72.78,1128,125,406,61.9,73.5,44,58.5,51.6,0.19,0.107,69.6,45.9,12.2,11,,1.39,,0.072,1078,28,7535,596,1624,0.07,10.89,10.89,18,1.17,2.66,84.75,88.92,97.40,580,2.46,1.02
31.05.2017.,19.4,20,19,22,7.8,7.5,0.1,0.75,11.21,8.95,13.95,3.61,3.04,4.31,7.6,5.91,9.64,990,990,1000,88.31,110.61,71.68,581,104,820,101,46.6,33.6,61.7,60.8,0.28,0.131,59.2,38.9,14,7.81,,1.35,,0.044,902,24,7380,597,1545,0.10,10.65,10.65,17,1.19,1.10,87.68,82.10,97.34,820,3.13,1.07
01.06.2017.,21.8,21,20,24.3,8.9,7.8,0.3,0.95,11.43,9.23,13.5,3.65,3.1,4.17,7.78,6.13,9.33,950,960,990,83.11,104.11,73.33,1203,102,434,113,87,41.9,59.1,67.9,0.313,0.11,88.5,41.4,13.1,4.04,,0.65,,0.037,954,20,10216,596,1792,0.08,11.30,11.30,18,0.86,2.20,73.96,91.52,97.90,451,2.18,1.03
02.06.2017.,19.7,21.3,20.9,23.8,7.8,8,0.6,1.02,11.24,8.87,13.98,3.63,2.97,4.33,7.61,5.9,9.65,960,950,990,85.41,107.1,70.82,1137,74.4,574,81,68.9,33.3,73,70,0.139,0.065,77.3,32.6,8.31,1.94,,0.317,,0.007,638,76,8650,596,1874,0.09,10.62,10.62,17,1.02,1.11,85.89,93.46,88.09,651,1.84,0.89
05.06.2017.,21.5,21.9,21.3,24.1,8,8.2,0.55,0.55,11.87,9.5,14.24,3.81,3.15,4.42,8.06,6.35,9.82,980,960,1000,82.56,101.05,70.22,1164,84.5,237,143,81.8,35.3,61.6,59.7,0.133,0.06,82.7,37.8,10.9,2.76,,0.42,,0.023,1058,138,7408,596,1879,0.04,11.08,11.08,18,1.19,4.46,39.66,92.74,86.96,355,3.25,0.96
06.06.2017.,21.7,22.2,20.3,26.5,7.9,7.5,0.7,1.37,11.59,9.57,14.59,3.66,3.12,4.49,7.93,6.45,10.1,990,980,1000,85.42,102.4,68.54,1108,70.3,423,90,58.4,32.1,58.3,56.2,0.204,0.054,71.1,39.1,9.46,2.05,,0.866,,0.035,802,58,10.293,596,1819,0.00,10.71,10.71,17,854.95,1.90,78.72,93.66,92.77,620,33.14,0.93
07.06.2017.,21,22,21,21.9,8,7.4,0.75,1.2,10.9,8.69,15.39,3.53,2.92,4.79,7.37,5.77,10.6,950,950,1000,87.16,109.32,64.98,713,59,1200,172,56.5,29.4,81.2,61.1,0.682,0.11,60.4,28.5,15.7,2.47,,1.69,,0.001,1498,40,9382,596,1589,0.11,9.40,9.40,15,0.94,1.25,85.67,91.73,97.33,687,1.5,0.96
08.06.2017.,20.7,21.2,19.7,20.5,8.5,8.1,1.2,1.5,10.92,8.75,15.58,3.57,2.95,4.87,7.35,5.8,10.71,970,950,990,88.83,108.57,63.54,1145,51.6,349,121,88.6,32,74.2,61,0.174,0.038,94.4,31.9,11,2.03,,597,,0.03,1082,24,8183,596,1574,0.07,9.32,9.32,15,1.08,3.10,65.33,95.49,97.78,518,1.47,0.86
09.06.2017.,20.7,20.9,19.2,21.9,8.1,7.9,1.15,1.9,11.14,9.05,14.82,3.94,3.22,4.93,7.2,5.83,9.89,980,980,1000,87.97,108.29,67.48,599,45.4,568,71,73.1,19.7,58.9,61.3,0.127,0.009,91.2,25.2,13.1,1.6,,0.929,,0.156,1622,28,9729,596,1516,0.15,10.06,10.06,16,0.90,2.86,87.50,92.42,98.27,904,3.03,0.92
12.06.2017.,20.7,21.3,20.3,21.9,8.2,7.9,0.85,0.45,11.76,10.08,16.26,3.82,3.31,5.12,7.94,6.77,11.14,980,970,1000,83.33,96.23,61.5,689,60,84.5,76,54.6,5.28,69,49.7,1277,0.026,59.6,3.33,7.64,2.44,,1.07,,0.018,240,26,9244,596,1957,0.07,9.92,9.92,16,0.95,2.84,10.06,91.29,89.17,513,2.24,0.98
12.06.2017.(2),21.5,21.5,20.7,28,8.2,8.3,0.6,2.02,11.13,9.35,14.45,3.66,3.15,4.58,7.47,6.2,9.87,960,950,990,86.25,101.6,68.51,1001,58.8,,,48.2,22.6,74.1,54.8,0.706,0.011,61.1,26.7,8.09,1.79,,0.822,,0.019,202,58,,,,0.00,,,,,,,94.13,71.29,,1.8,0.89
13.06.2017.,21.1,21.7,21,21.8,7.9,8.1,0.5,1.55,10.86,9.16,16.45,3.65,3.18,5.18,7.21,5.98,11.27,950,940,980,87.48,102.62,59.57,874,57.5,445,81.6,46.3,26.8,55.5,47.6,0.459,0.026,54.3,29.6,7.34,2.24,,0.494,,0.01,188,84,8505,551,1800,0.10,9.72,9.72,16,1.03,0.42,81.66,93.42,55.32,659,2.66,1.01
13.06.2017.(2),20.5,21.9,21.2,29.8,8.1,7.8,0.45,1.85,10.45,8.93,15.57,3.48,3.06,4.96,6.97,5.87,10.61,970,960,1000,92.82,107.5,64.23,933,62.7,,,34.9,27.7,51.8,48.4,0.341,0.008,50.7,31,6.83,3.36,,0.77,,0.004,236,44,,,,0.00,,,,,,,93.28,81.36,,1.68,0.9
14.06.2017.,20.3,21.9,20.3,22.3,7.8,7.2,0.8,2,11.84,9.77,16.33,3.9,3.33,5.13,7.94,6.44,11.2,950,970,990,80.24,99.28,60.62,1090,61.1,507,84.4,57.8,3.25,80.5,47.2,0.133,0.038,73.5,28.2,23.9,2.45,,1.41,,0.009,474,62,9339,595,1880,0.10,9.79,9.79,16,0.94,0.93,83.35,94.39,86.92,653,2.52,1.01
14.06.2017.(2),21.9,22.1,21.5,28.4,8.3,8,0.65,1.93,10.94,9.19,15.77,3.64,3.15,5,7.3,6.04,10.77,950,950,1000,86.84,103.37,63.41,776,58.3,,,61,2.08,65.2,48.4,0.194,0.036,69.6,26.1,10.5,5.01,,0.249,,0.015,534,68,,,,0.00,,,,,,,92.49,87.27,,2.59,0.91
15.06.2017.,20.8,21.7,20.7,23.9,7.8,8.7,0.65,0.55,11.76,12.38,39.77,3.79,3.21,5.19,7.97,9.17,34.58,970,950,990,82.48,76.74,24.89,971,67.8,78.9,128,71.5,1.93,61.1,49.8,0.218,0.059,66.6,34.4,8.99,8.22,,0.812,,0.013,304,122,8656,596,1873,0.08,4.48,4.48,7,1.02,3.85,-62.23,93.02,59.87,704,2.67,1.11
15.06.2017.(2),20.3,22.1,21.2,28.9,8.5,7.9,0.35,0.75,10.78,9.03,15.58,3.58,3.06,4.87,7.2,5.97,10.71,970,970,1000,89.98,107.42,64.18,1109,88.1,,,57.5,1.27,68.3,49.6,0.149,0.064,64.4,35.6,10.8,10.4,,0.974,,0.022,694,26,,,,0.00,,,,,,,92.06,96.25,,1.79,1
16.06.2017.,21.8,21.8,20.1,24.8,8.5,8.4,0.3,0.65,11.01,9.29,15.55,3.78,3.24,5.25,7.23,6.05,10.3,990,980,1000,89.92,105.49,64.31,1117,74.6,463,70,46.8,2.06,75.2,53.9,0.452,0.318,91.2,35.7,12.1,4.38,,0.891,,0.036,260,110,10605,596,1918,0.10,9.64,9.64,16,0.83,0.56,84.88,93.32,57.69,544,1.97,1.13
16.06.2017.(2),20.7,22.1,21.7,26,8.5,8.2,22.1,21.7,10.57,8.8,15.21,3.68,3.1,5.01,6.89,5.7,10.2,970,960,1000,91.77,109.09,65.75,990,81.7,,,76.2,1.12,69.6,58.6,0.421,0.076,81.8,50.3,9.88,6.49,,0.402,,0.033,264,22,,,,0.00,,,,,,,91.75,91.67,,1.52,0.96
19.06.2017.,20.5,20.9,20.9,22.9,8.2,8,0.4,10.1,11.33,9.12,16.18,3.73,3.09,4.95,7.6,6.03,11.23,980,980,1000,86.5,107.46,61.8,977,79.2,383,127,54.7,0.907,63.9,57.7,0.189,0.113,52.1,41.6,6.63,5.03,,0.506,,0.058,312,58,10609,596,1819,0.09,9.33,9.33,15,0.83,0.81,66.84,91.89,81.41,501,2.68,0.96
20.06.2017.,21.5,21.5,20.9,25.9,7.8,7.8,0.15,0.2,11.2,9.23,16.54,3.59,3.02,4.98,7.61,6.21,11.56,990,970,1000,88.39,105.09,60.46,710,79.9,789,177,53.3,1.02,62,52.3,0.359,0.081,18.3,76.4,12.1,5.79,,0.903,,0.058,1026,68,9023,596,1876,0.13,9.12,9.12,15,0.98,1.30,77.57,88.75,93.37,850,2.65,0.98
21.06.2017.,22.3,22.1,21,25.2,8.2,8.3,0.35,1.43,11.74,9.66,16.12,3.7,3.17,4.87,8.04,6.49,11.25,970,950,10000,82.62,98.34,62.03,572,86.2,315,81.6,47.9,1.31,59.3,55.4,0.095,0.054,60.8,41,6.77,6.24,,0.871,,0.038,62,72,7584,596,1875,0.06,9.80,9.80,16,1.16,0.20,74.10,84.93,-16.13,490,1.93,0.99
22.06.2017.,22,22.5,21.5,23.5,8.5,7.9,0.45,0.4,12.64,10.26,15.69,4,3.34,4.84,8.64,6.92,10.85,990,990,1000,78.32,96.49,63.73,662,81.8,1050,217,66.1,1.5,56.5,56.2,0.093,0.082,86.2,38.6,10.7,2.98,,0.66,,0.069,1192,50,8036,271,1738,0.10,23.70,23.70,38,1.10,1.14,79.33,87.64,95.81,850,3.42,1
23.06.2017.,22,23.2,22.5,25.5,7.9,8,0.15,0.7,11.91,9.54,14.43,3.94,3.27,4.55,7.46,6.27,9.88,990,990,1000,83.12,103.77,69.3,210,91.3,663,75,114,1.12,72.3,64.4,0.429,0.101,145,47.2,26.8,2.92,,0.556,,0.041,1820,46,8105,581,1662,0.07,11.26,11.26,18,1.09,2.75,88.69,56.52,97.47,520,1.41,0.99
26.06.2017.,22.1,22.2,22.1,25,8.2,7.9,1.2,1,9.19,7.49,15.58,2.79,2.33,4.7,6.4,5.16,10.88,950,900,1000,103.37,120.16,64.18,10.66,68,287,113,46.9,23,55,51.7,0.325,0.074,56,34.2,7.38,1.49,,0.355,,0.012,648,130,8537,597,1629,0.05,7.89,7.89,13,1.03,2.26,60.63,94.00,79.94,327,1.1,0.64
27.06.2017.,21.5,22.8,21,22,7.8,7.2,0.8,1.25,11.16,8.53,14.34,3.34,2.63,4.16,7.82,5.9,10.18,980,970,1000,87.81,113.72,69.73,484,46.9,659,87.2,74.9,15.1,75.4,60,0.359,0.061,65.7,12.6,13.9,0.876,,0.728,,0.314,1204,102,8214,596,1563,0.11,10.14,10.14,16,1.07,1.83,86.77,90.31,91.53,820,3.07,0.7
28.06.2017.,22.3,23.2,22.5,26.6,7.7,8.4,0.75,0.85,10.9,9.13,15.36,3.44,3,4.61,7.46,6.13,10.75,950,960,1000,87.16,105.15,65.1,116.3,49.3,310,64.7,54.6,13,59.1,59.6,0.197,0.044,66,20.1,10.8,0.802,,0.078,,0.231,802,18,8028,596,1533,0.07,9.63,9.63,16,1.10,2.59,79.13,57.61,97.76,535,2.49,0.76
29.06.2017.,23.4,23.7,22.5,25.1,8.2,7.3,0.45,0.6,11.01,9.19,14.71,3.53,3.04,4.53,7.48,6.15,10.18,950,960,1000,86.28,104.46,67.98,1243,48.6,518,95.7,72.9,15,60.6,53.9,0.27,0.039,76.1,160.6,14.2,0.867,,0.515,,0.495,954,72,8899,596,2159,0.13,10.14,10.14,16,0.99,1.84,81.53,96.09,92.45,850,2.69,0.85
30.06.2017.,23.3,23.6,22.1,26.5,8.4,8.3,0.75,1.4,10.19,8.4,14.03,3.39,2.86,4.47,6.8,5.54,9.56,990,980,1000,97.15,116.67,71.27,1141,52.6,259,8,69.6,1.85,52.8,51.5,0.05,0.008,75,20.4,9.05,0.888,,0.321,,0.409,586,12,10102,596,1171,0.06,9.78,9.78,16,0.87,2.26,96.91,95.39,97.95,338,2.04,0.83
03.07.2017.,21.8,22.7,21.5,23.2,7.9,7.4,0.55,5,11.76,9.97,15.02,3.62,3.14,4.5,8.14,6.83,10.52,970,980,1000,82.48,98.29,66.58,642,38.4,783,61.9,91.5,17.9,50.6,44.9,0.301,0.032,96.7,21,15.7,0.615,,0.468,,0.382,282,16,8124,597,1438,0.10,10.66,10.66,17,1.08,0.36,92.09,94.02,94.33,850,2.89,0.83
04.07.2017.,21.8,22,20.9,22.3,8.1,7.6,1.3,5.15,11.16,9.59,15.06,3.61,3.12,4.6,7.55,6.47,10.46,970,980,1000,86.92,102.19,66.4,835,37.8,738,64.7,50.4,12.9,52.8,49,0.182,0.023,70.8,14.1,9.05,0.279,,0.454,,1.29,520,14,6831,595,1569,0.09,10.19,10.19,17,1.29,0.70,91.23,95.47,97.31,850,2.56,0.87
05.07.2017.,21.6,22.7,21.5,24.2,7.8,7.4,1.7,5.8,10.91,10.16,15.34,3.48,3.31,4.72,7.43,6.85,10.62,950,980,990,87.08,96.46,64.54,901,32.9,770,30.9,59.9,9.57,55.5,47.9,0.234,0.021,76.4,14.2,20.3,0.305,,0.596,,0.859,2346,4,7797,596,1641,0.10,10.14,10.14,16,1.13,3.05,95.99,96.35,99.83,780,2.69,0.91
06.07.2017.,21.7,23,24,22.6,8.1,7.5,0.75,5.2,10.73,10.11,15.09,3.49,3.34,4.7,7.24,6.77,10.39,950,970,990,88.54,95.94,65.61,902,31.8,1050,16.9,66.8,11.5,50.3,49.3,0.22,0.04,71.2,11.8,15.8,0.454,,0.917,,0.814,2738,0,7173,596,1341,0.08,10.20,10.20,17,1.23,2.61,98.39,96.47,100.00,693,2.11,0.93
07.07.2017.,22.3,23.4,22.3,23.4,8,7.3,0.65,0.65,10.63,9.89,14.19,3.63,3.4,4.69,7,6.49,9.5,960,980,1000,90.31,99.09,70.47,499,34.8,461,19,97,8.72,51.7,50.3,0.207,0.016,152,10.9,20.3,0.427,,0.825,,0.664,176,6,7824,596,1530,0.10,10.68,10.68,17,1.12,0.38,95.88,93.03,96.59,756,2.35,0.92
10.07.2017.,22.2,24.1,24.1,28.8,8.5,7.9,6.8,4.15,6.07,7.55,19.06,2.21,2.62,5.76,3.86,4.93,13.3,680,690,990,112.03,91.39,51.94,1139,178,513,61.9,55.7,3.54,53,48.6,0.23,0.057,74.8,6.65,11.4,1.6,,1.51,,1.73,1080,82,7203,596,1568,0.12,5.28,5.28,9,1.22,2.11,87.93,84.37,92.41,642,1.48,1
11.07.2017.,22.9,24.4,23.7,23.6,8.4,8.2,0.55,4.8,11.14,9.99,15.24,3.55,3.24,4.71,7.59,6.75,10.53,77.2,94.09,64.96,77.2,94.09,64.96,1096,48.8,366,67.5,59.9,7.31,60.3,52.4,0.195,0.033,77,13.4,10.6,1.95,,1.13,,0.017,746,162,15067,595,1550,0.17,10.25,10.25,17,0.58,2.04,81.56,95.55,78.28,697,2.39,1.09
12.07.2017.,21.8,23,22.9,26.3,7.7,7.61,2.05,10.44,8.11,7.2,17.39,2.64,2.39,5.31,5.47,4.81,12.08,840,890,990,103.57,123.61,56.93,695,51.7,270,98.5,27.7,9.75,44.9,46.8,0.141,0.064,18.7,13.7,5.83,1.88,,0.624,,0.053,470,76,12526,596,1457,0.08,6.50,6.50,11,0.70,1.74,63.52,92.56,83.83,293,0.73,0.78
13.07.2017.,22.1,23.3,21.7,27.4,7.8,7.77,1,5.25,9.69,8.49,16.52,3.11,2.76,5.01,6.58,5.73,11.51,940,950,1000,97.01,111.9,60.53,706,44.9,383,36.6,29.4,12.2,40.6,39.7,0.166,0.063,102,16.3,6.55,5.61,,0.65,,0.05,404,82,10381,425,1545,0.03,11.39,11.39,18,0.85,1.05,90.44,93.64,79.70,158,0.95,0.81
14.07.2017.,22.3,22.7,21.9,27.3,8.4,7.9,0.62,6.3,10.2,8.95,14.99,3.39,3.04,4.77,6.81,5.91,10.22,980,990,1000,96.08,110.61,66.71,1187,52.2,473,61,47.3,9.45,46.9,42,0.211,0.054,63.3,12.9,12.1,4.72,,0.264,,0.018,1294,78,8941,596,1440,0.08,9.43,9.43,15,0.98,2.74,87.10,95.60,93.97,531,2.31,0.82
17.07.2017.,23,22.2,20.7,27,7.7,7.89,0.7,4.3,10.73,9.86,15.89,3.51,3.25,4.93,7.22,6.61,10.96,970,980,990,90.4,99.39,62.3,311,44,366,45,47.1,10.1,57.6,42.5,0.268,0.03,65.2,15.1,8.67,0.273,,0.272,,0.501,614,102,9196,595,1634,0.08,9.58,9.58,16,0.96,1.68,87.70,85.85,83.39,518,2.93,0.98
18.07.2017.,21.8,22.6,22.3,26.8,7.7,7.81,0.6,0.95,11.52,10.1,14.51,3.74,3.35,4.52,7.78,6.75,9.99,980,990,1000,85.07,98.02,68.92,223,43.6,366,36.6,71.8,17.8,58.2,41.9,0.229,0.024,82.7,19.8,11.6,0.456,,0.735,,0.727,908,320,7853,596,1412,0.05,11.00,11.00,18,1.12,2.48,90.00,80.45,64.76,423,1.94,1.21
19.07.2017.,22.9,23,21.7,25,7.8,8.2,0.5,0.6,11.26,10.3,16.95,3.7,3.46,4.74,7.56,6.84,12.21,950,970,990,84.37,94.17,58.41,1161,52.3,276,78.8,70.1,11.5,62,44.9,0.23,0.018,77.4,15.3,11.1,0.528,,0.099,,0.275,394,4,7633,596,1412,0.07,9.39,9.39,15,1.15,1.43,71.45,95.50,98.98,569,3.58,0.93
20.07.2017.,22.9,23.2,25.2,24,7.6,7.96,0.5,0.9,11.18,9.9,15,3.56,3.27,4.58,7.62,6.63,10.42,980,990,1000,87.66,100,66.67,1169,42.4,699,50.6,73.2,7.95,56.4,49,0.237,0.017,92.4,11.4,17,0.687,,0.467,,0.213,2336,4,8515,596,1522,0.01,10.37,10.37,17,1.03,3.34,92.76,96.37,99.83,90.1,2.71,0.93
21.07.2017.,24.3,23.8,22.7,27.8,7.7,7.9,0.45,1,12.97,9.75,14.94,3.56,3.36,4.93,9.41,6.39,10.01,980,990,1000,75.56,101.54,66.93,1112,31.8,437,52,74.1,15.5,50.8,50,0.216,0.027,88.6,18.4,11.7,1.72,,0.095,,0.049,630,4,9062,595,1590,0.09,11.25,11.25,18,0.97,1.44,88.10,97.14,99.37,668,3.57,0.92
24.07.2017.,23.4,23.7,23.2,24.2,8.4,8.1,0.15,1.1,11.72,10.89,15.49,3.72,3.51,4.75,8,7.38,10.74,990,990,1000,84.47,90.91,64.56,1144,178,546,363,61.9,31.1,59.3,50.6,0.251,0.141,87,38.3,13.3,11.6,,0.799,,0.02,200,70,17263,596,1525,0.09,10.78,10.78,17,0.51,0.37,33.52,84.44,65.00,338,1.15,1.22
25.07.2017.,21.5,22.2,21.1,25.1,7.4,7.69,0.2,0.25,6.9,7.24,15.87,2.16,2.28,4.6,4.74,4.96,11.27,900,930,990,143.48,128.45,62.38,866,82.4,456,61.9,34,32,41.8,43.2,0.183,0.098,45.9,30.5,11.6,12,,0.15,,0.02,702,38,9441,596,1501,0.06,6.58,6.58,11,0.93,1.54,86.43,90.48,94.59,265,0.67,0.72
26.07.2017.,23,22.3,20.9,23.7,7.8,7.72,0.1,1.55,9.88,8.99,14.48,3.04,2.81,4.24,6.84,6.18,10.24,980,980,1000,99.19,109.01,69.06,1140,60.4,558,90,48.6,20,52,42.7,0.192,0.053,61.4,25.7,9.74,2.15,,0.014,,0.017,768,2,12127,596,1537,0.10,9.62,9.62,16,0.73,1.38,83.87,94.70,99.74,451,2.59,0.67
27.07.2017.,22.1,21.9,20.7,24.3,7.8,7.72,3.4,1.1,9.01,8.72,14.86,2.81,2.74,4.39,6.2,5.98,10.47,950,950,990,105.44,108.95,66.62,668,58.1,653,141,78.2,24.7,46.5,43.1,0.228,0.072,61.2,27.8,15.8,6.43,,0.423,,0.037,442,8,8690,596,1491,0.09,8.81,8.81,14,1.01,0.68,78.41,91.30,98.19,530,1.01,0.76
28.07.2017.,22.6,21.6,21.3,24.1,7.5,7.73,3.3,1.55,10.2,9.3,13.8,3.13,2.99,4.24,7.07,6.31,9.56,990,990,1000,97.06,106.45,72.46,822,79.2,232,62,63.2,25.2,53.4,39,0.267,0.085,82,32.2,13.5,7.91,,0.178,,0.028,1124,22,8681,597,1550,0.08,10.41,10.41,17,1.01,4.84,73.28,90.36,98.04,527,2.57,0.85
31.07.2017.,22.4,2.8,1.75,26.5,7.7,7.93,24.1,20.1,10.93,9.89,14.6,3.44,3.11,4.47,7.49,6.78,10.13,970,990,1000,88.75,100.1,68.49,1118,33.5,366,25.3,618,28,61.2,50.3,0.24,0.023,77.1,7.96,11.2,0.459,,0.321,,0.187,1214,16,7711,596,1465,0.07,10.53,10.53,17,1.14,3.32,93.09,97.00,98.68,558,2.31,0.91
01.08.2017.,23,24.2,23,27.7,7.7,7.79,2.95,2.2,10.35,8.98,15.06,3.34,2.96,4.63,7.01,6.02,10.43,960,970,1000,92.75,108.02,52.47,1052,48.4,254,36.6,36.7,2.77,60.6,51,0.222,0.013,69,8.27,9.96,0.36,,0.638,,0.54,648,4,8320,596,1712,0.07,9.48,9.48,15,1.06,2.55,85.59,95.40,99.38,513,2.82,0.86
02.08.2017.,23.9,24.5,23.3,23.8,7.5,7.86,0.7,1.55,11.15,9.96,15.18,3.61,3.61,4.69,7.54,6.35,10.49,970,990,1000,86.99,99.4,65.88,343,27.4,220,33.8,45.1,3.98,51.1,49.6,0.213,0.018,65,7.581,8.95,0.54,,0.788,,0.128,76,28,8157,579,1590,0.13,10.57,10.57,17,1.08,0.35,84.64,92.01,63.16,1000,2.69,0.91
03.08.2017.,24.8,24.8,22,25.4,7.6,7.3,0.25,1.6,11.78,10.08,16.23,3.78,3.3,4.98,8,6.78,11.25,980,990,1000,83.19,98.21,61.61,627,31.8,350,81,78.6,5.49,50.9,45.4,0.246,0.014,74,8.85,13.6,0.716,,0.313,,0.059,296,2,8822,612,1546,0.06,9.68,9.68,16,1.00,0.85,76.86,94.93,99.32,461,3.01,0.87
04.08.2017.,23,25.3,24.5,24.2,7.7,7.89,0.25,1.95,11.06,8.82,15.72,3.66,3.05,4.94,7.4,5.77,10.78,980,990,1000,88.61,112.24,63.61,458,31,377,78.8,58.2,13.1,54.7,45.9,0.187,0.025,47.6,14,10.6,1.27,,0.922,,0.002,130,32,8792,595,1565,0.11,9.35,9.35,15,1.00,0.34,79.10,93.23,75.38,699,2.22,0.95
07.08.2017.,21.8,23.8,24.2,25.6,8,7.26,0.5,2.15,8.94,8.04,16.3,2.95,2.71,5.13,5.99,5.33,11.17,940,930,1000,105.15,115.67,61.35,633,169,327,203,31.1,19.1,53.6,42.4,0.243,0.067,44.5,15.3,7.76,7.39,,0.741,,0.07,296,290,10302,604,1327,0.04,7.59,7.59,12,0.85,0.91,37.92,73.30,2.03,192,0.69,1.33
09.08.2017.,23.5,23.5,22,23.6,7.6,7.8,0.35,1.85,10.94,9.57,15.34,3.42,2.03,4.62,7.52,7.54,10.72,970,980,990,88.66,102.4,64.54,1170,33.2,394,42.2,68.6,8.49,53.5,41.3,0.261,0.024,107,8.42,22.4,1.1,,0.248,,0.004,3896,38,10069,588,1554,0.09,10.00,10.00,16,0.87,9.89,89.29,97.16,99.02,608,3.33,0.87
10.08.2017.,23.5,24.6,20.9,24.7,7.7,7.9,0.2,1.85,11.47,10.08,15.49,3.69,3.29,3.9,7.8,6.79,11.59,980,990,990,85.44,98.21,63.91,607,36.2,473,115,52,18.1,49.3,45.8,0.195,0.047,54.4,60.8,10.2,2.42,,0.907,,0.01,648,14,9867,604,1715,0.09,10.13,10.13,16,0.89,1.37,75.69,94.04,97.84,586,2.66,0.91
11.08.2017.,24.2,24.6,23,24.6,7.7,7.8,0.2,1.9,10.56,9.52,15.13,3.47,3.15,4.79,7.09,6.37,10.34,960,980,1000,90.91,102.94,66.09,503,43.5,385,88.7,58.6,19.6,46.5,45.3,0.23,0.059,87.5,70.8,10.3,3.46,,0.135,,0.038,248,10,10083,595,1564,0.10,9.81,9.81,16,0.87,0.64,76.96,91.35,95.97,589,1.92,0.91
14.08.2017.,22.3,22.6,20.5,25.1,7.8,7.86,0.25,2,10.23,9.59,15.15,3.23,3.04,4.57,7,6.55,10.58,980,980,1000,95.8,102.19,66.01,1047,63.7,552,63.7,42.8,30.4,45.9,42.4,0.177,0.076,51.3,27.4,8.46,1.92,,0.71,,0.029,606,42,10055,596,1419,0.11,9.66,9.66,16,0.88,1.10,88.46,93.92,93.07,648,2.74,0.78
15.08.2017.,22.1,22.8,21,25.4,7.5,7.8,0.25,1.95,9.15,9.84,15.79,3.33,3.13,4.71,5.82,6.71,11.08,950,950,990,103.83,96.54,62.7,920,56.2,361,56.2,55.4,24.7,48.4,41.7,0.221,0.067,68.4,25.1,9.42,2.24,,0.57,,0.015,774,96,8992,596,1520,0.09,8.88,8.88,14,0.98,2.14,84.43,93.89,87.60,552,3.82,0.98
16.08.2017.,22.8,23.2,22.7,25.8,7.8,7.72,0.15,1.65,11.15,9.84,15.8,3.39,3.05,4.66,7.76,6.79,11.14,980,990,1000,87.89,100.61,63.29,1063,53.9,518,138,61.3,29.1,56.4,42.5,0.291,0.06,116,28.5,18.1,2.72,,0.556,,0.019,904,176,9457,581,1557,0.09,10.06,10.06,16,0.93,1.75,73.36,94.93,80.53,608,2.74,1.06
17.08.2017.,23.4,23.3,22.3,23.6,7.8,7.85,0.15,1.9,10.56,9.61,15.69,3.31,3.04,4.73,7.25,6.57,10.96,980,990,1000,92.8,103.02,63.73,1020,53.5,434,70.3,76.5,27.8,48.1,48.4,0.319,0.048,75.9,41.9,8.59,2.99,,0.132,,0.011,274,2,9818,610,1641,0.10,9.27,9.27,15,0.90,0.63,83.80,94.75,99.27,620,2.8,0.89
18.08.2017.,23.9,23.7,22.7,27.5,7.9,7.73,0.1,1.65,10.29,9.23,15.17,3.47,3.2,4.81,6.82,6.03,10.36,970,980,990,94.27,108.18,65.26,1102,59.3,187,68,52,30.4,58.7,41.8,0.209,0.045,70.6,35.1,9.44,3.21,,0.413,,0.041,914,8,9466,596,1508,0.08,9.50,9.50,15,0.93,4.89,63.64,94.62,99.12,487,2.34,0.9
21.08.2017.,21.9,22.9,20.6,23.2,7.9,7.72,0.2,1.45,10.16,9.07,14.97,3.21,2.9,4.57,6.95,6.17,10.04,990,970,990,97.44,106.95,66.13,722,66.6,282,59.1,47.1,31.3,46,36.9,0.162,0.088,56.6,31.8,9.75,10.2,,0.043,,0.05,196,6,10487,596,1584,0.10,9.48,9.48,15,0.84,0.70,79.04,90.78,96.94,569,1.17,0.86
22.08.2017.,23.4,22.8,21.7,22.9,8.1,7.7,0.3,1.3,10.48,9.35,15.43,3.27,2.97,4.55,7.21,6.38,10.88,980,960,1000,93.51,102.67,64.81,1118,94.4,468,47.8,61.6,28.3,63.7,37.6,0.214,0.102,82.5,36.5,10.2,9.31,,0.428,,0.038,988,4,10076,596,1559,0.12,9.49,9.49,15,0.87,2.11,89.79,91.56,99.60,732,2.83,0.91
23.08.2017.,21.3,22.8,21.5,24.2,8.1,7.2,0.2,3.95,10.76,9.68,15.56,3.32,3.02,4.57,7.44,6.66,10.99,980,990,1000,91.08,102.27,64.27,1181,74,592,50.6,56.7,31.4,48.8,40.6,0.351,0.107,66,37.1,15.4,9.72,,0.062,,0.048,994,8,9997,170,1403,0.10,34.00,34.00,55,0.88,1.68,91.45,93.73,99.20,642,3.83,0.91
24.08.2017.,22.9,22.6,20.6,23.9,8.3,7.74,0.3,0.65,10.75,9.64,15.46,3.28,2.99,4.55,7.47,6.65,10.91,970,990,990,90.23,102.7,64.04,1134,85.5,332,150,40.8,32.2,49.5,36,0.338,0.089,102,38.8,14.3,4.07,,0.826,,0.032,594,42,9173,412,1587,0.06,14.09,14.09,23,0.96,1.79,54.82,92.46,92.93,401,1.18,0.87
25.08.2017.,22.8,22.7,22.5,25.5,7.7,7.87,0.3,0.8,9.97,9.5,14.58,3.33,3.12,4.64,6.64,6.38,9.94,960,970,1000,96.29,102.11,68.59,1112,46.2,217,182,51.7,19,44.4,42.1,0.663,0.04,58.2,24.2,10.8,1.52,,0.094,,0.03,412,0,9524,609,1788,0.12,9.65,9.65,16,0.92,1.90,16.13,95.85,100.00,692,2.93,0.89
28.08.2017.,21.9,23.4,22.5,24,8,7.82,0.15,0.65,11.72,10.78,15.69,3.6,3.02,4.6,8.12,7.76,11.09,980,990,1000,83.62,91.84,63.73,958,78,304,76,59.9,26.4,64.3,43.5,0.299,0.103,77.6,34.5,13.3,3.47,,0.349,,0.051,460,28,7752,501,1451,0.06,12.59,12.59,20,1.14,1.51,75.00,91.86,93.91,563,3.11,0.92
29.08.2017.,22.8,23.1,22.7,26.7,7.8,7.72,0.3,0.8,11.28,10.47,16.43,3.6,3.23,4.9,7.68,7.24,11.53,980,980,1000,86.88,93.6,60.86,842,58.3,659,61.9,71.8,30.2,70,48.4,0.33,0.075,79.7,32,16,3.4,,0.6,,0.015,1884,272,8188,606,1682,0.12,9.61,9.61,16,1.07,2.86,90.61,93.08,85.56,1000,4.34,2.79
30.08.2017.,22.5,22.7,20.5,24.9,7.8,7.68,0.1,1,11.68,10.5,15.63,3.66,3.31,4.62,8.02,7.19,11.01,990,990,1000,84.76,94.29,63.98,1523,104,254,64.7,56,31.8,68.8,56.7,0.271,0.068,73.6,33.2,9.96,3.93,,0.664,,0.058,866,78,9022,595,1433,0.08,10.49,10.49,17,0.98,3.41,74.53,93.17,90.99,558,2.74,1.01
31.08.2017.,23.3,22.4,22,23.7,7.8,7.72,0.15,0.8,11.96,10.81,16.17,3.51,3.29,4.63,8.45,7.52,11.54,990,990,1000,82.78,91.58,61.84,1178,68.3,608,143,58.8,32.2,50.4,50.1,0.282,0.082,66.6,37.1,14.4,4.95,,0.242,,0.019,388,0,7956,595,1382,0.07,10.41,10.41,17,1.11,0.64,76.48,94.20,100.00,597,4.73,0.95
01.09.2017.,23.7,22.9,24.5,27.3,7.5,7.76,0.05,0.5,10.63,11.92,16.26,3.4,3.75,4.96,7.23,8.17,11.3,990,990,1000,93.13,83.05,61.5,1123,93.4,447,40,77.4,30.3,56.9,51.3,0.514,0.106,96.7,46.8,14.4,9.74,,0.319,,0.038,796,26,8197,590,1690,0.08,10.34,10.34,17,1.07,1.78,91.05,91.68,96.73,677,4.24,0.97
04.09.2017.,21.5,19.1,20.5,20,8,7.69,0.97,0.45,7.59,8.54,14.03,2.22,2.52,3.83,5.37,60.2,10.2,960,970,1000,126.48,113.58,71.27,1130,79.1,332,36.6,56.3,28.2,53.9,42.1,0.297,0.115,71,37.6,13.4,2.52,,0.078,,0.028,620,4,8878,596,1437,0.01,8.49,8.49,14,0.99,1.87,88.98,93.00,99.35,484,2.45,0.62
05.09.2017.,22.6,21.1,19.1,21.4,8.3,7.78,0.45,1.8,8.31,10.06,13.56,2.78,2.99,3.84,5.53,7.07,9.72,950,980,990,114.32,97.42,73.01,564,35.3,411,33.8,75.5,20,65,52.8,0.356,0.066,97.5,31.8,15.9,0.449,,0.272,,0.084,924,8,9279,590,1749,0.04,10.10,10.10,16,0.95,2.25,91.78,93.74,99.13,231,3.25,0.73
06.09.2017.,21.8,21.5,19.8,22.8,7.7,7.73,0.5,1.9,8.6,9.73,13.86,2.69,2.94,3.94,5.91,6.79,9.92,970,990,990,112.79,101.75,71.43,1189,29.1,772,76,34,12.7,53.3,50.5,0.196,0.031,41,15.9,10,0.14,,0.527,,0.078,874,10,10042,602,1983,0.04,9.67,9.67,16,0.88,1.13,90.16,97.55,98.86,214,2.68,0.81
07.09.2017.,23,22.1,20.5,21.3,8.1,7.8,0.3,1.85,8.69,9.83,14.06,2.7,2.97,4.03,5.99,6.86,10.03,940,970,990,108.17,98.68,70.41,1127,31.9,377,59.1,41.3,11.3,56.1,44.5,0.295,0.018,74.5,13.4,13.9,0.155,,0.498,,0.021,794,24,10382,586,1856,0.08,9.89,9.89,16,0.85,2.11,84.32,97.17,96.98,417,2.1,0.83
08.09.2017.,22.4,21.9,20.5,21.8,8.1,7.89,0.4,1.9,8.34,9.62,13.3,2.67,3.02,4.19,5.67,6.6,9.11,920,950,990,110.32,98.75,74.44,814,27.3,773,21,91.1,15.1,53.4,41.8,0.292,0.047,108,13.5,14.2,0.103,,0.622,,0.104,166,32,10719,606,1988,0.17,9.80,9.80,16,0.82,0.21,97.28,96.65,80.72,855,2.59,0.88
11/09/2017,22.5,22.6,21.5,21.4,8.1,7.79,1.9,1.9,10.45,10.85,14.92,3.15,3.27,4.35,7.3,7.58,10.57,900,990,990,86.12,91.24,66.35,1105,35,310,33.8,73.3,4.47,49.1,41,0.266,0.014,90.8,10.4,13.9,0.197,,0.466,,0.268,926,16,13366,596,2226,0.20,10.54,10.54,17,0.66,2.99,89.10,96.83,98.27,1000,2.48,0.92
12.09.2017.,21.8,22.5,21,22.6,8.1,7.8,2.05,1.21,8.5,10.17,15.19,2.66,3.16,4.68,5.84,7.01,10.51,900,980,990,105.88,96.36,65.17,706,34.7,755,50.6,13.3,9.1,50.5,38.2,0.284,0.03,61.9,11.8,11.9,3.68,,0.888,,0.058,244,8,9861,596,1814,0.17,9.07,9.07,15,0.89,0.32,93.30,95.08,96.72,1000,2.23,0.83
13.09.2017.,22.5,22.3,20.5,22.7,7.7,7.73,2.15,1.9,9.79,9.15,14,3.02,2.83,4.07,6.77,6.32,9.93,960,970,990,98.06,106.01,70.71,1189,37.2,1189,37.2,84.8,4.42,57.5,37.4,0.308,0.005,97.7,9.95,18.5,0.109,,0.602,,0.415,1800,4,10033,506,2027,0.10,11.76,11.76,19,0.88,1.51,96.87,96.87,99.78,569,3.15,0.86
14.09.2017.,22.9,22.2,20.9,22.7,7.4,7.8,1.85,1.9,10.21,9.52,15.39,3.2,3.02,4.51,7.01,6.5,10.88,990,990,1000,96.96,103.98,64.97,716,25.6,716,25.6,92.5,6.35,50.2,40.7,0.263,0.015,85.5,10.2,14.6,0.155,,1.16,,0.373,592,2,9957,595,2054,0.17,9.48,9.48,15,0.88,0.83,96.42,96.42,99.66,1000,2.38,0.89
15.09.2017.,22.3,22.4,21,20.8,7.7,7.78,0.2,,10.13,9,13.92,3.18,2.94,4.3,6.95,6.06,9.62,950,960,980,93.78,106.7,70.4,451,48.4,208,46,51.4,18.3,54,44.8,0.223,0.056,60.8,19.2,10.7,5.86,,0.599,,0.118,240,16,8961,596,1978,0.09,10.15,10.15,16,0.98,1.15,77.88,89.27,93.33,563,2.28,0.93
18.09.2017.,22,21.1,20.6,20,7.8,7.73,0.25,,10.51,9.11,16.06,3.15,2.75,4.59,7.36,6.36,11.47,990,990,1000,94.2,108.67,62.27,1320,25.1,518,64.7,120,22.7,59.2,36.5,0.39,0.039,132,24.1,26.5,1.51,,0.852,,0.035,2842,26,8198,597,2172,0.06,9.00,9.00,15,1.07,5.49,87.51,98.10,99.09,468,3.02,0.75
19.09.2017.,21.4,21.3,,20.6,7.8,7.76,0.25,,10.24,9.34,14.5,3.14,2.9,4.27,7.1,6.44,10.23,960,970,1000,93.75,103.85,68.96,656,44.8,175,28.1,37.4,19.8,53.3,40,0.241,0.036,60.7,26.1,9.07,0.931,,0.265,,0.039,114,18,11315,595,2009,0.07,9.99,9.99,16,0.78,0.65,83.94,93.17,84.21,377,2.27,0.81
20.09.2017.,22.6,20.8,19.9,18.7,7.7,7.72,0.25,,9.87,8.94,14.85,3.08,2.85,4.36,6.79,6.09,10.49,950,970,1000,96.25,108.5,67.34,1073,32.3,631,53.5,54.5,13.3,45.2,38.6,0.254,0.026,61.1,19.6,10.3,1.11,,0.104,,0.057,260,2,22272,341,1938,0.19,16.34,16.34,26,0.40,0.41,91.52,96.99,99.23,490,1.92,0.79
21.09.2017.,19.5,19.9,,19.4,8.8,7.75,0.1,,8.83,7.79,21.81,2.74,2.5,6.2,6.09,5.29,15.61,950,950,990,107.59,121.95,45.39,473,42,479,45,39.4,20.2,35.6,35.5,0.182,0.039,74.9,29.3,9.73,6.3,,0.092,,0.12,778,28,9486,590,1752,0.03,5.68,5.68,9,0.93,1.62,90.61,91.12,96.40,146,0.45,0.74
22.09.2017.,24,19.7,20.7,19.7,8,7.72,0.25,,9.63,8.88,13.46,2.95,2.81,4.02,6.68,6.07,9.44,960,950,1000,99.68,106.98,74.29,1116,46.1,368,84,67.2,31.9,62.5,32.8,0.221,0.034,82.3,29.7,11.3,4.06,,0.262,,0.076,440,22,8180,602,1763,0.04,10.05,10.05,16,1.08,1.20,77.17,95.87,95.00,291,1.17,0.7
25.09.2017.,20.6,20.4,,18.7,8.3,7.84,0.3,,10.18,9.17,14.43,3.21,3.03,4.4,6.97,6.14,10.03,960,980,1000,94.3,106.87,69.3,762,22.1,315,6.9,46.3,8.27,53,42.9,0.272,0.008,64.3,15.8,10.6,0.731,,0.036,,0.101,316,10,9920,584,1762,0.08,10.10,10.10,16,0.89,1.00,97.81,97.10,96.84,490,1.63,0.91
26.09.2017.,20.7,20.3,,21.9,7.8,7.76,0.25,,9.98,9.05,12.65,3.19,2.9,3.94,6.78,6.15,8.71,910,930,960,91.18,102.76,75.89,846,31.5,704,45,50,6.3,51.7,41.2,0.225,0.006,83.3,10.9,12,0.744,,0.998,,0.054,120,16,10885,607,1665,0.19,10.90,10.90,18,0.81,0.17,93.61,96.28,86.67,1000,2.9,0.89
27.09.2017.,21.6,21,20.9,20.7,7.7,7.76,0.15,,10.06,8.98,14.65,3.2,2.87,4.38,6.86,6.11,10.27,960,960,1000,95.43,106.9,68.26,854,32.4,372,50.6,44.2,15.1,57.7,30.7,0.312,0.018,71.3,14.8,9.56,1.45,,0.177,,0.038,330,12,11438,501,1782,0.11,11.41,11.41,19,0.77,0.89,86.40,96.21,96.36,552,2.46,0.87
28.09.2017.,21.8,,,20.9,8.3,7.81,,,,10.83,15.78,,3.41,4.63,,7.42,11.15,,970,1000,,89.57,63.37,937,57.4,423,78.8,57.8,21.2,65.2,42.9,0.32,0.099,74.2,24,14.1,11.6,,3.53,,0.22,250,2,10425,606,1610,0.19,4.98,4.98,8,0.84,0.59,81.37,93.87,99.20,580,2.37,0.92
29.09.2017.,22.2,,,21.6,8.1,7.9,,,,10.2,15.65,,3.27,4.74,,6.93,10.91,,980,1000,,96.08,63.9,1075,104,714,131,57.1,32.3,58.8,51.2,0.299,0.176,92.4,35.6,21.6,13.9,,0.731,,0.087,170,8,10051,579,1625,0.27,4.95,4.95,8,0.88,0.24,81.65,90.33,95.29,826,1.87,1.03
02.10.2017.,19.7,,17.9,18.8,8.1,7.88,,,,10.42,15.19,,3.18,4.39,,7.24,10.8,,970,1000,,93.09,65.83,1132,112,468,42.2,53.5,5.42,49,26.6,0.325,0.115,75.8,42,12.4,7.37,,0.497,,0.009,726,26,9154,604,1588,0.10,5.00,5.00,8,0.96,1.55,90.98,90.11,96.42,361,2.23,0.98
03.10.2017.,20.4,,18.1,20.1,8.1,7.9,,,,10.64,15.99,,3.23,4.52,,7.41,11.47,,980,1000,,92.11,62.54,1128,118,479,78.8,55.4,34.2,50.7,42.1,0.525,0.138,75.4,44.6,14.3,7.77,,0.457,,0.151,732,10,10943,597,1593,0.20,4.90,4.90,8,0.80,1.53,83.55,89.54,98.63,599,2.72,0.98
04.10.2017.,21.9,,,21.6,7.8,7.5,,,,10.83,17.24,,3.32,4.6,,6.86,12.64,,980,1000,,90.49,58,1049,121,637,65.2,42.6,31,51.8,39.8,0.267,0.145,58.2,35.2,13.1,8.38,,0.799,,0.063,210,16,9137,600,1930,0.30,4.61,4.61,7,0.96,0.33,89.76,88.47,92.38,1000,2.07,0.95
05.10.2017.,21,,21,22.6,7.8,7.83,,,,10.97,15.88,,3.27,4.49,,7.7,11.39,,970,990,,88.42,62.34,787,141,853,101,50.2,35.9,46.8,41.8,0.288,0.186,59.6,38.3,11.5,8.18,,0.47,,0.088,358,16,9434,540,1831,0.17,5.63,5.63,9,0.93,0.42,88.16,82.08,95.53,603,2.52,1
06.10.2017.,20.9,,,21.4,8.2,7.48,,0.2,,10.13,16.73,,3.12,4.71,,7.01,12.02,,990,1000,,97.73,59.77,492,178,369,89,42.1,32,52,39.1,0.219,0.23,59.3,48.6,10.1,7.68,,0.851,,0.087,112,14,11865,599,1695,0.11,4.45,4.45,7,0.74,0.30,75.88,63.82,87.50,282,1.45,1.07
09.10.2017.,19.6,,,19.9,8,7.85,,,,10.71,15.46,,3.03,4.45,,7.68,11.01,,980,1000,,91.5,64.68,734,180,203,70.3,45.5,37.4,65.5,45.5,0.281,0.27,71.3,45.2,10.3,7.37,,0.971,,0.096,230,32,10107,634,1848,0.14,4.81,4.81,8,0.87,1.13,65.37,75.48,86.09,456,3.17,1.07
10.10.2017.,19.7,,18.7,18.1,7.9,7.81,,,,10.71,16.65,,3.16,4.5,,7.55,12.15,,920,990,,85.9,59.46,945,163,349,149,58.8,31,56.4,40.7,0.229,0.248,69.2,35,12.6,5.4,,0.69,,0.098,674,30,10651,601,1933,0.20,4.71,4.71,8,0.83,1.93,57.31,82.75,95.55,620,2.57,1
11.10.2017.,20.7,,,22.2,8.2,7.85,,,,10.68,16.75,,3.07,4.44,,7.61,12.31,,980,1000,,91.76,59.7,579,153,575,234,104,27.9,53.5,46.8,0.346,0.26,108,37.3,22.9,4.2,,1.19,,0.091,586,26,10527,518,1909,0.31,5.42,5.42,9,0.84,1.02,59.30,73.58,95.56,1000,2.58,1.01
12.10.2017.,20.7,,,18.9,7.7,7.8,,,,11.6,17.35,,3.26,4.61,,8.34,12.78,,990,1000,,85.34,57.64,626,35.2,282,87.2,78.4,9.78,54.5,43.3,0.378,0.296,108,38.1,17.8,5.4,,0.657,,0.024,1672,98,9770,604,1968,0.05,4.87,4.87,8,0.90,5.93,69.08,94.38,94.14,186,1.93,1.05
13.10.2017.,21.5,,,20.9,7.6,7.75,,,,10.23,14.73,,3.04,4.15,,7.19,10.58,,920,990,,89.93,67.21,986,178,300,154,69.9,44.8,66.8,33.9,0.419,0.614,79.3,46.6,14,7.14,,0.566,,0.097,284,34,5831,659,1893,0.11,4.64,4.64,8,1.51,0.95,48.67,81.95,88.03,590,2.23,1.03
16.10.2017.,21.4,,18.7,22.7,7.9,7.78,,,10.41,9.64,15.59,3.05,2.84,4.23,7.36,6.8,11.36,960,980,1000,92.22,101.66,64.14,596,64.8,596,64.8,99.3,12.1,66.6,86.9,0.379,0.072,114,16.1,19.9,0.508,,1.14,,0.164,1492,32,10622,597,1871,0.17,9.48,9.48,15,0.83,2.50,89.13,89.13,97.86,1000,1.91,1
17.10.2017.,22.4,20.8,,20.7,7.6,7.79,2.6,,10.03,9.13,15.01,2.93,2.74,4.14,7.1,6.39,10.87,950,950,990,94.71,104.05,65.96,1530,65.7,406,59.1,89.21,29.14,62.3,42.5,0.123,0.024,71.2,15.3,7.88,0.326,,1.01,,0.097,880,20,11129,595,1615,0.09,9.44,9.44,15,0.79,2.17,85.44,95.71,97.73,462,1.74,0.93
18.10.2017.,22.5,21,,19,7.6,7.8,4.35,,9.78,8.39,14.72,2.91,2.55,4.09,6.87,5.84,10.63,950,950,990,97.14,113.23,67.26,951,47,310,28.1,48.4,0.984,82.5,121,0.128,0.017,57.7,8.47,7.98,0.203,,0.684,,0.133,356,4,12613,602,1664,0.11,9.02,9.02,15,0.70,1.15,90.94,95.06,98.88,468,2.03,0.94
19.10.2017.,24.4,21.9,,18.9,7.7,7.82,0.65,,9.59,8.51,15.39,2.89,2.59,4.22,6.7,5.92,11.17,940,960,1000,98.02,112.81,64.98,1135,31.4,439,45,71.8,4.71,123,122,0.237,0.009,75.9,11.7,9.35,0.361,,1.35,,0.071,222,6,12243,595,1843,0.13,8.70,8.70,14,0.72,0.51,89.75,97.23,97.30,595,2.34,0.98
20.10.2017.,24.5,22,,21.9,7.5,7.71,1.8,,10.02,8.63,14.07,3.08,2.69,4.13,6.94,5.94,9.94,960,970,1000,95.81,112.4,71.07,2161,29.3,418,35,152,2.74,105,77.2,0.18,0.005,119,7.91,13.5,0.234,,1.41,,0.005,3636,14,12035,596,1911,0.11,9.79,9.79,16,0.73,8.70,91.63,98.64,99.61,532,1.27,0.89
23.10.2017.,19.8,20.5,,15.9,8.1,7.65,0.15,,8.08,6.81,17.07,2.36,2.13,4.61,5.72,4.68,12.46,950,950,990,117.57,139.5,58,1035,39.7,248,53.5,30.7,10.4,74.9,105,0.092,0.013,31.2,13.9,6.38,3.01,,1.35,,0.073,386,30,16362,596,1547,0.06,6.44,6.44,10,0.54,1.56,78.43,96.16,92.23,158,0.61,0.82
24.10.2017.,19,19.7,,18.4,7.8,7.73,2.25,,8.65,7.28,13.8,2.63,2.31,3.8,6.02,4.97,10,950,960,1000,109.83,131.87,72.46,1181,15.3,693,11.3,80.5,1.4,109,85.8,0.297,0.005,87.2,6.29,17.6,0.236,,1.68,,0.27,2542,16,13313,595,1640,0.12,8.54,8.54,14,0.66,3.67,98.37,98.70,99.37,451,1.2,0.73
25.10.2017.,22.8,20.4,,18.3,7.6,7.73,2.25,,9.21,8.15,13.49,2.81,2.55,3.86,6.4,5.6,9.63,950,960,1000,103.15,117.79,74.13,985,18.6,361,14.1,40.1,2.28,56.1,26.7,0.264,0.001,47.3,8.99,11,0.184,,0.69,,0.017,434,6,11824,596,1654,0.11,9.50,9.50,15,0.74,1.20,96.09,98.11,98.62,507,1.7,0.81
26.10.2017.,22.9,20.6,,19.8,7.6,7.71,1.95,,9.49,8.02,13.8,2.9,2.55,3.95,6.59,5.47,9.85,960,960,990,101.59,119.7,71.74,800,29.2,484,2.8,39.6,0.944,105,79.5,0.07,0.003,47.8,4.83,5.54,0.168,,0.187,,0.127,410,10,11413,596,1750,0.07,9.37,9.37,15,0.77,0.85,99.42,96.35,97.56,347,1.11,0.86
27.10.2017.,23.4,21.2,,21.5,7.8,7.77,2.25,,9.41,8.1,13.26,2.92,2.61,4.01,6.49,5.49,9.25,950,950,990,100.96,117.28,74.67,482,23.9,386,26,68.9,2.11,62.2,65,0.076,0.001,60.6,7.3,8.61,0.279,,0.497,,0.141,156,12,11031,589,1522,0.08,9.86,9.86,16,0.80,0.40,93.26,95.04,92.31,391,1.93,0.87
30.10.2017.,20.1,18.8,,17.4,8.1,7.93,1.8,,10.1,8.73,22.32,2.96,2.72,3.57,7.14,6.01,18.75,980,980,990,97.03,112.26,44.35,1776,42.7,1000,22.5,50.6,0.409,55.2,44.1,0.175,0.002,59.9,6.93,4.62,0.685,,1.22,,0.176,1364,28,9311,511,1417,0.08,7.26,7.26,12,0.95,1.36,97.75,97.60,97.95,496,1.75,0.78
31.10.2017.,19.3,17.7,,18.9,8.3,7.84,1.55,,10.3,9.07,12.72,3.03,2.72,3.57,7.27,6.35,9.15,990,990,1000,96.12,109.15,78.62,556,28.3,394,28.1,80.9,2.53,51.2,45.9,0.133,0.022,73.7,7.7,11,0.451,,0.147,,0.156,310,6,9077,596,1534,0.15,11.24,11.24,18,0.97,0.79,92.87,94.91,98.06,1000,2.73,0.87
01.11.2017.,19.5,17.6,,19.5,8,7.93,2.25,,10.88,9.02,13.24,3.27,2.77,3.76,7.61,6.25,9.48,950,950,980,87.32,105.32,74.02,1110,28.8,377,16.9,65.8,0.496,48.5,47.5,0.145,0.007,87.4,6.37,11,0.197,,0.044,,0.177,11142,2,8686,510,1782,0.08,12.97,12.97,21,1.01,29.55,95.52,97.41,99.98,586,1.62,0.93
02.11.2017.,19.8,17.8,,20,8,7.85,0.35,,10.39,8.56,13.52,3.04,2.63,3.82,7.35,5.93,9.7,9501,950,990,91.43,110.98,73.22,74.4,28.3,439,25.3,49.9,2.12,44.5,60.4,0.078,0.002,68,24.6,7.97,0.259,,0.014,,0.081,298,18,8812,596,1567,0.05,10.35,10.35,17,1.00,0.68,94.24,61.96,93.96,309,2.34,0.91
03.11.2017.,20.3,18.1,,20.3,7.8,7.74,1,,10.01,8.84,12.89,3.15,2.92,3.97,6.86,5.92,8.92,950,960,1000,94.9,108.6,77.58,1538,26.8,262,26,20.6,0.766,51.7,49.2,0.154,0.002,50.7,5.62,6.66,2.01,,0.426,,0.108,956,2,9720,595,1671,0.07,10.81,10.81,18,0.91,3.65,90.08,98.26,99.79,382,2.78,0.93
06.11.2017.,18.5,17.5,,17.4,8.5,7.82,1.75,,10.25,9.04,14.06,3.17,2.8,4.01,7.08,6.24,10.05,970,980,1000,94.63,108.41,71.12,1173,35.2,468,19.7,48.8,1.69,53.7,46.9,0.123,0.007,69.6,7.51,9.62,0.631,,0.529,,0.13,376,68,9678,595,1570,0.11,10.15,10.15,16,0.91,0.80,95.79,97.00,81.91,648,2.68,0.94
07.11.2017.,19.1,17.8,,17.7,8,7.83,1.75,,10.55,9.21,13.8,3.14,2.82,3.88,7.41,6.39,9.92,970,980,990,91.94,106.41,7.74,1070,40.4,468,16.9,31.9,2.34,49.1,53.9,0.1,0.01,73.8,10.4,8.82,0.777,,0.037,,0.136,584,8,9600,511,1508,0.08,12.33,12.33,20,0.92,1.25,96.39,96.22,98.63,524,2.52,0.94
08.11.2017.,20.2,17.7,,17.7,8.3,7.77,2,,10.69,9.27,13.94,3.15,2.85,3.91,7.54,6.42,10.03,980,960,1000,91.67,103.56,71.74,1784,38.9,473,22.5,57.6,1.38,51.5,31.1,0.104,0.019,113,6.27,10.6,0.729,,1.14,,0.137,1086,36,9190,595,2137,0.08,10.59,10.59,17,0.96,2.30,95.24,97.82,96.69,507,3.21,0.92
09.11.2017.,19.7,18.3,,22.8,7.9,7.76,0.95,,10.41,9.63,13.19,3.12,2.92,3.74,7.29,6.71,9.45,900,900,970,86.45,93.46,73.54,676,19.1,49.6,36.6,76.3,1.17,55.7,45.4,0.352,0.007,66.9,6.79,13.8,0.656,,0.898,,0.126,142,12,9254,596,1676,0.08,11.22,11.22,18,0.95,2.86,26.21,97.17,91.55,517,1.76,0.92
10.11.2017.,20,18.5,,19.2,7.93,7.74,1,,9.97,8.71,12.94,3.11,2.75,3.85,6.86,5.96,9.09,970,980,1000,97.29,112.51,77.28,1151,43.8,205,28,81.4,1.75,59.4,48.6,0.164,0.006,86.1,10,11.7,0.966,,0.419,,0.079,1186,8,8678,596,1846,0.00,10.66,10.66,17,1.01,5.79,86.34,96.19,99.33,,2.26,0.9
13.11.2017.,18.2,18,,20.1,8.1,7.86,0.35,,11.33,9.41,14.2,3.3,2.91,3.98,8.03,6.5,10.22,980,980,990,86.5,104.14,69.72,1325,65,361,56.3,61.3,34.2,54.4,43.3,0.14,0.007,95.3,13.7,5.07,1.31,,0.422,,0.108,998,12,15288,514,1741,0.24,12.50,12.50,20,0.58,2.76,84.40,95.09,98.80,1000,2.26,0.92
14.11.2017.,15.2,15.6,,20.5,8.27,7.81,0.6,,9.27,7.71,15.04,2.69,2.32,4.07,6.58,5.39,10.97,960,960,990,103.56,124.52,65.82,379,33.7,321,42.2,50.3,2.16,40.9,44.1,0.097,0.014,74.5,10.2,6.88,0.823,,1.22,,0.155,78,10,10519,596,932,0.08,8.33,8.33,14,0.84,0.24,86.85,91.11,87.18,377,0.77,0.77
15.11.2017.,17.8,15.8,,15.9,8.3,7.81,0.35,,11.27,9.89,14.39,3.18,2.86,3.88,8.09,7.03,10.51,980,980,990,86.96,99.09,68.8,928,32.8,383,2.8,48,2.8,56.7,45.7,0.084,0.005,52.1,10.4,6.39,1.04,,0.211,,0.085,154,18,9473,596,1863,0.07,10.86,10.86,18,0.93,0.40,99.27,96.47,88.31,473,1.84,0.78
16.11.2017.,17.6,16.2,,18.3,8.3,7.8,1,,11.02,9.7,14.46,3.21,2.89,4.04,7.81,6.81,10.42,960,950,990,87.11,97.94,68.46,602,31,282,30.9,10.5,1.65,567.7,47.8,0.121,0.001,98.9,6.83,7.81,1.25,,0.515,,0.193,524,20,8972,596,1952,0.06,10.58,10.58,17,0.98,1.86,89.04,94.85,96.18,446,1.85,0.88
17.11.2017.,18,16.5,,17.1,8.3,7.82,1.75,,11.24,9.23,13.6,3.39,2.89,3.99,7.85,6.34,9.61,980,980,990,87.19,106.17,72.79,1784,3.65,302,26,13.22,0.509,56.7,27.1,0.123,0.025,92.9,4.84,11,0.718,,0.824,,0.12,266,8,9225,650,2038,0.04,10.19,10.19,17,0.95,0.88,91.39,99.80,96.99,273,2.04,0.83
20.11.2017.,17,15.9,,20.3,8.4,8.02,3.65,,9.84,8.61,13.24,2.99,2.67,3.7,6.85,5.94,9.54,980,990,1000,99.59,114.98,75.98,488,19.8,496,16.9,18.9,0.165,63.6,71.5,0.512,0.01,48.8,6.34,12.1,0.407,,1.3,,0.518,188,0,9218,596,2304,0.13,10.29,10.29,17,0.95,0.38,96.59,95.94,100.00,783,2.33,0.93
21.11.2017.,17.5,15.5,,18.8,8.3,7.88,3.45,,10.43,9.21,13.65,3.09,2.81,3.84,7.34,6.4,9.81,950,950,990,91.08,103.15,72.53,680,30.8,383,5.6,54.7,0.156,52.5,51,0.109,0.008,68.6,5.03,8.58,0.462,,0.652,,0.843,802,16,9156,596,2344,0.08,10.62,10.62,17,0.96,2.09,98.54,95.47,98.00,530,2.5,1.07
22.11.2017.,17.9,16.1,,16.2,8.32,7.75,2.5,,10.47,8.92,13.44,3.14,2.76,3.78,7.33,6.16,9.66,980,960,1000,93.6,107.62,74.4,1692,15.8,310,14.1,48.8,0.587,53.6,43.9,0.11,0.003,64.1,4.42,7.2,0.62,,1.01,,0.159,482,14,9428,596,2084,0.08,10.65,10.65,17,0.93,1.55,95.45,99.07,97.10,524,1.52,0.82
23.11.2017.,18.3,16.6,,22.6,8.4,7.86,2.2,,9.2,9.27,13.29,2.86,2.92,3.88,6.34,6.35,9.41,980,980,990,106.52,105.72,74.49,460,17.2,451,14.1,41.7,0.349,60.7,54.7,0.051,0.01,59.4,4.69,6.59,0.601,,1.07,,4,88,4,8487,756,2226,0.12,8.09,8.09,13,1.04,0.20,96.87,96.26,95.45,778,1.66,0.96
24.11.2017.,18.5,17.1,,23.2,8.2,7.86,1.1,,11.01,9.73,13.98,3.44,3.12,4.21,7.57,6.61,9.77,970,970,980,88.1,99.69,70.1,922,35,214,20,66.2,0.901,62.3,58.1,0.128,0.01,70.8,5.8,11.4,0.841,,0.651,,0.121,828,16,9041,606,2156,0.07,10.77,10.77,17,0.97,3.87,90.65,96.20,98.07,509,2.06,0.94
27.11.2017.,17.7,15.1,,15.9,8.5,7.9,2.1,,10.43,9.14,14.39,3.11,2.84,4.1,7.32,6.3,10.29,950,950,980,91.08,103.94,68.1,2007,16.04,563,19.7,41,1.12,49.1,40.4,0.103,0.006,71.1,8.54,9.26,0.788,,1.15,,1.06,506,44,9394,595,1808,0.16,10.06,10.06,16,0.94,0.90,96.50,99.20,91.30,1000,1.76,0.76
28.11.2017.,16.8,14.8,,12.7,8.5,7.81,2.01,,11.37,9.94,14.65,3.35,3.05,4.18,8.02,6.89,10.47,980,980,990,86.19,98.59,67.58,508,28.3,456,8.4,23.1,0.229,72,54.3,0.136,0.005,75.1,9.42,10.4,0.725,,1.3,,0.8,434,26,8818,596,2161,0.07,10.74,10.74,17,1.00,0.95,98.16,94.43,94.01,484,1.99,0.88
29.11.2017.,17.3,14.7,,16.3,8.5,7.84,3.05,,10.8,9.32,13.56,3.27,2.91,4.11,7.53,6.41,9.45,950,960,970,87.96,103,71.54,1183,33.8,310,22.5,78.3,0.148,54.7,58.6,0.12,0.002,128,4.23,17.5,0.684,,0.091,,0.577,1442,18,10407,596,2155,0.08,10.95,10.95,18,0.85,4.65,92.74,97.14,98.75,496,2.78,0.89
30.11.2017.,15.9,15,,16,8.3,7.84,2,,9.74,10.59,15.49,3.05,3.27,4.45,6.69,7.32,11.04,980,960,990,100.62,90.65,63.91,782,34.9,435,189.3,43.5,0.469,50.7,31.4,0.106,0.004,55.1,5.11,6.3,0.777,,0.281,,0.137,470,4,10176,596,1526,0.04,9.69,9.69,14,0.86,1.08,56.48,95.54,99.15,250,169,85
01.12.2017.,17.4,15,,17.6,8.6,7.8,2.9,,10.62,8.88,13.22,3.37,2.84,3.97,7.25,6.04,9.25,970,980,1000,91.34,110.36,75.64,379,25,261,7,48.8,0.201,61.6,60.2,0.037,0.004,82.1,12.2,7.41,0.945,,0.531,,0.196,118,14,8275,659,2570,0.09,9.85,9.85,16,1.06,0.45,97.32,93.40,88.14,656,2.07,0.8
04.12.2017.,16.1,13.9,,18.3,8.5,7.85,4.25,,11.3,9.79,13.8,3.43,3.07,4.13,7.87,6.72,9.67,970,960,990,85.84,98.06,71.74,821,29,293,2.8,51.6,0.208,72.3,63.8,0.121,0.002,76.7,6.55,11.3,0.921,,0.168,,0.823,1262,0,8745,596,1861,0.06,11.28,11.28,18,1.01,4.31,99.04,96.47,100.00,417,2.28,0.92
05.12.2017.,16,13.7,,14.3,8.7,7.85,2.9,,10.75,9.83,14.14,3.33,3.08,4.17,7.42,6.75,9.97,970,970,990,90.23,98.68,70.01,1801,24.6,411,11.3,90.89,0.045,71,47.1,0.168,0.021,87.5,8.04,12.8,0.887,,0.722,,0.601,1228,46,9295,596,2049,0.08,10.74,10.74,17,0.95,2.99,97.25,98.63,96.25,507,2.15,0.96
06.12.2017.,16.5,14,,16.4,8.8,7.83,4.45,,10.88,9.55,13.94,3.39,3.06,4.16,7.49,6.49,9.78,990,980,1000,90.99,102.62,71.74,596,26.3,451,11.3,41.4,0.211,53,62.9,0.092,0.005,54.2,5.7,10.2,0.924,,0.9,,0.637,158,28,7125,596,2222,0.08,10.82,10.82,18,1.24,0.35,97.49,95.59,82.28,715,2.96,0.9
07.12.2017.,17.2,14.1,,18.1,8.6,7.79,2.2,,11.54,10.09,14.96,3.54,3.19,4.36,8,6.9,10.6,980,970,990,84.92,96.13,66.18,725,27.8,394,19.7,72.9,0.431,58.2,64.6,0.192,0.001,92.5,6.51,14.2,1.26,,0.058,,0.638,252,134,8201,681,1764,0.01,9.34,9.34,15,1.07,0.64,95.00,96.17,46.83,102,1.99,0.8
08.12.2017.,16.3,14.2,,21,8.8,8.23,4.85,,10.98,9.89,13.58,3.61,3.22,4.29,7.37,6.67,9.29,960,970,990,87.43,98.08,72.9,1800,18.9,193,7,90.28,0.841,68.5,56.3,0.156,0.027,117,7.09,15,1.31,,0.988,,0.393,826,8,13667,596,1834,0.09,11.35,11.35,18,0.64,4.28,96.37,98.95,99.03,428,3.06,0.93
11.12.2017.,15.6,13.3,,16.1,8.8,7.87,3.7,,10.8,9.47,14.37,3.36,3.05,4.23,7.44,6.42,10.14,980,980,990,90.74,103.48,68.89,1157,22.5,372,5.6,82.4,0.293,77.6,59.7,0.167,0.005,93.2,9.72,18.4,1.62,,1.7,,1.77,204,4,10745,596,2175,0.18,10.41,10.41,17,0.82,0.55,98.49,98.06,98.04,1000,2.77,0.87
12.12.2017.,18.2,14.5,,20.1,8.3,7.88,2.4,,10.15,8.75,14.96,3.29,2.86,4.5,6.86,5.89,10.46,980,970,1000,96.55,110.86,66.84,1154,35.2,304,11.3,46.6,0.268,78.1,62.8,0.106,0.002,70.6,9.03,10.2,1.41,,0.96,,1.58,1102,42,13371,563,1677,0.24,9.87,9.87,16,0.66,3.63,96.28,96.95,96.19,1000,1.94,0.92
13.12.2017.,16.1,16.8,,18.9,8.7,8.88,2.45,,8.03,7.65,12.87,2.69,2.61,1.56,5.34,5.04,11.31,940,930,990,117.06,121.57,76.92,552,34.8,203,11.3,24.9,0.36,88.6,57.1,0.094,0.017,36.3,4.24,4.71,1.81,,1.26,,0.559,150,28,12633,596,2136,0.07,8.99,8.99,15,0.70,0.74,94.43,93.70,81.33,270,0.94,0.88
14.12.2017.,19.6,16.6,,17.9,8,7.89,1.25,,9.66,8.4,13.71,2.99,2.7,3.98,6.67,5.7,9.73,970,960,1000,100.41,114.28,72.94,408,35.9,445,19.7,48.1,0.015,112,93.3,0.071,0.012,62.4,5.97,8.26,1.19,,1.8,,0.585,106,40,12061,595,2159,0.05,9.74,9.74,16,0.73,0.24,95.57,91.20,62.26,227,1.85,0.85
15.12.2017.,20.7,17.3,,20.6,7.8,7.78,1.05,,10.02,8.9,13.87,3.32,2.99,4.4,6.7,5.91,9.47,970,960,990,96.81,107.86,71.38,304,25.9,223,4,55.9,0.173,153,99.3,0.153,0.009,78,6.52,12.1,1.69,,1.16,,0.315,1460,26,22712,596,2146,0.21,10.07,10.07,16,0.39,6.55,98.21,91.48,98.22,515,1.16,0.95
18.12.2017.,19.4,16.2,,16.2,8.1,7.73,3.25,,9.32,8.51,12.86,2.98,2.65,3.95,6.34,5.86,8.91,980,960,1000,105.15,112.81,77.76,1101,8.66,428,14.1,60.59,0.174,79.5,45.9,0.095,0.004,46.3,5.68,8.13,0.955,,2.35,,0.101,202,8,11940,596,1945,0.11,10.24,10.24,17,0.74,0.47,96.71,99.21,96.04,507,1.7,0.87
19.12.2017.,19.6,16.4,,19.9,8.3,7.82,3.5,,9.54,8.29,13.74,3.09,2.77,4.19,6.45,5.52,9.55,970,960,990,101.68,115.8,72.05,479,21.8,377,16.9,42.4,0.118,92.5,78.5,0.094,0.002,60.3,8.38,7.88,0.979,,4.76,,0.188,194,10,12029,596,2425,0.12,9.58,9.58,16,0.73,0.51,95.52,95.45,94.85,513,1.39,0.9
19/01/1900,16.7,16.7,,19.9,8.4,7.79,3.3,,9.19,7.86,12.7,3.07,2.78,4.09,6.12,5.08,8.61,970,960,990,105.55,122.14,77.95,521,53,338,16.9,64.9,0.09,75.2,96.1,0.051,0.002,83.7,9.1,10.1,1.16,,5.7,,0.11,608,26,11405,596,1946,0.10,9.91,9.91,16,0.77,1.80,95.00,89.83,95.72,428,2.83,0.9
22.12.2017.,18.6,16,,19.2,8.4,7.86,3.1,,10.41,9.4,13.81,3.42,3.21,4.34,6.99,6.19,9.47,980,970,990,94.14,103.19,71.69,406,20.9,158,8.4,49.5,0.171,65.7,67.6,0.054,0.004,58.8,14,9.07,1.82,,5.78,,0.29,154,10,9241,596,2151,0.11,10.59,10.59,17,0.95,0.97,94.68,94.85,93.51,684,1.36,0.93
25.12.2017.,16.8,14.7,,20,8.9,7.84,4.05,,9.8,9.61,12.64,3.2,2.98,4.09,6.6,5.63,8.55,950,950,990,96.94,110.34,78.32,699,40.4,344,8.4,69.3,0.14,55.5,65.6,0.106,0.006,83.6,10.9,13,2.67,,7.42,,0.118,1418,2,7715,591,1984,0.07,11.43,11.43,19,1.14,4.12,97.56,94.22,99.86,484,3.65,0.94
26.12.2017.,15.8,14.3,,15.9,8.7,7.77,4.9,,9.92,8.76,12.54,3.43,2.98,4.01,6.49,5.78,8.53,970,980,1000,97.78,111.87,79.78,858,41.6,338,14.1,50.9,0.093,56.3,47.2,0.235,0.011,65.7,12.4,7.09,2.25,,6.7,,0.025,370,10,8600,597,2125,0.08,10.98,10.98,18,1.02,1.09,95.83,95.15,97.30,518,3.19,0.98
27.12.2017.,16.5,14.3,,16.2,8.7,7.91,4.35,,9.72,8.72,12.02,3.27,3.03,3.9,6.45,5.69,8.12,950,960,980,97.74,110.09,81.53,452,14.4,462,16.9,105,0.098,61.2,71.2,0.084,0.004,82.8,10.3,12.6,2.66,,10,,0.114,212,16,8800,596,2308,0.09,11.33,11.33,18,1.00,0.46,96.34,96.81,92.45,563,2.02,0.97
"28,12,2017,",17,14.7,,22.7,8.6,7.85,4,,9.75,8.78,12.37,3.28,2.99,4.02,6.47,5.79,8.35,940,950,960,96.41,108.2,77.61,676,34.9,372,5.6,70,0.155,59.6,63,0.114,0.012,92.3,10.9,13.6,2.83,,7.88,,0.122,372,12,8871,597,2022,0.06,11.04,11.04,18,0.99,1.00,98.49,94.84,96.77,389,3,1.06
29.12.2017.,16.7,14.8,,17.5,8.6,7.82,3.5,,9.52,8.34,11.91,3.42,3.04,4.02,6.1,5.3,7.89,970,980,1000,101.89,117.5,83.96,570,18.3,170,4.7,80.91,0.702,64.3,50.8,0.125,0.001,76.4,7.94,6.89,3.09,,5.61,,0.02,664,160,8622,596,2036,0.06,11.07,11.07,18,1.02,3.91,97.24,96.79,75.90,353,2.54,0.93
03.01.2018.,15.7,13.5,,13.9,8.9,7.75,4.5,,9.76,8.3,12.26,3.24,2.88,3.94,6.25,5.42,8.32,980,970,1000,100.41,116.87,81.57,1023,8.78,175,8.4,10.38,0.085,46.3,21.5,0.64,0.009,151,15.8,24.3,2.42,,11.1,,0.01,98,2,8295,596,2001,0.07,10.88,10.88,18,1.06,0.56,95.20,99.14,97.96,439,2.89,0.82
04.01.2018.,15.4,13.8,,14.1,8.8,7.78,4.95,,10.31,8.96,12.38,3.93,2.98,3.93,6.38,5.98,8.45,980,980,990,95.05,109.38,79.97,392,14.5,214,5.6,66.9,0.151,63.7,60.3,0.078,0.007,76,17.4,15.50,2.48,,12.9,,0.127,338,8,8682,597,2097,0.07,11.47,11.47,19,1.01,1.58,97.38,96.30,97.63,462,2.18,0.94
05.01.2018.,17.7,14.5,,15.1,8.4,7.62,2.6,,9.35,8.52,12.18,3.34,3.1,4.07,6.01,5.42,8.11,960,970,990,102.67,113.85,81.28,608,27.1,366,8.4,70.84,0.085,48.9,37.8,0.52,0.01,93.9,16.5,17.7,2.24,,12.4,,0.008,1188,4,8785,542,2048,0.10,11.91,11.91,19,1.00,3.25,97.70,95.54,99.66,586,2.95,0.95
08.01.2018.,16.9,15.5,,17.4,8.7,7.98,3,,10.56,9.01,13.5,3.37,2.97,4.16,7.19,6.04,9.34,960,970,990,90.91,107.66,73.33,1251,22.1,541,8.4,140,0.296,46,56.4,0.161,0.005,111,10.4,23.2,1.71,,4.18,,0.127,380,28,8217,586,1869,0.08,10.88,10.88,18,1.07,0.70,98.45,98.23,92.63,541,8.4,0.96
09.01.2018.,15.7,15.5,,19.3,8.7,7.91,5.6,,10.48,9.34,13,3.44,3.15,4.27,7.04,6.19,8.73,960,970,990,91.6,103.85,76.15,1137,52.9,344,28.1,61.3,0.451,55.1,56.4,0.13,0.001,85.8,12.8,2.24,10.6,,5.57,,0.208,710,66,8565,596,1925,0.09,11.26,11.26,18,1.03,2.06,91.83,95.35,90.70,580,3.63,0.96
10.01.2018.,16.5,14.6,,14.4,8.8,7.8,3.8,,10.32,8.87,10.64,3.44,3.07,4.43,6.88,5.8,6.21,980,970,990,94.96,109.36,72.58,1370,10.1,293,11.3,79.6,0.056,53.8,47.9,0.069,0.006,89,13.5,8.34,2.3,,5.14,,0.04,712,10,9809,597,1948,0.08,13.29,13.29,22,0.90,2.43,96.14,99.26,98.60,462,1.32,0.97
11.01.2018.,16.8,15,,17.3,8.8,7.84,0.4,,10.67,9.14,13.67,3.58,3.14,4.41,7.09,6,9.26,980,970,990,91.85,106.13,72.42,436,22.6,439,22.5,95.6,0.366,53.1,60.5,0.053,0.002,107,9.26,14.5,2.13,,4.34,,0.2,780,0,9483,595,2123,0.10,10.72,10.72,17,0.93,1.78,94.87,94.82,100.00,603,3.08,0.92
12.01.2018.,16.6,14.8,,17.7,8.6,7.8,6.5,,10.45,9.57,13.51,3.7,3.48,4.66,6.75,6.09,8.85,970,980,990,92.82,102.4,73.28,349,19.4,151,16,63.2,0.183,74.5,61.2,0.121,0.004,76.8,12,12.2,1.96,,0.144,,6.9,76,0,9177,597,2002,0.05,10.92,10.92,18,0.96,0.50,89.40,94.44,100.00,290,2.73,0.94
15.01.2018.,14,12.7,,8.2,8.9,7.9,6.55,,10.32,9.16,13.53,3.52,3.22,4.47,6.8,5.94,9.06,970,960,1000,93.99,104.8,73.91,1299,22.7,101,2.8,98.2,0.119,46.8,24.4,0.119,0.016,132,15.8,18.8,1.61,,6.51,,0.037,1044,28,9123,596,2794,0.08,10.63,10.63,17,0.96,10.34,97.23,98.25,97.32,490,3.09,0.94
16.01.2018.,14.5,12.2,,18.2,8.8,7.84,7,,10.62,9.22,13.44,3.64,3.23,4.42,6.98,5.99,9.02,970,980,990,91.34,106.29,73.66,332,35.9,287,5.6,60.1,0.166,64.6,63.7,0.098,0.003,84.6,20.9,13.1,1.22,,16.3,,0.117,616,24,10553,596,1550,0.10,10.90,10.90,18,0.83,2.15,98.05,89.19,96.10,564,2.77,0.98
17.01.2017.,13.5,13.1,,12.8,9,7.9,4.2,,7.63,6.5,14.68,2.68,2.39,4.77,4.95,4.11,9.91,900,890,990,117.96,136.92,67.44,251,35.3,175,53.5,14.3,2.38,36,61.9,0.04,0.008,22.9,11,4.49,4.25,,3.36,,0.302,68,38,19638,596,2126,0.08,7.11,7.11,12,0.45,0.39,69.43,85.94,44.12,169,0.64,0.91
18.01.2018.,15.3,11.6,,13.8,9,7.89,8.25,,9.05,7.38,12.35,3.06,2.51,3.95,5.99,4.87,8.4,950,950,990,104.97,128.73,80.16,1020,19.79,361,2.8,50.73,0.09,65.1,26.5,0.093,0.014,82.6,15.4,9.66,1.32,,5.74,,0.039,278,22,9557,597,2106,0.02,9.81,9.81,16,0.92,0.77,99.22,98.06,92.09,90.1,2.18,0.68
19.01.2018.,15.3,12.8,,17.9,8.7,7.89,5.8,,9.11,7.82,12.24,3.2,2.83,4.17,5.91,4.99,8.07,950,950,990,104.28,121.48,80.88,570,38.1,303,12,34.6,0.066,42.4,56,0.068,0.007,54.8,10.9,8.17,1.09,,7,,0.072,408,84,13144,596,2218,0.07,10.21,10.21,17,0.67,1.35,96.04,93.32,79.41,260,1.67,0.84
22.01.2018.,14.4,12.1,,15.6,9.4,8.3,7.7,,9.74,8.61,12.53,3.29,3.03,4.1,6.45,5.58,8.43,980,950,1000,100.62,110.34,79.81,356,28.6,451,0,43.7,0.094,55.9,49.7,0.094,0.007,51.6,15.3,8.21,0.626,,8.89,,0.08,208,24,9169,597,1799,0.12,10.79,10.79,18,0.96,0.46,100.00,91.97,88.46,715,3.16,0.81
23.01.2018.,15.4,12.3,,15.7,9,7.87,1.9,,9.61,8.2,11.9,3.36,2.92,3.99,6.25,5.28,7.91,970,960,990,100.94,117.07,83.19,316,9.52,470,14.1,70.43,1.29,56.6,40,0.073,0.001,110,18.3,4.98,1.61,,0.71,,0.177,1818,10,8981,596,2118,0.06,11.05,11.05,18,0.98,3.87,97.00,96.99,99.45,340,3.16,0.89
24.01.2018.,15.9,12.8,,13.2,8.8,7.83,8,,9.88,8.75,12.29,9.88,8.75,12.29,3.47,3.15,4.16,970,960,980,98.18,109.71,79.74,979,21.2,411,11.3,44.7,0.119,55.9,58.7,0.081,0.004,76.9,22.5,9.59,1.37,,17.1,,0.117,74,4,9912,596,1877,0.12,11.19,11.19,18,0.89,0.18,97.25,97.83,94.59,358,3.5,0.95
25.01.2018.,14.4,13.4,,16.3,8.9,8.25,8,,9.44,8.66,14.87,3.37,3.14,4.86,6.07,5.52,10.01,960,970,1000,101.69,112.01,67.25,412,19.8,355,0,32.7,0.188,68,63,0.139,0.004,61.1,18.1,8.57,1.55,,10.8,,0.05,276,26,9192,596,1966,0.07,8.99,8.99,15,0.96,0.78,100.00,95.19,90.58,400,2.73,0.96
26.01.2018.,16.8,13.4,,12.4,8.9,7.8,2.15,,8.51,7.84,13.9,2.91,3.05,4.77,5.6,4.79,9.13,950,960,1000,111.63,122.45,71.94,537,29.6,357,2,60.86,0.107,42.3,21,0.109,0.012,96.9,12.5,10.9,2.38,,0.198,,0.147,412,14,8716,596,1814,0.09,8.68,8.68,14,1.01,1.15,99.44,94.49,96.60,461,1.97,0.92
29.01.2018.,14.7,13.3,,15.5,8.9,7.9,7.25,,10.07,8.66,12.69,3.35,3.12,4.17,6.72,5.54,8.52,910,950,980,90.37,109.7,77.23,819,24.2,349,5.6,40.1,0.088,59.5,59.8,0.106,0.004,63.2,11.9,7.2,0.577,,7.45,,0.057,122,22,8815,596,1757,0.06,10.90,10.90,18,1.00,0.35,98.40,97.05,81.97,377,2.21,0.93
30.01.2018.,16,13.7,,15.6,8.9,7.85,5.6,,9.97,9.2,12.24,3.45,3.28,4.33,6.52,5.92,7.81,980,980,990,98.29,106.52,80.88,469,12.6,563,5.6,57.1,0.088,65.3,6.02,0.2,0.002,58.8,11,8.98,0.315,,8.24,,0.06,650,138,9298,597,1843,0.00,11.54,11.54,19,0.95,1.15,99.01,97.31,78.77,0,2.12,0.97
31.01.2018.,16.9,14.3,,15.7,8.6,7.77,4.7,,10.36,9.07,13.86,3.57,3.28,4.7,6.79,5.79,9.16,970,980,990,93.63,108.05,71.43,993,31.6,321,19.7,90.14,1.42,46.7,46.6,0.089,0.01,106,12,13.9,1,,0.783,,0.103,622,146,9375,596,2128,0.11,10.35,10.35,17,0.94,1.94,93.86,96.82,76.53,648,2.9,0.82
01.02.2018.,15.8,14.3,,15.4,8.8,7.87,4.75,,9.67,8.64,12.73,3.41,3.08,4.27,6.26,5.56,8.46,960,960,1000,99.28,111.11,78.55,716,32.1,361,11.3,70.9,0.301,63.9,54,0.202,0.004,25.9,21.9,13.3,1.12,,5.88,,0.06,216,20,8792,596,2174,0.11,10.62,10.62,17,1.00,0.60,96.87,95.52,90.74,653,0.97,2
02.02.2018.,17.6,14.8,,20.7,8.5,7.81,5.8,,6.14,9.2,13.17,2.45,3.4,4.58,3.69,5.8,4.58,960,950,1000,156.35,103.26,75.93,559,27.8,326,10.6,59.6,0.208,60.9,48.1,0.265,0.009,64,13.1,10.7,0.619,,5.62,,0.047,266,2,10661,597,2305,0.11,8.58,8.58,14,0.83,0.82,96.75,95.03,99.25,433,2.55,0.94
05.02.2018.,13.3,12,,14.2,9.1,7.33,5.8,,10.21,8.53,12.89,3.42,2.93,4.21,6.79,5.6,8.68,970,960,990,95,112.54,76.8,458,4.7,434,11.3,142,0.308,30.7,24.1,0.292,0.015,166,16.3,20.2,1.71,,5.68,,0.092,1560,28,8549,596,1975,0.02,10.73,10.73,17,1.03,3.59,97.40,98.97,98.21,130,1.08,0.75
06.02.2018.,14.3,12.3,,13.4,9,7.3,8.2,,9.4,8.52,10.9,3.22,2.96,3.62,6.18,5.56,7.28,950,950,980,101.06,111.5,89.91,373,29.9,220,0,42.7,0.391,75.6,52.5,0.205,0.008,47.7,21.5,10.7,2.89,,0.148,,0.089,220,16,8143,609,2033,0.07,11.88,11.88,19,1.08,1.00,100.00,91.98,92.73,434,2.63,0.85
07.02.2018.,15.4,12.3,,15.3,9.1,7.76,0.95,,9.8,9.43,10.92,3.4,3.37,3.83,6.4,6.06,7.09,960,950,990,97.96,100.74,90.66,382,22.9,1000,19.7,51.9,0.215,96,58.9,0.177,0.007,79.5,25.8,11.6,3.65,,23.7,,0.055,90,32,10834,641,2195,0.17,12.09,12.09,20,0.81,0.09,98.03,94.01,64.44,850,1.58,0.93
08.02.2018.,15.6,13,,15.5,8.9,7.71,4.2,,9.42,8.35,12.12,3.33,3.06,4.07,6.09,5.29,8.05,960,970,990,101.91,116.17,81.68,512,60.1,394,19.7,8.68,0.218,40.7,40.3,0.176,0.006,127,14.9,15,4.14,,10.4,,0.054,890,38,10944,596,1952,0.11,10.82,10.82,18,0.80,2.26,95.00,88.26,95.73,518,2.96,0.88
09.02.2018.,16,12.8,,15.3,8.8,7.87,5.75,,9.31,7.97,12.2,3.31,2.91,5.06,6,5.06,7.14,960,950,980,103.11,120.71,80.33,514,36.1,204,4,137,0.263,62.5,54.1,0.264,0.01,102,14.9,27.6,1.51,,11.9,,0.069,920,10,8773,682,2207,0.02,9.14,9.14,15,1.00,4.51,98.04,92.98,98.91,131,3.18,0.84
12.02.2018.,14.5,12.7,,12.3,9,7.72,3.9,,10.21,9.24,13.29,3.59,3.32,4.51,6.62,5.92,8.78,970,970,990,95,104.98,74.49,451,15.2,456,0,81,0.29,72,61.2,0.255,0.012,8.36,2.94,22.1,2.09,,8.67,,0.083,106,26,9017,596,2144,0.14,10.80,10.80,18,0.98,0.23,100.00,96.63,75.47,850,3.33,0.95
13.02.2018.,13.9,12.6,,16.8,9,7.86,6.5,,10.02,9.01,13.23,3.5,3.18,4.46,6.52,5.83,8.77,970,960,1000,96.81,106.55,75.58,529,18.1,417,11.3,49.2,0.385,48.7,26.4,0.231,0.01,120,18.5,21.4,2.67,,11,,0.063,3156,16,8978,596,2265,0.08,10.62,10.62,17,0.98,7.57,97.29,96.58,99.49,473,4.34,0.92
14.02.2018.,14,12.6,,14,8.9,7.77,2.45,,9.94,9.03,12.59,3.63,3.35,4.49,6.31,5.68,8.1,970,960,990,97.59,106.31,78.63,286,19.4,349,19.7,53.8,0.372,66.9,68.3,0.196,0.01,73.3,27,11.6,6.76,,17.8,,0.125,48,30,10154,597,2200,0.07,11.11,11.11,18,0.87,0.14,94.36,93.22,37.50,389,1.44,0.95
19.02.2018.,14,12.2,,13.8,9,8.3,5.35,,10.71,8.55,12.67,3.54,3.03,4.19,7.17,5.52,8.48,950,960,980,88.7,112.28,77.35,790,26.9,287,2.8,39.8,0.266,76.1,62.7,0.221,0.004,71.6,19.8,13.1,3.57,,14.2,,0.079,728,8,10213,597,1885,0.08,11.20,11.20,18,0.86,2.54,99.02,96.59,98.90,434,2.6,0.96
20.02.2018.,13.8,12.1,,14.7,9,7.91,5.25,,9.44,8.45,11.65,3.27,3.01,3.96,6.17,5.44,7.69,950,960,970,100.64,113.61,83.26,224,29.3,270,11.3,42.5,0.207,44.5,49.2,0.175,0.007,67.9,22.4,8.83,4.27,,0.444,,0.07,354,26,12031,596,1949,0.12,11.34,11.34,18,0.73,1.31,95.81,86.92,92.66,507,3.32,0.96
21.02.2018.,13.5,11.7,,19.1,9.1,7.74,4.75,,9.72,10.32,13.59,3.44,3.59,4.57,6.28,6.73,9.02,970,960,990,99.79,93.02,72.85,292,16.8,248,25.3,102,0.252,72.9,59.3,0.214,0.005,35,18.8,25.9,3.95,,18.2,,0.075,1598,2,16246,596,2173,0.20,10.89,10.89,18,0.54,6.44,89.80,94.25,99.87,721,2.63,0.88
22.02.2018.,12.5,11.2,,20.3,9.2,7.73,11.25,,8.16,7.5,13.5,2.84,2.63,4.41,5.32,4.87,9.09,950,950,990,116.42,126.67,73.33,382,21,254,19.7,20.7,0.275,69.8,47,0.253,0.004,65.7,16.8,8.58,3.22,,12.7,,0.07,106,28,11399,596,2304,0.10,8.56,8.56,14,0.77,0.42,92.24,94.50,73.58,411,2.28,0.66
23.02.2018.,16.1,11.2,,15.5,8.8,7.67,3.75,,9.33,7.95,13,3.09,2.84,12.08,6.24,5.11,0.92,980,960,1000,105.04,120.75,76.92,371,22.1,59,1,32.2,0.371,32.5,27.2,0.212,0.008,377,25.3,7.53,4.27,,0.482,,0.032,390,10,11647,596,2193,0.11,9.81,9.81,16,0.76,6.61,98.31,94.04,97.44,478,2,0.78
26.02.2018.,13.3,10.5,,13.5,9.2,7.87,4,,8.4,7.71,12.78,3,2.78,4.27,5.4,4.93,8.51,970,960,990,115.48,124.51,77.46,467,9.91,541,0,36,0.24,68.3,69.9,0.163,0.007,62,16.7,10.4,3.74,,14.4,,0.093,694,14,8900,596,2055,0.06,9.31,9.31,15,0.99,1.28,100.00,97.88,97.98,315,1.45,0.93
27.02.2018.,12.8,10.1,,13.7,9.4,7.84,4.35,,10.23,12.24,13.25,3.58,3.12,4.47,6.65,9.12,8.78,980,960,990,95.8,78.43,74.72,348,27.6,169,2.8,47.3,0.01,57.2,57.1,0.186,0.003,92.6,20.4,13.6,3.37,,16.4,,0.06,812,10,9053,597,1870,0.03,12.50,12.50,20,0.97,4.80,98.34,92.07,98.77,192,1.61,0.88
28.02.2018.,13.4,10.2,,12.9,9.2,7.75,4.7,,9.83,8.83,13.05,3.42,3.2,4.28,6.41,5.63,8.77,970,960,990,98.68,108.72,75.86,1279,20,394,14.1,14.3,0.391,64.5,65.8,0.242,0.004,165,18,36.7,3.74,,14,,0.072,2618,94,9341,596,2000,0.06,10.56,10.56,17,0.94,6.64,96.42,98.44,96.41,344,2.52,0.86
01.03.2018.,13.5,9.9,,11.6,9.4,8.3,5.5,,9.93,8.62,13.01,3.46,3.17,4.41,6.47,5.45,8.6,990,990,1000,99.7,114.85,76.86,93.5,40.1,366,16.9,46.8,0.589,64.8,65.4,0.191,0.009,26.1,24.5,11.6,3.7,,17.5,,0.212,172,44,8875,596,1846,0.06,10.53,10.53,17,0.99,0.47,95.38,57.11,74.42,361,3.69,0.92
02.03.2018.,14.4,10.1,,8.4,9,8.03,5.6,,9.7,8.88,14.19,3.39,3.19,4.67,6.31,5.69,9.52,980,970,990,101.03,109.23,69.76,371,17,267,10,36,0.356,63.2,69.4,0.135,0.009,35.6,23.8,6.85,2.8,,20.8,,0.098,72,36,10813,596,2368,0.10,9.67,9.67,16,0.81,0.27,96.25,95.42,50.00,505,1.94,1.01
05.03.2018.,13,11.1,,16.8,9.3,8.37,7.1,,10.68,9,13.86,3.56,2.95,4.4,7.12,6.05,9.46,970,960,990,71.43,106.66,71.43,487,23.8,332,2.8,61.6,0.224,77,49.2,0.178,0.224,19.8,12.2,13.3,1.96,,2.18,,0.046,756,4,10064,596,2487,0.11,10.48,10.48,17,0.87,2.28,99.16,95.11,99.47,659,2.26,0.99
06.03.2018.,13.5,11.4,,14.6,9.1,8.24,4.8,,10.2,9.21,13.11,3.43,3.15,4.25,6.77,6.06,8.86,960,970,990,94.12,105.32,75.51,880,28.3,479,5.6,40.7,0.28,53.6,77.6,0.099,0.066,63.9,9.65,7.84,1.69,,9.33,,0.135,180,30,22680,596,2408,0.24,10.93,10.93,18,0.39,0.38,98.83,96.78,83.33,589,2.21,0.96
07.03.2018.,21.7,9.7,,13.4,7.72,7.7,7.9,,8.07,6.51,12.33,2.63,2.16,3.91,5.44,4.35,8.42,960,970,990,118.96,149,80.29,1036,25.8,411,11.3,29,0.22,49,41.7,0.232,0.002,78.2,9.4,11.9,0.841,,6.17,,0.05,928,12,13435,596,2424,0.08,8.73,8.73,14,0.66,2.26,97.25,97.51,98.71,242,0.66,0.59
08.03.2018.,13.7,11.1,,15.9,9.1,7.71,3.7,,9.41,7.8,13.04,3.03,2.58,4.08,6.38,5.22,8.96,950,960,1000,100.96,123.08,74.63,890,27.8,259,2.8,68.4,0.246,30,31.1,0.203,0.01,98.2,35.6,15.4,1.14,,5.18,,0.107,200,4,12024,596,2454,0.11,9.74,9.74,16,0.73,0.77,98.92,96.88,98.00,473,2.4,0.57
09.03.2018.,14.3,11.5,,13.6,8.9,7.84,4.15,,8.64,7.59,11.51,3,2.7,3.86,5.64,4.89,7.65,990,990,1000,114.58,130.43,86.88,313,14.7,291,2,39.6,0.494,74.7,47.4,0.206,0.005,77.3,10,12.4,1.07,,7.79,,0.069,462,2,9089,597,2921,0.13,10.39,10.39,17,0.97,1.59,99.31,95.30,99.57,682,2.19,0.71
12.03.2018.,14.4,14.8,,15,9.2,7.9,0.35,,9.84,8.5,12.52,5.06,3.03,4.24,4.78,5.47,8.28,980,960,990,99.59,112.94,79.07,355,25.8,152,14.1,47,0.283,75.9,64.2,0.219,0.015,298,53.3,14.1,1.02,,2.79,,0.099,474,16,9078,554,2667,0.12,11.63,11.63,19,0.97,3.12,90.72,92.73,96.62,583,0.92,0.9
13.03.2018.,15.8,14.4,,14.8,9.1,7.87,4.8,,10.11,8.74,12.95,3.45,3.09,4.27,6.66,5.65,8.68,990,980,990,97.92,112.13,76.45,1131,27.5,383,16.9,73.9,0.278,73.1,62.3,0.301,0.013,84.6,9.98,18.8,0.892,,7.3,,0.068,1662,20,10214,554,2712,0.03,11.56,11.56,19,0.86,4.34,95.59,97.57,98.80,141,1.18,1
14.03.2018.,15.5,14.4,,17.6,8.8,7.82,4.3,,9.78,8.57,12.89,3.28,2.96,4.14,6.5,5.61,8.75,980,960,990,100.2,112.02,76.8,561,32.5,687,2.8,60.4,0.38,63.5,48.8,0.296,0.009,48.2,39.2,13.1,6.74,,5.06,,0.042,1274,36,9792,596,2545,0.14,10.51,10.51,17,0.90,1.85,99.59,94.21,97.17,738,3.9,0.85
15.03.2018.,15.8,14.3,,18.9,8.8,7.84,5.25,,9.98,8.64,12.55,3.43,3.03,4.12,6.55,5.61,8.43,950,970,990,95.19,112.27,78.88,1086,31.4,484,16.9,59.2,0.339,78.9,59.1,0.201,0.002,112,10.9,15.9,1.32,,7.79,,0.037,258,26,8402,597,2649,0.10,10.93,10.93,18,1.05,0.53,96.51,97.11,89.92,625,2.37,0.92
16.03.2018.,15,14.8,,17.9,8.8,7.82,0.75,,8.85,8.37,12.36,3.16,3.07,4.26,5.69,5.3,8.1,950,960,970,107.34,114.69,78.48,636,21.1,267,11,55,0.45,74.2,59.6,0.266,0.003,92.8,10.3,14.9,1.2,,5.11,,0.081,1008,46,11971,596,2412,0.15,10.29,10.29,17,0.74,3.78,95.88,96.68,95.44,587,3.31,0.93
19.03.2018.,14.3,12.3,,16.8,9.3,7.79,0.7,,8.9,7.8,10.91,2.94,2.68,3.54,5.96,5.12,7.37,950,950,980,106.74,121.79,89.92,775,25.8,377,11.3,11.3,0.195,47.7,21.9,0.251,0.009,114,10.01,16.2,0.843,,6.19,,0.049,1120,14,12498,597,2276,0.13,11.28,11.28,18,0.70,2.97,97.00,96.67,98.75,518,2.21,0.75
20.03.2018.,14,12.1,,13.9,9.1,7.35,1.5,,9.16,7.83,12.43,3.18,2.74,4.07,5.98,5.09,8.36,980,980,990,106.99,125.16,79.65,281,25.2,344,2.8,41.2,0.419,65.2,56.4,0.216,0.005,73.9,13.9,11.2,1.19,,9.51,,0.094,286,6,11037,170,2402,0.13,35.38,35.38,57,0.80,0.83,99.19,91.03,97.90,575,2.18,0.87
21.03.2018.,14,11.9,,15.4,9.4,7.92,9.6,,9.03,7.65,11.82,3.24,2.75,4.11,5.79,4.9,7.71,980,960,1000,108.53,125.49,84.6,1126,26.8,113,8.4,53.2,0.189,69.7,51.5,0.191,0.007,72.8,15.9,11.8,1.22,,13.2,,0.044,672,8,10973,596,1983,0.06,10.42,10.42,17,0.80,5.95,92.57,97.62,98.81,242,1.01,0.83
22.03.2018.,15.7,11.9,,14.4,9.2,7.73,3.25,,9.78,8.27,12.49,3.45,2.96,4.25,6.33,5.31,8.24,980,980,990,100.2,118.5,79.26,663,36.7,642,16.9,65.1,0.506,69,54.4,0.252,0.005,84.4,14.9,14.9,1.49,,9.15,,0.08,68,34,9692,597,2393,0.19,10.65,10.65,17,0.91,0.11,97.37,94.46,50.00,1000,2.24,0.88
23.03.2018.,14.4,12,,13.5,9.1,7.3,6.9,,10.86,9.76,12.85,3.83,3.53,4.42,7.03,6.23,8.43,950,960,980,87.48,98.36,76.26,562,22.5,753,2.9,29.2,0.323,66,57.6,0.237,0.006,48.9,11.8,9.81,1.54,,8.38,,0.104,266,8,9967,596,2507,0.13,11.85,11.85,19,0.88,0.35,99.61,96.00,96.99,764,2.74,0.91
26.03.2018.,15.5,12.8,,14.6,9.1,7.9,6.6,,9.26,8.68,13.21,3.25,3.01,4.34,6.01,5.67,8.87,970,980,990,104.75,112.9,74.94,363,19.9,344,2.8,38.7,0.399,70.3,62.7,0.202,0.008,53.5,14.9,8.84,1.33,,0.712,,0.107,1148,12,9713,426,2292,0.06,14.03,14.03,23,0.91,3.34,99.19,94.52,98.95,332,1.12,0.9
27.03.2018.,14.1,13.1,,17.6,9,7.8,13.1,,9.74,8.32,12.94,3.39,2.99,4.33,6.35,5.33,8.61,970,960,1000,99.59,115.38,77.28,491,33.2,192,11.3,1.52,0.272,81.7,55.7,0.292,0.007,66.9,18.8,13.1,1.17,,12.9,,0.012,338,36,9390,596,2237,0.07,10.30,10.30,17,0.94,1.76,94.11,93.24,89.35,406,2.57,0.92
28.03.2018.,14.9,13.4,,22,9,7.72,1.75,,9.25,8.8,12.45,3.19,3.04,4.16,6.06,5.76,8.29,960,960,990,103.78,109.09,79.52,1232,41.9,163,30.9,60.63,0.044,80.5,42.2,0.186,0.014,0.014,99.7,16.4,1.72,,0.07,,0.046,460,80,8957,596,2424,0.06,10.70,10.70,17,0.98,2.82,81.04,96.60,82.61,377,2.14,0.98
29.03.2018.,14.8,14,,18.9,8.9,7.94,4.3,,9.55,7.84,13.09,3.32,2.85,4.96,6.23,4.99,8.13,950,950,990,99.48,121.17,75.63,685,36.6,315,16.9,56.2,0.38,85,63.5,0.25,0.007,92.5,16.3,12.8,2.02,,10.3,,0.121,758,20,9460,597,1937,0.11,9.79,9.79,16,0.93,2.41,94.63,94.66,97.36,558,3.6,0.95
30.03.2018.,16.1,14.3,,19.8,8.6,7.88,3.6,,3.29,2.99,4.15,5.98,5.27,8.01,103.56,117.43,82.24,960,970,1000,103.56,117.43,82.24,375,49.7,253,23,35.4,0.259,63,49.6,0.295,0.002,65.6,12,9.49,1.69,,1.63,,0.041,10,20,8672,596,2341,0.00,11.17,11.17,18,1.01,0.04,90.91,86.75,-100.00,459,2.34,0.96
02.04.2018.,14.1,14.4,,21.5,9.1,7.79,6.25,,8.27,8.82,11.66,2.8,2.96,3.82,5.47,5.86,7.84,980,990,1000,118.5,112.24,85.76,941,30,383,25.3,53.9,1.99,75.6,46.4,0.233,0.004,93,15.1,12.7,0.929,,8.38,,0.16,240,2,8049,597,1754,0.10,10.80,10.80,18,1.09,0.63,93.39,96.81,99.17,625,3.75,0.74
03.04.2018.,15.5,14.4,,15.9,8.7,7.76,4.6,,9.8,8.59,12.14,3.33,3,4.02,6.47,5.59,8.12,980,970,1000,100,112.92,82.37,645,12.9,372,8.4,62.4,0.347,69.7,32.2,0.339,0.001,96,0.749,19.1,0.845,,11.5,,0.029,892,0,8006,596,1700,0.07,11.18,11.18,18,1.10,2.40,97.74,98.00,100.00,434,6.74,0.82
04.04.2018.,16,15.1,,17.9,8.8,7.87,1.05,,9.04,8.53,12.24,3.16,3.04,4.15,5.88,5.49,8.09,990,970,990,109.51,113.72,80.88,643,20.6,310,14.1,36.4,0.212,75.5,61,0.069,0.009,65.7,20.4,7.65,1.67,,12.2,,0.041,144,16,8642,596,2119,0.07,10.60,10.60,17,1.02,0.46,95.45,96.80,88.89,377,1.94,0.94
05.04.2018.,16.3,15.6,,17.8,8.6,7.3,1.65,,8.22,7.51,11.34,3.06,2.79,4.01,5.16,4.72,7.33,950,960,980,115.57,127.83,86.42,508,14,293,19.7,10.06,0.21,38.2,35.8,0.074,0.01,137,17.4,16.8,2.19,,11,,0.056,944,28,8420,597,2091,0.10,10.22,10.22,17,1.05,3.22,93.28,97.24,97.03,497,2.03,0.89
10.04.2018.,16.8,16.8,,21.9,8.6,7.81,1.7,,9.8,8.04,11.83,3.32,2.79,3.9,6.48,5.2,7.93,950,910,980,96.94,113.18,82.84,669,45.6,389,22.5,29,0.825,56.4,50,0.09,0.006,78.2,9.08,7.26,2.59,,3.9,,0.228,116,0.228,8669,596,2889,0.11,11.13,11.13,18,1.02,0.30,94.22,93.18,99.80,653,3.21,0.87
11.04.2018.,16.3,16.8,,21.9,8.5,7.74,0.95,,12.68,8.72,12.69,4.01,3.13,4.17,8.67,5.59,8.52,950,950,990,74.92,108.94,78.01,1124,41.8,451,30.9,25,0.34,50.7,52.1,0.08,0.006,171,8.81,21.8,3.46,,5.61,,0.105,3452,14,8451,596,329,0.08,12.45,12.45,20,1.04,7.65,93.15,96.28,99.59,558,2.28,0.88
12.04.2018.,17.2,17.2,,20,8.3,7.79,6.1,,10.58,8.44,11.85,3.58,2.97,3.97,7,5.47,7.88,990,950,980,93.57,112.56,82.7,572,34.7,361,25.3,39.8,0.919,55.2,58.5,0.094,0.01,310,40.3,15.3,4.07,,6.45,,0.056,2078,4,8772,597,1120,0.07,11.83,11.83,19,1.00,5.76,92.99,93.93,99.81,468,2.8,0.94
13.04.2018.,17.9,17.8,,21.8,8.1,7.81,0.7,,9.85,8.21,12.23,3.51,3.11,4.2,6.34,5.1,8.03,990,950,990,100.51,115.71,80.95,1139,52.2,394,30.9,32.2,0.468,50.1,58.2,0.123,0.009,82.5,6.31,10.7,5.13,,2.32,,0.072,548,18,8229,596,1428,0.07,10.90,10.90,18,1.07,1.39,92.16,95.42,96.72,406,2.14,0.99
16.04.2018.,16.2,18,,20.1,8.3,7.9,0.6,,10.42,9.2,12.67,3.54,3.21,4.23,6.88,5.99,8.44,960,950,1000,92.13,103.26,78.93,471,40.4,203,11.3,61.7,0.335,42.7,21.3,0.378,0.007,109,4.94,20,2.16,,1.6,,0.228,320,34,8553,340,0,0.11,20.04,20.04,33,1.03,1.58,94.43,91.42,89.38,732,3.27,0.98
17.04.2018.,18.2,17.4,,18.4,8.4,8.23,4.15,,11.03,9.7,13.8,3.72,3.34,4.52,7.31,6.36,9.28,990,990,1000,89.76,102.06,72.46,314,23.7,338,2.8,23.3,0.531,72.3,59.3,0.185,0.009,115,5.36,24.8,1.4,,1.69,,0.013,846,12,8945,200,1831,0.06,33.05,33.05,54,0.98,2.50,99.17,92.45,98.58,428,1.22,0.99
18.04.2018.,18.4,17.7,,21,7.2,7.9,7.2,,9.39,8.4,12.86,3.32,3.03,4.33,6.07,5.37,8.53,980,960,1000,104.36,114.28,77.76,1649,35.7,625,16.9,63.6,0.372,44.4,41.8,0.108,0.003,82.8,5.41,1.37,1.58,,2.69,,0.038,2172,4,9140,360,1621,0.07,16.91,16.91,27,0.96,3.48,97.30,97.84,99.82,389,1.14,0.92
19.04.2018.,18.3,17.9,,21.1,8,8.11,6.4,,9.28,8.27,12.85,3.23,2.99,4.29,6.05,5.28,8.56,980,990,1000,105.6,119.71,77.82,1159,14.1,592,14.1,60.2,0.286,49.7,50.4,0.049,0.001,92.7,6.14,11.8,1.15,,0.359,,0.03,1268,30,8031,536,2191,0.10,11.21,11.21,18,1.10,2.14,97.62,98.78,97.63,608,2.26,0.94
20.04.2018.,18.8,18.2,,19.1,8.1,7.22,6.3,,11.84,8.09,11.88,3.1,2.93,4.21,8.74,5.16,7.67,980,990,1000,82.77,122.37,84.18,603,44,340,28,56.4,0.493,50.2,29.3,0.051,0.003,73.1,8.32,11,1.77,,2.04,,0.028,2116,28,7647,410,2035,0.03,18.00,18.00,29,1.15,6.22,91.76,92.70,98.68,259,3.56,0.96
23.04.2018.,17.5,18.5,17.8,21.4,8.1,8.19,6.8,0.85,10.08,8.84,12.83,31.35,3.07,4.21,6.73,5.77,8.62,980,990,1000,97.22,111.99,77.94,430,29,1000,28.1,41.2,0.989,59.7,55.5,0.153,0.019,52.5,22.6,16.6,1.8,,1.28,,0.056,132,26,7672,580,2193,0.11,11.19,11.19,18,1.15,0.13,97.19,93.26,80.30,777,2.41,1.01
24.04.2018.,17.8,18.7,18.4,24.3,8,7.95,3.25,0.78,10.23,9.41,13.3,3.44,3.14,4.33,6.79,6.27,8.97,980,990,1000,95.8,105.21,75.19,1140,33,366,25.3,47.4,0.31,59.8,56.1,0.1,0.007,61.5,7.53,11.1,1.02,,1.26,,0.038,492,14,7693,600,2042,0.01,10.83,10.83,18,1.14,1.34,93.09,97.11,97.15,41.7,2.09,0.94
25.04.2018.,19.3,18.9,18.4,21.3,7.9,7.88,4.2,0.65,9.08,8.47,10.36,2.99,2.77,4.21,6.09,5.7,6.15,990,950,990,109.03,112.16,95.56,493,37.9,214,33.8,72.8,0.16,46.1,31,0.008,0.004,123,6.26,6.3,1.09,,1.27,,0.009,254,18,8128,598,2065,0.09,12.46,12.46,20,1.08,1.19,84.21,92.31,92.91,597,3.57,0.96
26.04.2018.,21.2,19.1,18.9,22.3,7.9,8.45,3.55,0.77,10.57,9.72,13.29,3.78,3.52,4.43,6.79,6.2,8.86,980,980,990,92.71,100.82,74.49,386,37.3,513,30.9,47.2,0.599,24.4,11.9,0.206,0.014,65.7,14.1,24,0.929,,1.3,,0.024,940,23,8326,602,1878,0.08,11.16,11.16,18,1.06,1.83,93.98,90.34,97.55,530,1.63,0.99
27.04.2018.,18.1,19,18,19.4,8.1,8.32,6.75,1.08,10.48,9.25,13.05,3.58,3.23,4.22,6.9,6.02,8.83,990,990,1000,94.46,107.03,76.63,601,30.1,,15,52.1,0.437,56.1,51.2,0.138,0.007,843,5.46,11.8,1.51,,1.14,,0.049,420,14,7956,500,1726,0.00,13.30,13.30,22,1.11,,,94.99,96.67,,4.72,0.97
30.04.2018.,29,29.2,19.7,24.5,7.5,8.04,3.3,0.62,9.12,8.66,10.08,,3.16,,,5.5,,950,980,990,0.17,113.16,98.21,712,43.1,,,80.6,0.506,49,41.1,1.237,0.013,116,7.96,22.3,1.24,,0.827,,0.032,2780,38,8314,501,1497,0.00,15.49,15.49,25,1.06,,,93.95,98.63,,4.07,0.95
03.05.2018.,20.2,20,19.2,20.8,7.7,8.1,1.2,0.38,10.49,9.35,13.75,3.6,3.23,4.48,6.89,6.12,9.27,980,980,990,93.42,104.81,72,506,44,575,14.1,54.2,0.872,62.1,63.4,0.16,0.023,75.4,8.08,16.9,1.29,,0.755,,0.048,152,16,8747,500,1865,0.15,12.70,12.70,21,1.01,0.26,97.55,91.30,89.47,1000,2.36,0.98
04.05.2018.,19.3,20.3,20.7,22.8,7.7,7.9,1.6,0.4,9.83,6.33,11.51,3.56,2.4,3.96,6.27,3.93,7.55,950,970,1000,96.64,153.24,86.88,928,42.2,608,42.2,73.5,1.7,70,57.8,0.358,0.013,105,10.6,24.5,1.38,,0.029,,0.048,640,8,8578,400,,0.10,15.44,15.44,25,1.03,1.05,93.06,95.45,98.75,530,2.04,0.95
07.05.2018.,19.5,20,19.1,22.6,7.8,7.96,0.6,0.37,10.39,9.51,13.3,3.47,3.22,4.25,6.92,6.29,9.05,970,950,990,93.36,99.89,74.44,736,49.1,349,53.5,100.3,0.925,27.6,27.7,0.394,0.033,40.2,2.72,35.9,2.31,,0.304,,0.021,3276,10,8127,561,,0.14,11.74,11.74,19,1.08,9.39,84.67,93.33,99.69,1000,4.73,0.93
08.05.2018.,20.7,19.6,18.5,22,7.5,8.6,0.4,0.4,10.12,9.52,12.96,3.32,3.14,4.11,6.8,6.38,8.85,980,990,1000,96.84,103.99,77.16,1180,35.4,546,0,69.6,2.63,63.5,51.9,0.303,0.02,121,12.6,20.3,1.43,,0.901,,0.052,936,8,7540,299,,0.13,22.30,22.30,36,1.17,1.71,100.00,97.00,99.15,1000,3.29,0.96
09.05.2018.,20,19.9,18.6,24.9,7.7,8.03,9.8,1.29,8.69,8.01,14.65,2.93,2.72,4.57,5.76,5.29,10.08,950,960,990,109.32,119.85,67.58,824,57.2,383,36.6,52.4,0.847,59.7,51.5,0.279,0.011,74.5,7.33,12.8,1.81,,0.63,,0.087,290,12,7529,300,,0.05,16.72,16.72,27,1.17,0.76,90.44,93.06,95.86,299,1.23,0.96
10.05.2018.,19.2,20.3,19.5,21.8,7.5,7.87,5.6,1.05,9.23,8.71,14.6,3.15,2.93,4.59,6.08,5.78,10.01,950,960,980,102.92,110.22,67.12,743,29.2,445,28.1,40.4,0.315,55.3,56.7,0.297,0.005,86.2,8.44,9.55,2.77,,0.029,,0.072,880,16,10239,554,,0.13,9.76,9.76,16,0.86,1.98,93.69,96.07,98.18,642,2.9,0.92
11.05.2018.,21.4,20.1,19.2,23.2,7.4,7.92,2.15,0.66,6.88,6.35,11.69,2.46,2.33,3.89,4.42,4.02,7.8,940,960,990,136.63,151.18,84.69,1156,48.6,443,31,78.8,0.764,52.7,41.9,0.336,0.01,127,7.85,27.6,2.03,,0.217,,0.065,1584,26,7576,540,,0.07,9.22,9.22,15,1.16,3.58,93.00,95.80,98.36,362,3.82,0.89
14.05.2018.,21.2,20.7,20,19.6,7.4,7.9,1.6,0.49,9.61,8.6,14.86,3.19,2.89,4.97,6.42,5.71,9.89,940,950,980,97.81,110.47,65.95,371,25.6,214,19.7,26.4,0.819,50.2,50.9,0.241,0.01,55.6,7.86,8.33,1.93,,0.366,,0.022,132,10,13316,453,,0.10,11.90,11.90,19,0.66,0.62,90.79,93.10,92.42,383,1.76,0.93
15.05.2018.,19,19.8,19,20.4,7.8,7.83,0.75,0.61,10,8.22,13.27,3.19,2.75,4.16,6.81,5.47,9.11,950,950,1000,95,115.57,75.36,275,36.8,282,169,30.42,1.1,40,34.1,0.231,0.004,71.9,5.14,17.02,1.43,,0.507,,0.048,628,12,7839,540,,0.10,11.19,11.19,18,1.12,2.23,40.07,86.62,98.09,676,2.2,0.8
16.05.2018.,21.9,19.9,18.9,23.1,7.5,8.11,5.1,0.93,9.95,8.8,12.62,3.25,2.92,4.02,6.7,5.88,8.6,930,940,980,93.47,106.82,77.65,1053,30.4,462,16.9,6.34,0.231,63.9,41.4,0.309,0.002,122,6.66,18.9,1.01,,0.823,,0.052,656,16,7715,540,,0.09,12.11,12.11,20,1.14,1.42,96.34,97.11,97.56,665,3.66,0.81
17.05.2018.,19.7,19.8,18.6,20.6,7.5,8.05,6.65,0.73,3.25,2.99,3.9,3.25,2.99,3.9,6.75,5.98,8.3,960,950,980,96,105.91,80.33,389,27.9,524,25.3,64.5,0.557,59,46.4,0.114,0.008,93.2,6.9,18.8,1.31,,1.75,,0.124,572,4,6939,188,,0.06,37.45,37.45,60,1.27,1.09,95.17,92.83,99.30,507,1.91,0.92
18.05.2018.,20,20,18.9,20.5,7.4,7.98,7.65,0.94,9.91,9.09,14.16,3.55,3.19,4.73,6.36,5.9,9.43,960,970,990,96.87,106.71,69.92,553,24.9,652,3,64.4,0.283,60.1,52.9,0.326,0.008,99.5,4.55,24.2,1.25,,1.9,,0.101,498,54,7467,450,,0.11,13.12,13.12,21,1.18,0.76,99.54,95.50,89.16,798,2.37,0.92
21.05.2018.,19.9,20.3,19.2,20.4,7.4,7.82,1,0.39,9.36,8.21,12.67,3.1,2.79,4.16,6.26,5.42,8.51,970,980,990,103.63,119.37,78.14,1203,43.1,727,33.8,130,34.2,53.8,34.2,0.312,0.009,137,12,20.4,2.47,,0.847,,0.051,836,2,7703,281,,0.11,21.71,21.71,35,1.14,1.15,95.35,96.42,99.76,704,2.01,0.96
22.05.2018.,21.3,20.9,,23.3,7.6,8.07,11.1,,6.5,5.2,18.47,2.29,1.95,5.57,4.21,3.25,12.9,560,860,990,86.15,165.38,53.6,790,25.3,282,25.3,64,0.87,68.9,50.9,0.379,0.004,86.2,10.9,13.1,3.76,,0.924,,0.208,204,26,8056,259,,0.11,10.76,10.76,17,1.09,0.72,91.03,96.80,87.25,462,1.6,0.96
23.05.2018.,21.2,21.2,20.3,23.3,7.1,7.53,3.1,1.27,7.81,4.23,21.48,2.71,1.65,6.49,5.1,2.58,14.99,900,640,1000,115.24,151.3,46.55,612,21.5,530,39.4,80.23,0.537,55.8,37,0.276,0.012,77.2,9.23,15,9.67,,1.54,,0.1,1232,56,9099,504,,0.21,4.89,4.89,8,0.97,2.32,92.57,96.49,95.45,763,2.82,1.04
24.05.2018.,19.6,21.6,20.7,24.3,7.6,8.03,0.9,0.76,9.64,4.64,14.19,3.19,1.77,4.6,6.45,2.87,9.59,930,350,1000,96.47,75.43,70.47,436,26.2,653,50.6,47.1,2.64,60.3,56.2,0.256,0.002,65.4,14.2,18.1,2.99,,0.954,,0.079,622,6,7364,450,,0.08,9.84,9.84,16,1.20,0.95,92.25,93.99,99.04,428,1.06,0.92
25.05.2018.,19.9,21.5,20.6,23.4,7.4,7.86,0.55,0.66,10.24,5.3,14.44,3.42,1.97,4.62,6.82,3.33,9.82,950,600,980,92.77,113.21,67.87,1124,32.6,349,9,12.1,0.984,62,44.5,0.333,0.009,96.9,12.5,25.3,3.7,,0.289,,0.051,1026,8,8249,540,,0.08,8.77,8.77,14,1.07,2.94,97.42,97.10,99.22,426,2.24,0.89
29.05.2018.,21.5,22.9,21.9,21.6,7,7.98,0.4,0.75,10.06,4.53,13.8,3.32,1.7,4.16,7.28,2.83,9.64,980,520,990,92.45,114.79,71.74,710,37.9,468,37.9,59.5,1.19,58.4,44.5,0.25,0.008,89.4,17.1,20.5,4,,0.968,,0.047,142,40,10971,540,,0.17,8.61,8.61,14,0.80,0.30,91.90,94.66,71.83,699,2.07,0.94
30.05.2018.,23.4,22.9,21.4,21.6,7,7.72,0.35,0.7,10.44,3.78,13.59,3.3,1.51,4.17,7.14,2.27,9.42,950,470,990,91,124.34,72.85,723,29.8,552,56.3,35.9,0.565,58.1,30.9,0.384,0.011,78.3,20.1,14.2,3.3,,0.993,,0.004,789,26,11575,540,,0.17,8.53,8.53,14,0.76,1.43,89.80,95.88,96.70,608,1.42,0.91
31.05.2018.,23,23,21.5,24.9,6.7,7.95,0.55,0.92,9.66,4.12,13.21,3.05,1.55,3.92,6.61,2.57,9.29,980,390,990,101.45,94.66,74.49,2972,37.9,1000,53.5,47.5,8.32,85.2,49.8,0.293,0.015,78.6,21.1,29.3,2.32,,0.349,,0.044,92,36,7592,540,,0.09,8.50,8.50,14,1.16,0.09,94.65,98.72,60.87,473,2.23,0.86
01.06.2018.,24.6,28.4,22,27,6.6,8.13,0.6,0.76,10.73,2.75,12.11,3.41,1.25,3.83,7.32,1.5,8.28,920,410,990,85.74,149.09,81.75,731,41.8,208,47.8,60.8,0.826,96.3,44.9,0.225,0.013,80.8,23.1,16.2,1.48,,0.735,,0.042,206,14,11331,477,,0.14,10.27,10.27,17,0.78,0.99,77.02,94.28,93.20,473,1.29,0.93
04.06.2018.,23,23.6,22.6,26.5,6.7,8.03,0.9,0,9.59,8.69,12.9,2.98,2.72,3.84,6.61,5.97,9.08,950,960,1000,99.06,110.47,77.4,957,33.7,777,78.8,89.5,10.6,71.6,76.6,0.498,0.015,101,19.8,18.7,1.97,,0.645,,0.043,220,12,10833,540,,0.16,11.55,11.55,19,0.81,0.28,89.86,96.48,94.55,794,1.68,0.9
05.06.2018.,23.6,23.3,22.2,26.9,6.6,7.94,0.45,0.3,9.1,8.67,13.05,2.83,2.79,3.84,6.27,5.88,9.21,970,980,990,106.59,113.03,75.86,2106,50.6,439,39.4,86.3,13.5,59.6,59.9,0.305,0.016,109,17.8,34,2.39,,0.083,,0.003,578,18,8973,540,,0.11,11.10,11.10,18,0.98,1.32,91.03,97.60,96.89,631,3.62,0.95
06.06.2018.,21.6,23.1,22,24.8,6.9,7.91,0.9,0.34,9.16,8.84,13.51,2.82,2.71,3.88,6.34,6.13,9.63,950,970,990,103.71,109.73,73.28,440,28.3,400,42.2,40.69,0.841,37.2,37.1,0.259,0.006,81.9,15.2,13.2,1.67,,0.605,,0.067,660,754,9046,449,,0.07,13.06,13.06,21,0.97,1.65,89.45,93.57,-14.24,411,2.34,1.72
07.06.2018.,21.6,23.4,22.6,22.3,6.9,8.17,0.45,0.34,9.47,8.86,13.51,2.89,2.79,3.9,6.58,6.07,9.61,960,950,1000,101.37,107.22,74.02,570,31.8,1000,45,71.3,0.53,63.5,52.7,0.25,0.01,121,11.2,13.5,1.36,,0.522,,0.053,184,6,12167,429,,0.14,13.92,13.92,23,0.72,0.18,95.50,94.42,96.74,642,2.68,0.92
08.06.2018.,24.5,24,23.4,28.1,6.4,7.9,0.95,0.34,8.48,7.57,12.91,2.92,2.64,4.01,5.56,4.93,8.9,940,950,1000,110.85,125.5,77.46,471,43.8,261,55,60.41,6.38,94.5,26.6,0.036,0.011,69.6,13.2,8.82,2.05,,1.17,,0.066,522,44,18639,311,,0.18,17.59,17.59,28,0.47,2.00,78.93,90.70,91.57,443,1.74,1.16
11.06.2018.,23.1,24.1,23.6,29.3,6.8,7.8,5.4,0.51,8.05,6.93,12.51,2.54,2.28,3.68,5.51,4.65,8.83,940,930,980,116.77,134.2,78.34,681,41.9,180,30.9,46.3,1.16,80.3,80.3,0.194,0.003,65.1,8.72,12.6,1.81,,1.81,,1.81,282,26,11617,396,,0.06,13.30,13.30,22,0.76,1.57,82.83,93.85,90.78,242,1.34,0.88
12.06.2018.,24.7,24.7,24.3,27,6.5,7.8,0.8,0.41,8.28,7.29,12.86,2.74,2.45,3.96,5.54,4.84,8.9,900,920,990,108.7,126.2,76.98,824,33.5,761,39.4,50.65,1.21,117,91.2,0.388,0.01,97.6,12.6,15.6,1.41,,1.63,,0.116,1.59,12,17877,323,,0.27,16.49,16.49,27,0.49,0.00,94.82,95.93,-654.72,687,2.73,0.86
13.06.2018.,23.4,23.8,22.7,22.8,6.5,7.82,0.55,2.15,5.78,5.62,12.72,1.93,1.89,3.95,3.85,3.73,8.77,840,710,980,145.33,126.33,77.04,386,2.87,304,22.5,43.9,0.689,40,32.6,0.073,0.004,49.9,4.75,9.01,0.581,,0.597,,0.078,562,6,22536,454,,0.16,8.69,8.69,14,0.39,1.85,92.60,99.26,98.93,231,0.64,0.66
14.06.2018.,22.4,22.4,22,26.2,6.7,8.17,0.56,1.87,7.02,5.95,13.22,2.25,2.01,4.05,4.77,3.94,9.17,920,850,980,131.05,142.86,74.13,369,18.1,372,22.5,29.3,0.537,82.5,63.2,0.155,0.024,38.9,5.6,6.71,0.625,,1.91,,0.072,576,8,13055,468,,0.08,9.22,9.22,15,0.67,1.55,93.95,95.09,98.61,242,0.8,0.54
15.06.2018.,24.4,23.1,22.2,24.6,6.3,8.12,6.55,1.16,7.01,6.59,11.82,2.53,2.37,3.91,4.48,4.22,7.91,920,930,990,131.24,141.12,83.76,1073,21.1,335,5,28.3,0.943,93,81.4,0.146,0.007,35.4,14.8,12,1.35,,6.23,,0.057,866,28,14545,520,,0.10,9.74,9.74,16,0.61,2.59,98.51,98.03,96.77,261,2.58,0.71
18.06.2018.,21.8,23.4,22.8,24.1,6.8,8.07,0.38,1.12,7.88,7.32,13.38,2.68,2.47,4.35,5.2,4.85,9.03,900,910,990,114.21,124.32,73.99,374,17,501,28.1,50.7,5.4,56.7,47.4,0.309,0.003,90.5,22,13.8,1.74,,1.56,,0.153,44,18,8054,470,,0.06,10.64,10.64,17,1.09,0.09,94.39,95.45,59.09,349,1.21,0.73
19.06.2018.,22.7,23.3,22.5,24.8,6.7,8.03,3.15,0.95,7.67,7.79,13.84,2.69,2.72,4.5,4.98,5.07,9.34,900,900,1000,117.34,115.53,72.25,1468,13.09,439,30.9,48.5,0.269,46.6,14.9,0.851,0.001,222,13.7,35.9,2.85,,5.81,,0.01,20,44,9012,419,,0.08,11.73,11.73,19,0.98,0.05,92.96,99.11,-120.00,411,2.53,
20.06.2018.,22.4,23.4,22.9,27.2,6.5,7.91,1.1,0.38,8.07,8.02,14.52,2.86,2.76,4.63,5.21,5.26,9.89,900,900,990,111.52,112.22,68.18,909,25.3,513,39.4,43.6,2.8,51.4,47.9,0.257,0.003,54.8,8.25,25.2,2.53,,2.67,,0.213,1146,94,7487,465,,0.06,10.49,10.49,17,1.18,2.23,92.32,97.22,91.80,377,1.49,0.89
21.06.2018.,23.4,24.3,23.5,21.9,6.6,7.22,1.85,0.4,8.43,7.92,13.06,3.04,2.87,4.38,5.39,5.05,8.68,890,940,990,105.58,118.69,75.8,1239,25,439,36.6,41.5,2.39,58.3,83.4,0.255,0.008,52.5,13.7,22.5,1.84,,3.42,,0.466,1748,10,7818,441,,0.05,12.49,12.49,20,1.13,3.98,91.66,97.98,99.43,293,1.32,0.85
22.06.2018.,21.6,24.3,23.6,23.4,6.7,8.05,8.9,1.15,7.72,7.14,11.41,2.82,2.62,3.89,4.9,4.52,7.52,960,950,1000,124.35,133.05,87.64,384,19.2,256,25,51,1.45,52.7,51.3,0.199,0.001,99.6,5.92,33.8,3.37,,2.57,,0.13,1418,36,9982,429,,0.08,13.36,13.36,22,0.88,5.54,90.23,95.00,97.46,324,1.24,1.07
25.06.2018.,20.5,24.1,19.6,20.8,6.6,8.03,1.1,1.89,7.92,7.58,11.97,2.93,2.83,4.08,4.99,4.75,7.89,900,930,1000,113.64,122.7,83.54,570,26.7,535,11.3,50.3,0.544,35.1,35.5,0.296,0.004,73,9.69,24.5,2.18,,4.64,,0.059,1606,8,8694,400,,0.05,14.24,14.24,23,1.01,3.00,97.89,95.32,99.50,231,1.38,0.97
26.06.2018.,21.4,21.4,19.8,22.3,6.2,7.95,4,1.22,8.76,8.45,14.54,3.16,3.08,4.78,5.6,5.37,9.76,900,880,1000,102.74,104.14,68.78,2442,20.9,1000,11.3,69.5,0.505,53.6,48.6,0.27,0.005,88.8,8.34,53.9,2.14,,3.83,,0.057,1630,24,10689,309,,0.22,16.85,16.85,27,0.82,1.63,98.87,99.14,98.53,1000,3.13,0.95
27.06.2018.,22.1,21.6,20.3,21.2,5.9,8.14,0.85,0.52,7.61,7.61,15.68,2.77,2.8,5.11,4.84,4.81,10.57,960,980,1000,126.15,128.78,63.78,981,36.5,631,19.7,50.31,0.434,54.5,52.5,0.305,0.01,69.2,7.13,24.8,4.86,,1.84,,0.087,2318,2,10639,400,,0.12,10.68,10.68,17,0.83,3.67,96.88,96.28,99.91,462,1.23,0.92
28.06.2018.,21.2,21.7,20.2,21.7,6.1,8.12,3.5,0.31,7.79,7.48,14.61,2.71,2.58,4.73,5.08,4.9,9.88,880,930,1000,112.96,124.33,68.45,160.8,26.3,552,22.5,61.9,1.66,47.9,41.6,0.29,0.009,82.2,7.95,28.9,3.36,,1.15,,0.076,52,24,18569,400,,0.21,11.50,11.50,19,0.47,0.09,95.92,83.64,53.85,496,1.44,0.87
29.06.2018.,21.3,21.5,21.3,22.2,5.8,7.84,4.15,0.48,5.94,5.24,15.57,2.05,1.85,5.07,3.89,3.39,10.5,800,810,990,134.68,154.58,63.58,581,13.1,377,23,42.7,1.67,44.9,29.7,0.223,0.008,63.1,6.36,22.7,4.5,,1.41,,0.036,1582,28,12407,400,,0.16,7.90,7.90,13,0.71,4.20,93.90,97.75,98.23,408,0.68,0.51
02.07.2018.,21.3,21.8,19.4,22.9,6,8.05,2.95,0.59,8.4,8.11,13.94,2.83,2.77,4.46,5.57,5.34,9.48,910,950,1000,108.33,117.14,71.74,1146,26.1,603,28.1,63.2,0.616,63.8,46,0.403,0.013,78.8,7.77,32.7,4.44,,0.88,,0.1,1768,8,7862,400,,0.05,13.03,13.03,21,1.12,2.93,95.34,97.72,99.55,332,2,1
03.07.2018.,22.6,22.1,20.8,21.9,6.2,8.05,6.8,0.35,8.1,7.36,13.75,2.83,2.67,4.41,5.27,4.69,9.34,960,940,1000,118.52,127.72,72.73,565,19.8,366,19.7,74.5,0.424,52,49,0.308,0.027,111,8.8,28.5,2.88,,1.17,,0.046,1512,0,8904,400,,0.11,12.37,12.37,20,0.99,4.13,94.62,96.50,100.00,541,2,1
04.07.2018.,23.1,22.9,21.7,24.3,5.6,8.27,4.1,0.25,8.01,7.68,14.09,2.79,2.75,4.59,5.22,4.93,9.5,840,890,1000,104.87,115.89,70.97,1179,20.5,772,39.4,38,1.85,42.4,42.9,0.251,0.008,57.6,9.13,21.3,4.51,,1.46,,0.1,1028,6,9519,400,,0.13,12.25,12.25,20,0.92,1.33,94.90,98.26,99.42,592,2,1
05.07.2018.,22.3,22.6,21.5,23.6,6.6,8.35,1.1,0.37,8.35,7.91,14.74,2.86,2.79,4.62,5.49,5.12,10.12,900,890,1000,107.78,112.52,67.84,310,36.6,489,27.5,59.6,1.79,58.1,47.4,0.199,0.021,82.4,10.2,10.2,4.22,,1.98,,0.114,236,4,8584,429,,0.08,11.31,11.31,18,1.03,0.48,94.38,88.19,98.31,462,2,1
06.07.2018.,23,23.4,22.3,23.8,6.2,8.02,3.35,0.27,7.68,8.48,13.54,2.74,3.02,4.52,4.94,5.46,9.02,950,950,1000,123.7,112.03,73.86,1204,48.4,696,40,42.9,0.871,50,44.5,0.38,0.019,63.5,14.5,30.2,9.89,,1.51,,0.073,1114,48,9363,391,,0.10,13.43,13.43,22,0.94,1.60,94.25,95.98,95.69,500,1,1
09.07.2018.,21.4,23.2,21.7,22.1,5.9,8.05,5.2,0.28,8.13,7.6,13.96,2.73,2.51,4.34,5.4,5.09,9.62,960,920,1000,118.08,121.05,71.63,423,36.7,293,30.9,43,1.96,54.8,44.4,0.22,0.013,76.2,14,12.5,2.29,,0.429,,0.103,872,28,12620,400,,0.15,12.39,12.39,20,0.70,2.98,89.45,91.32,96.79,541,3,1
10.07.2018.,22.4,22.6,21.5,22.2,6,7.96,5.05,0.28,8.99,7.76,14.51,2.92,2.54,4.4,6.07,5.22,10.11,900,900,990,100.11,115.98,68.23,595,40.3,270,36.6,42.1,1.5,54.9,38.4,0.227,0.009,56.6,16.8,9.6,3.12,,0.543,,0.098,306,10,8999,304,,0.07,16.71,16.71,27,0.98,1.13,86.44,93.23,96.73,366,1,1
12.07.2018.,21.4,23,22.3,24.3,5.8,8.14,0.95,0.29,7.65,7.09,15.71,2.59,2.41,4.95,5.06,4.68,10.76,850,900,1000,111.11,126.94,63.65,349,68.4,321,67.5,4.59,0.343,44.5,39.5,0.197,0.007,36.1,24.1,7.42,6.56,,1.86,,0.051,456,42,8411,400,,0.08,10.32,10.32,17,1.05,1.42,78.97,80.40,90.79,406,1,1
13.07.2018.,23.1,23.6,22.3,25.7,5.8,8.11,0.55,0.3,8.02,7.73,13.61,2.89,2.72,4.48,5.13,5.01,9.13,900,920,1000,112.22,119.02,73.48,1092,36,540,31,50.48,0.724,51.2,48.8,0.434,0.003,78.7,12.2,25,4.17,,2.35,,0.174,2118,6,9654,400,,0.14,12.73,12.73,21,0.91,3.92,94.26,96.70,99.72,643,2,1
16.07.2018.,21.5,23.4,22.2,24.1,5.7,8.1,2.35,0.3,6.21,8.48,15.11,2.26,2.77,4.63,3.95,5.71,10.48,870,950,990,140.1,112.03,65.52,1303,39.7,,,50.2,1.45,60.7,39.4,0.319,0.015,71,14,30.6,4.27,,0.182,,0.038,2710,34,9665,400,,0.14,10.69,10.69,17,0.91,,,96.95,98.75,597,3,1
17.07.2018.,21.9,23.4,22.4,23.7,5.7,8.06,5.6,0.32,8.39,7.89,14.85,2.83,2.7,4.58,5.56,5.19,10.27,880,900,1000,104.89,114.07,67.34,1232,32.8,631,30.9,26.7,1.18,56.2,45.1,0.313,0.009,47.6,11.3,31.1,3.12,,0.367,,0.072,1106,14,10993,400,,0.14,12.06,12.06,20,0.80,1.75,95.10,97.34,98.73,597,2,1
18.07.2018.,23.6,23.2,22.2,24.7,5.4,7.95,1.1,0.22,8.59,9.09,16.9,2.84,3,5.11,5.75,6.09,11.79,850,870,890,98.95,95.71,52.66,1236,34.5,546,36.6,25.1,2.15,50.4,39.6,0.578,0.008,46.5,13.3,30.3,4.65,,0.649,,0.075,2178,4,10961,405,,0.09,11.37,11.37,18,0.80,3.99,93.30,97.21,99.82,411,2,1
19.07.2018.,23.8,22.8,,25.2,5.8,8.13,6.35,0.65,5.84,6.23,17.77,2.04,2.19,5.27,3.8,4.04,12.5,720,830,1000,123.29,133.23,56.27,1219,42.9,614,50.6,58.1,1.33,49.3,34.1,0.328,0.012,72.3,12.8,35.4,6.37,,0.767,,0.171,2120,26,11304,400,,0.21,7.47,7.47,12,0.78,3.45,91.76,96.48,98.77,642,1,1
20.07.2018.,22.3,23.3,22.2,24.3,5.6,7.98,2.95,0.13,5.35,6.65,12.36,2.1,2.45,4.06,3.25,4.2,8.3,900,960,1000,168.22,144.36,80.91,1722,95.5,637,68,38.9,0.292,54.1,36.7,0.442,0.02,52.1,16.1,29.3,4.11,,0.425,,0.065,2060,34,9366,1316,,0.11,3.25,3.25,5,0.94,3.23,89.32,94.45,98.35,390,1,1
23.07.2018.,23.4,23.3,21.8,22.7,5.6,7.78,0.3,0.6,6.36,5.8,13.12,2.06,1.8,3.82,4.3,4,9.3,800,790,980,125.79,136.21,74.7,445,20.9,214,50.6,81.1,3.24,46,36.3,0.227,0.017,87.6,17.6,29.4,4.29,,1.22,,0.199,40,2,16261,400,,0.15,10.20,10.20,17,0.54,0.19,76.36,95.30,95.00,332,1,1
24.07.2018.,22.7,23.3,21.9,25.2,5.6,7.72,0.3,0.14,6.77,6.25,11.4,2.09,1.92,3.34,4.68,4.33,8.1,800,870,1000,118.17,139.2,87.41,454,15,665,42.2,59.3,3.29,41.9,16.4,0.226,0.018,81.1,18.8,17.7,2.49,,0.906,,0.023,2.39,0.53,9258,303,,0.12,16.59,16.59,27,0.95,0.00,93.65,96.70,77.82,513,1,1
25.07.2018.,22.3,23.3,22.5,25.3,5.6,7.99,0.3,0.07,7.12,7.3,10.81,2.3,2.27,3.17,4.82,5.03,7.64,850,880,1000,119.38,120.55,92.51,660,33.8,1000,56.3,37.6,7.88,66.2,49,0.219,0.012,41.1,19,18.9,1.44,,1.41,,0.129,176,30,9699,400,,0.22,14.67,14.67,24,0.91,0.18,94.37,94.88,82.95,1000,1,1
26.07.2018.,22.8,29.3,22.8,25.6,5.4,7.98,0.3,0.15,7.76,7.15,11.43,2.43,2.3,3.39,5.33,4.85,8.04,850,900,990,109.54,125.87,86.61,646,26.2,,50.6,62.2,7.81,40.8,37,0.24,0.01,69.2,10.1,19.3,1.76,,0.704,,0.102,98,36,9378,400,,0.21,14.35,14.35,23,0.94,,,95.94,63.27,1000,2,1
27.07.2018.,23.4,23.3,23.4,25.7,5.6,8.03,0.3,0.12,7.22,6.86,11.62,2.53,2.38,3.65,4.69,4.48,7.97,890,900,1000,123.27,131.2,86.06,1149,23.4,231,37,31.7,0.53,53.9,46.2,0.225,0.018,64.8,9.67,9.37,8.2,,1.79,,0.051,96,32,8857,400,,0.14,13.33,13.33,21,0.99,0.42,83.98,97.96,66.67,634,2,8
30.07.2018.,22.6,24.4,24,26.8,5.3,8.07,1.35,0.21,7.46,7.22,11.19,2.41,2.37,3.4,5.05,4.85,7.89,880,930,1000,117.96,128.81,88.57,663,37,,,60.6,3.08,54.6,44.9,0.239,0.002,58.5,13.4,17.9,1.84,,2.1,,0.132,624,546,9328,400,,0.16,14.43,14.43,23,0.94,,,94.42,12.50,738,2,1
31.07.2018.,24.8,24.6,23.9,,5.6,,0.85,0.25,7.54,7,11.98,2.41,2.25,3.57,5.13,4.75,8.41,890,910,1000,118.04,130,83.47,247,40.2,,,5.86,0.179,57.7,38.6,0.276,0.035,118,9.35,22.9,1.88,,0.615,,0.07,786,40,10027,400,,0.03,13.35,13.35,22,0.88,,,83.72,94.91,141,1.77,0.95
01.08.2018.,24,25.1,24.2,25.5,5.2,8.03,3.55,0.23,7.8,7.4,13.24,2.51,2.44,3.92,5.29,4.96,9.32,890,880,990,114.1,118.92,74.77,360,22.4,389,84.4,43.1,0.79,57.3,46,0.222,0.015,67.8,26.7,8.42,1.83,,2.02,,0.081,162,8,12557,400,1232,0.28,12.63,12.63,20,0.70,0.42,78.30,93.78,95.06,1000,2.01,0.97
02.08.2018.,24.9,24.7,24,25,8.04,7.96,7.5,0.28,8.13,7.33,15.59,2.5,2.25,4.47,5.63,5.08,11.12,800,900,1000,98.4,122.78,64.14,563,33.7,315,28.1,18.8,2.71,46.7,44.3,0.186,0.009,137.7,18.7,13.6,1.52,,1.9,,0.116,732,36,10505,405,1274,0.05,10.77,10.77,17,0.84,2.32,91.08,94.01,95.08,220,1.34,1.08
03.08.2018.,22.5,25.1,24.3,26.3,5.5,7.97,1.1,0.25,6.98,6.94,11.55,2.43,2.33,7.92,4.55,4.61,7.92,880,890,990,126.07,128.24,85.71,1202,26.9,483,1,12,1.31,44.4,21,0.104,0.006,56.8,14.1,14.5,2.04,,2.13,,0.153,1658,14,8901,400,437,0.10,13.26,13.26,22,0.99,3.43,99.79,97.76,99.16,471,1.44,0.83
06.08.2018.,22.8,25.1,24.2,24.1,5.7,8.06,6.8,0.36,8.77,8.44,13.02,2.89,2.72,3.88,98.06,105.45,75.27,860,890,980,98.06,105.45,75.27,434,39.5,513,73.2,37.3,2.42,64,37.7,0.193,0.01,53.1,13.9,9.48,2.18,,1.66,,0.105,296,8,10173,400,,0.01,14.54,14.54,24,0.87,0.58,85.73,90.90,97.30,552,1.69,0.8
07.08.2018.,22.4,24.7,23.8,24,5.5,8.18,1.15,0.3,8.06,7.51,14.23,2.69,2.51,4.23,5.37,5,10,880,890,990,109.18,118.51,69.57,1211,387,1000,59.1,18.8,0.101,59.4,44.7,0.136,0.001,27.1,15.8,13.8,1.47,,2.38,,0.183,1720,2,10179,400,,0.14,12.04,12.04,20,0.86,1.72,94.09,68.04,99.88,631,1.5,0.87
08.08.2018.,26.1,24.5,23.6,24.1,5.3,8.03,1.35,0.36,8.55,7.62,14.05,2.77,2.52,4.24,5.78,5.1,9.81,820,840,990,95.91,110.24,70.46,1187,24.2,682,47.8,116,2.75,92.7,79.4,0.188,0.008,114,8.62,30.3,1.71,,2.12,,0.156,258,50,11389,400,,0.17,12.66,12.66,21,0.77,0.38,92.99,97.96,80.62,721,2.57,1.05
09.08.2018.,25.2,25.1,24.2,25.2,5.2,8.02,3.95,0.35,8.25,7.91,14.66,2.81,2.81,4.58,5.44,5.1,10.08,840,910,990,101.82,115.04,67.53,481,38.5,428,70.3,44.4,0.113,77.5,82.7,0.113,0.021,52.2,12.9,10.2,1.32,,2.55,,0.286,270,12,11183,300,,0.19,16.17,16.17,26,0.79,0.63,83.57,92.00,95.56,794,2.28,0.94
10.08.2018.,24.4,25.2,25.6,24.6,5.3,8.03,1.2,4.86,8.06,7.26,15.03,2.81,2.59,3.47,5.25,4.67,11.56,850,860,990,105.46,118.46,65.87,516,31.3,384,47,17.7,0.046,88.9,85,0.15,0.137,19,10.2,15.7,1.3,,2.05,,0.215,1718,22,12373,400,,0.09,11.21,11.21,18,0.71,4.47,87.76,93.93,98.72,301,2.29,0.99
13.08.2018.,23.7,24.5,23.7,23.6,5.3,7.97,0.2,0.39,8.13,7.93,14.25,2.79,2.69,4.31,5.34,5.24,9.94,930,940,990,114.39,118.54,69.47,1231,35.4,1000,10,22.7,2.79,90.5,85.6,0.177,0.025,39.5,11.4,15.6,4.38,,0.301,,0.01,1648,30,11455,400,,0.11,12.40,12.40,20,0.77,1.65,99.00,97.12,98.18,439,1.76,0.99
14.08.2018.,23.3,24.4,23.8,24.5,5.5,7.97,0.3,0.39,7.47,7.8,14.02,2.53,2.61,4.29,4.93,5.19,9.73,880,890,990,117.8,114.1,70.61,517,33.6,1000,96.6,36.6,1.89,50.6,75.7,0.196,0.001,46.6,7.1,14.1,2.05,,2.09,,0.177,1228,12,15138,300,,0.00,15.97,15.97,26,0.58,1.23,90.34,93.50,99.02,0,2.08,0.91
15.08.2018.,23,23.9,0,23.7,5.6,7.94,2.35,0,6.84,6.1,12.18,2.22,2.04,3.68,4.62,4.06,8.5,770,840,990,112.57,137.7,81.28,997,29.1,1000,50.6,27.3,1.61,49.2,55.5,0.206,0.012,43.2,15.2,17.2,3.39,,3.64,,0.464,1612,16,8793,400,,0.11,11.69,11.69,19,1.00,1.61,94.94,97.08,99.01,473,1.4,0.77
16.08.2018.,21.6,24.1,24.4,23.4,5.5,7.96,3.5,0.35,9.09,8.04,11.98,2.88,2.65,3.66,6.21,5.39,8.32,820,840,990,90.21,104.48,82.64,551,27.6,242,0,120,0.23,58.3,43,0.326,0.007,123,9.17,25.8,1.39,,2.76,,0.302,80,14,8163,400,,0.09,15.73,15.73,26,1.08,0.33,100.00,94.99,82.50,586,2.39,0.8
17.08.2018.,24,24.3,23.1,23.4,5.4,8.4,2.5,0.35,8.93,8.45,11.79,3.05,2.87,3.85,5.88,5.58,7.94,930,960,990,104.14,113.61,83.97,1151,33,548,39,41.9,0.057,53.8,48.7,0.224,0.002,54.5,11.6,21.3,0.435,,1.66,,0.299,994,4,7693,400,,0.07,16.22,16.22,26,1.14,1.81,92.88,97.13,99.60,442,1.18,0.88
20.08.2018.,25.8,24.5,23.5,25.6,5.4,8.1,1.15,0.1,8.59,8.02,13.69,2.79,2.66,4.09,5.8,5.36,9.6,890,940,990,103.61,117.21,72.32,1219,45.1,507,50.6,59.9,2.27,55.6,45.4,0.366,0.007,72,11.9,24.5,4.14,,0.662,,0.107,1870,12,9824,400,,0.12,13.35,13.35,22,0.90,3.69,90.02,96.30,99.36,592,1.86,0.87
21.08.2018.,23.6,24.3,23,24.3,5.4,8.07,0.6,0.33,8.89,7.97,,2.97,2.64,,5.97,5.33,,830,890,,93.36,11.67,,297,28.9,214,16.9,55.8,1.25,49.5,50.8,0.161,0.008,73.9,2.26,13.7,0.876,,3.66,,0.363,744,22,4843,300,,0.04,,,26765,1.82,3.48,92.10,90.27,97.04,394,2.43,0.93
22.08.2018.,24.1,24.5,23.3,28.1,5.1,8.08,0.85,0.27,9.07,8.49,12.96,2.98,2.82,4.06,6.09,5.67,8.9,950,900,970,104.74,106.01,74.85,1154,24.6,569,563,36.5,1.7,51.3,40.9,0.424,0.005,47.7,9.54,19.4,0.407,,2.82,,0.283,744,22,8934,400,,0.11,14.90,14.90,24,0.99,1.31,1.05,97.87,97.04,620,2.93,0.91
23.08.2018.,23,24.6,23.6,27.1,5.3,8.02,1,0.25,9.36,8.43,13,2.96,2.7,3.89,6.4,5.73,9.11,920,950,990,98.29,112.69,76.15,,,1000,101,40.8,0.997,59,54.7,0.289,0.016,,,18.5,,,1.49,,0.085,1196,0,8928,400,,0.12,15.05,15.05,24,0.99,1.20,89.90,,100.00,715,1.98,0.95
24.08.2018.,25.4,24.2,23.6,24.7,5.4,8.07,5.1,0.1,8.89,8.16,11.57,3.02,2.75,3.76,5.87,5.41,7.81,870,890,990,97.86,109.07,85.57,,,1000,40,,,,,,,,,,,,,,,948,0,8467,400,,0.08,16.21,16.21,26,1.04,0.95,96.00,,100.00,483,2.58,0.87
27.08.2018.,21.3,21.7,20.8,20.5,5.4,7.89,1.25,0.26,8.22,7.52,14.7,2.46,2.24,4.2,5.76,5.28,10.5,920,910,990,111.92,121.01,67.35,374,46.2,372,73.2,60.5,1.34,48,43.7,0.238,0.024,80.6,16.1,15.8,9.3,,0.82,,0.058,2110,2,8195,200,,0.05,23.56,23.56,38,1.07,5.67,80.32,87.65,99.91,282,0.6,0.8
28.08.2018.,24.6,22.2,20.8,22.7,5.5,8.07,8.25,0.5,9.97,8.88,12.29,3.01,2.73,3.61,6.96,6.15,8.68,960,950,990,96.29,106.98,80.55,1145,33.4,501,16.9,75,0.739,49.8,39.4,0.282,0.004,86.6,9.54,28.1,0.355,,2.11,,0.137,1706,170,8336,400,,0.05,16.87,16.87,27,1.06,3.41,96.63,97.08,90.04,338,1.27,0.57
29.08.2018.,22.9,22.8,21.4,24.3,5.4,8.07,8.05,0.3,9.59,8.58,11.93,3,2.7,3.61,6.59,5.88,8.32,920,950,1000,95.93,110.72,83.82,710,27.4,310,30.9,53,0.036,43.5,37.4,0.3,0.006,74.1,7.68,10.7,0.271,,3.52,,0.167,282,18,9221,300,,0.07,22.34,22.34,36,0.95,0.91,90.03,96.14,93.62,417,1.46,0.81
30.08.2018.,23.4,23.3,21.9,26.6,5.1,8.35,4.75,0.25,10.36,9.03,12.55,3.21,2.87,12.1,7.15,6.16,0.45,930,950,990,89.77,105.2,78.89,1929,25.8,1000,39.4,47.2,21.23,40.3,43.7,0.207,0.009,69.5,11.2,12.6,0.748,,2.49,,0.211,92,18,8636,400,,0.07,17.00,17.00,28,1.02,0.09,96.06,98.66,80.43,501,1.63,0.86
31.08.2018.,23.8,23.7,22.5,24.9,5.1,8.1,2.65,0.18,8.85,8.25,12.4,2.94,2.73,3.93,5.91,5.52,8.47,940,950,1000,103.21,115.15,80.65,831,37.9,493,86,43.5,0.859,50.2,35,0.358,0.01,58,9.56,11.2,1.73,,1.42,,0.13,202,30,8471,400,,0.12,15.17,15.17,25,1.04,0.41,82.56,95.44,85.15,705,1.77,0.92
03.09.2018.,21.8,22.1,22.2,22.4,5.1,7.94,4.8,0.5,7.89,5.72,14.85,1.69,1.67,4.09,6.2,4.05,10.76,830,790,990,105.2,138.11,66.67,,,1000,19.7,,,38.1,32.9,0.153,0.033,,,8.23,,,,,0.049,222,12,13902,400,,0.04,10.08,10.08,16,0.63,0.22,98.03,,94.59,118,0.77,0.66
04.09.2018.,22.4,23,22.2,22.7,5.5,8.19,0.75,0.2,9.07,6.67,12.79,2.65,2.02,3.63,6.42,4.65,9.16,910,900,980,100.33,134.93,76.62,,,293,30.9,,,,,,,,,,,,,,,302,14,9191,400,,0.07,13.54,13.54,22,0.96,1.03,89.45,,95.36,361,1.05,0.55
05.09.2018.,24.4,23.2,21.9,21.6,5.4,8.2,1.55,0.3,9.57,8.1,11.38,2.89,2.51,3.37,6.68,4.59,8.01,950,950,980,99.27,117.28,86.11,,,592,36.6,,,,,,,,,,,,,,,2886,24,7719,400,,0.16,17.08,17.08,28,1.14,4.88,93.82,,99.17,1000,1.53,0.68
06.09.2018.,24.4,23.7,22.4,23.5,5,8.07,0.6,0.25,10.62,9.25,12.87,3.24,2.86,3.8,7.38,6.39,9.07,960,970,990,90.4,104.86,76.92,,,,,,,,,,,,,,,,,,,394,2,8691,400,,0.07,16.98,16.98,28,1.01,,,,99.49,507,2.79,0.77
07.09.2018.,23.8,23.6,22.1,22.8,5,8.2,0.9,0.32,7.93,7.56,11.9,2.67,2.55,3.77,5.26,5.01,8.13,950,950,990,119.8,125.66,83.19,,,,,,,,,,,,,,,,,,,684,22,9217,400,,0.15,14.32,14.32,23,0.95,,,,96.78,740,1.51,0.83
10.09.2018.,22,23.4,21.4,22.9,5.2,8.29,6.6,0.42,9.03,8,14.31,2.96,2.61,4.15,6.07,5.39,10.16,940,950,990,104.1,118.75,69.18,603,38.6,349,47.8,62.2,4.74,63.6,38.1,0.363,0.003,76,9.75,14,0.819,,1.77,,0.094,478,18,8383,400,,0.10,13.09,13.09,21,1.05,1.37,86.30,93.60,96.23,620,1.89,0.93
11.09.2018.,23.4,22.9,21.2,25.8,5.4,8.26,6.95,1.25,8.89,8.53,13.6,2.66,2.64,3.91,6.23,5.89,9.69,910,960,990,102.36,112.54,72.79,455,26.2,490,20.2,54.5,0.97,58.6,40.6,0.198,0.021,91.9,5.46,17.3,0.57,,2.27,,0.077,1574,2,12003,511,,0.15,11.03,11.03,18,0.73,3.21,95.88,94.24,99.87,653,1.92,0.92
12.09.2018.,23.1,23.2,22.2,25.1,5.2,8.03,1.2,0.58,8.85,7.78,12.54,2.84,2.58,3.82,6.01,5.2,8.72,920,960,990,103.95,123.39,78.95,1184,26.5,468,50.6,36.6,0.77,71.9,43.5,0.294,0.016,53.3,4.94,20.9,0.32,,1.91,,0.163,558,10,11074,389,,0.07,15.00,15.00,24,0.79,1.19,89.19,97.76,98.21,332,2.06,0.9
13.09.2018.,26.5,24,22.5,24.3,4.9,8.32,2.2,0.6,8.72,7.86,12.53,2.81,2.58,3.76,5.91,5.28,8.74,940,950,990,107.8,120.87,79.2,440,21.5,682,30.9,61.5,0.07,77.8,61.4,0.239,0.013,84.7,9.2,21.5,0.456,,2.15,,0.085,1228,2,11665,400,,0.16,14.56,14.56,24,0.75,1.80,95.47,95.11,99.84,682,1.96,0.92
14.09.2018.,25.6,24.3,22.9,24.8,3.2,8.03,0.25,0.43,8.28,7.29,12.45,2.86,2.52,3.95,5.42,4.77,8.5,950,940,990,114.73,128.94,79.52,,,520,35.8,0.224,,141,77.4,,,,,,,,,,,86,14,12861,400,,0.07,13.76,13.76,22,0.68,0.17,93.12,,83.72,240,1.63,0.91
17.09.2018.,25.6,24.1,22.7,23.9,7.93,8.01,2.2,1.7,9.36,7.46,12.81,3.08,2.58,3.98,6.28,4.88,8.88,950,960,990,101.49,128.69,77.28,,,242,22.5,,,,,,,,,,,,,,,1386,12,11639,400,,0.05,14.44,14.44,23,0.76,5.73,90.70,,99.13,197,1.71,0.92
18.09.2018.,22.8,24.1,21.8,24.3,8.1,8.13,0.5,1.06,8.4,7.83,13.94,2.75,2.57,4.23,5.65,5.26,9.71,920,940,990,109.52,120.05,71.02,,,428,14.1,,,,,,,,,,,,,,,516,10,12408,400,,0.06,12.81,12.81,21,0.71,1.21,96.71,,98.06,230,1.85,
19.09.2018. ,22.7,23.8,21.9,21.9,7.67,8.25,1.1,1.12,7.94,6.12,12.56,2.68,2.19,3.98,5.26,3.93,8.58,920,930,990,115.87,151.96,78.82,,,1000,16.9,,,,,,,,,,,,,,,1216,14,12042,780,,0.12,6.31,6.31,10,0.73,1.22,98.31,,98.85,411,1.45,0.92
20.09.2018.,24.1,22.8,22.8,22.6,8.15,8.05,0.55,0.36,6.52,4.7,10.99,2.35,1.89,3.48,4.17,2.91,7.51,950,960,990,145.7,200,90.08,,,1000,61.9,,,,,,,,,,,,,,,90,34,10770,338,,0.19,13.29,13.29,22,0.82,0.09,93.81,,62.22,558,1.55,0.93
21.09.2018.,22.7,24.2,22.3,22.8,8.02,8.09,1.1,0.4,9.36,8,12.77,3.16,2.91,4.19,6.2,5.09,8.58,950,960,1000,101.5,120,78.31,,,476,39,,,,,,,,,,,,,,,1424,6,11267,200,,0.06,29.91,29.91,49,0.78,2.99,91.81,,99.58,281,1.11,
24.09.2018.,19.02,23,20.6,20,8,8.1,1.34,1.23,5.92,5.01,9.63,2.06,1.79,3.05,3.86,3.22,6.58,640,780,980,108.11,155.69,101.77,,,456,16.9,,,,,,,,,,,,,,,1064,14,13133,400,,0.23,12.48,12.48,20,0.67,2.33,96.29,,98.68,546,1.47,0.84
25.09.2018.,18.4,20.6,17.4,17.7,7.95,8.14,6.1,4.3,5.85,5.57,17.6,1.98,1.9,5.04,3.87,3.67,12.56,650,710,990,111.11,127.47,56.25,,,1000,11.3,,,,,,,,,,,,,,,1582,10,8448,400,,0.25,7.14,7.14,12,1.04,1.58,98.87,,99.37,1000,2.51,0.72
26.09.2018.,18.9,20.1,16.1,18.7,8.32,8.3,1,4.03,6.1,5.4,15.79,2.06,1.9,4.56,4.04,3.5,11.23,850,780,990,139.34,144.44,62.7,1171,44.9,614,47.8,73.4,2.81,62.5,35.7,0.204,0.012,93.8,18.1,17.2,8.12,,8.12,,0.464,410,24,7899,308,,0.16,10.40,10.40,17,1.11,0.67,92.21,96.17,94.15,665,2.81,0.84
27.09.2018.,19.1,20.2,15.9,16.9,8.38,8.07,1.45,3.39,6.23,4.99,11.96,2.1,1.79,3.5,4.13,3.2,8.46,810,840,990,130.02,168.34,82.77,428,32,428,25.3,52.3,1.73,49.8,42.2,0.212,0.008,122,18.2,27.3,4.46,,15.8,,0.421,1762,4,8233,400,,0.16,10.32,10.32,17,1.07,4.12,94.09,92.52,99.77,614,2.57,0.97
28.09.2018.,19.5,20.4,16.8,28,8.45,8.39,1.25,4.8,5.34,4.68,21.62,1.93,1.74,6.16,3.41,2.94,15.46,450,400,1000,41.02,20,162.34,1158,34,372,19,102,0.653,48.4,44.2,0.231,0.027,145,14.9,26.8,0.52,,18.6,,0.464,1330,204,7990,400,,0.29,5.10,5.10,8,1.10,3.58,94.89,97.06,84.66,1000,1.68,1.14
01.10.2018.,20,20.4,17.1,19.4,7.92,8.01,7.7,2.5,6.23,5.81,8.22,4.21,0.69,2.61,2.02,5.12,5.61,670,710,990,107.54,122.2,120.44,1165,92.1,445,28.1,57.2,0.984,64.4,35.1,0.221,0.022,76.2,5.2,19.5,4.53,,1.1,,0.046,1102,54,9552,400,,0.19,16.11,16.11,26,0.92,2.48,93.69,92.09,95.10,637,2.52,0.98
02.10.2018.,19.5,20.7,18,19.8,8,8.05,9,2.85,6.45,5.5,16.91,3.48,1.3,14.91,2.97,4.2,2,770,740,990,119.38,134.54,58.55,1157,33,265,8.4,72.5,0.565,44.3,32.6,0.216,0.002,94,5.24,22.8,4.06,,2.02,,0.085,526,8,9530,300,,0.20,10.36,10.36,17,0.92,1.98,96.83,97.15,98.48,648,2.15,0.96
03.10.2018.,20.1,20.7,20.5,19.7,8.28,8.25,9,1.7,7.62,7.15,11.95,2.37,2.24,3.37,5.25,4.91,8.58,920,960,1000,120.73,134.26,83.68,1126,32,366,19.7,64.9,1.18,56.5,36.5,0.247,0.001,75.5,5.98,2.82,0.286,,1.26,,0.096,1278,6,9318,300,,0.10,18.13,18.13,29,0.94,3.49,94.62,97.16,99.53,496,1.99,0.98
04.10.2018.,19.7,20.3,18.1,19.2,7.76,8.02,8.25,0.55,8.24,7.29,12.73,2.57,2.35,3.54,5.67,4.94,9.19,900,910,1000,109.22,124.83,78.55,1380,52.2,423,22.5,33.6,0.308,30.9,30.2,0.038,0.004,34.3,5.05,7.11,0.17,,0.812,,0.1,1270,8,9050,313,,0.13,17.15,17.15,28,0.97,3.00,94.68,96.22,99.37,665,2.34,0.93
05.10.2018.,19,20.5,17.9,20.3,8.26,8.2,1.2,0.52,7.33,6.98,11.79,2.46,2.32,3.59,4.87,4.66,8.2,950,950,990,129.6,136.1,83.97,1139,33.1,214,10,55.2,1.37,52.9,33.8,0.189,0.05,72.6,6.22,14.8,1.33,,0.934,,0.068,398,10,9194,321,,0.09,16.64,16.64,27,0.96,1.86,95.33,97.09,97.49,402,7.23,0.95
08.10.2018.,19.7,21.3,20.1,21.6,8.11,8.14,0.45,0.26,8.55,8.55,13.15,2.57,2.7,3.59,5.98,5.85,9.56,900,950,990,105.26,111.11,75.29,1061,43.4,484,22.5,62,16.8,56.7,35.9,0.202,0.006,71.6,22.6,12,3.23,,1.09,,0.076,430,38,8910,490,,0.12,11.68,11.68,19,0.99,0.89,95.35,95.91,91.16,715,2.62,0.93
09.10.2018.,19.6,21.4,19.8,21.1,8.05,7.94,1.15,0.4,9,8.26,12.9,1.55,2.59,3.64,7.45,5.67,9.26,940,950,1000,104.44,115.01,77.52,853,87.9,344,92.8,55.1,1.71,56.4,36,0.284,0.008,61.6,19.4,13.1,2.14,,1.44,,0.004,34,2,8984,392,,0.16,15.02,15.02,24,0.98,0.10,73.02,89.70,94.12,1000,3.28,0.98
10.10.2018.,20.5,21.4,19.7,24.3,8,8.07,0.3,0.35,8.72,8.12,13.19,2.72,2.57,3.75,6,5.55,9.44,950,950,990,108.94,116.99,75.06,1148,47.4,546,92.8,24.3,2.81,64.3,37.5,0.28,0.013,79.3,27.4,16.1,3.16,,1.11,,0.137,398,10,8978,360,,0.12,15.60,15.60,25,0.98,0.73,83.00,95.87,97.49,699,3.42,0.97
11.10.2018.,21.3,21.9,19.7,21.6,7.69,8.12,1.4,0.3,8.53,8.08,13.22,2.64,2.55,3.66,5.89,5.53,9.56,950,960,1000,111.37,118.81,75.64,783,44,417,101,26.7,0.2,50.5,26.1,0.262,0.023,58.2,18.8,18.7,4.19,,1.06,,0.162,86,6,8883,381,,0.12,14.51,14.51,24,0.99,0.21,75.78,94.38,93.02,699,2.91,0.96
12.10.2018.,19.1,21.4,19.2,20.7,8.43,8.21,1.35,0.38,8.96,8.1,12.46,2.85,2.63,3.64,6.11,6.33,8.82,950,960,1000,106.03,118.52,80.26,517,69.9,150,59,34.6,1.16,44.3,36.7,0.029,0.001,58,24.2,7.14,3.36,,0.648,,0.105,700,198,8117,301,,0.08,20.01,20.01,32,1.08,4.67,60.67,86.48,71.71,540,2.36,1.2
15.10.2018.,20.4,20.2,18.1,21.3,8.32,8.4,1.95,0.5,21,8.06,13.18,2.56,2.56,3.79,18.44,5.5,9.39,960,970,1000,45.71,120.35,75.87,821,33.5,665,11.3,67.4,0.463,43.4,30.2,0.031,0.083,67.7,22.3,12.1,1.74,,1.63,,0.056,3526,300,8061,396,,0.06,24.50,24.50,40,1.09,5.30,98.30,95.92,91.49,749,4.05,0.9
17.10.2018.,19.2,20.2,18.1,20.6,8.02,8.17,1.95,0.6,8.49,8.56,13.19,2.65,2.66,3.66,5.81,5.9,9.53,950,960,1000,111.9,112.15,75.82,626,40.1,349,47.8,42.2,0.837,50.8,38.7,0.265,0.003,69.3,18.7,16.8,1.29,,2.23,,0.229,260,28,10435,400,,0.12,14.22,14.22,23,0.84,0.74,86.30,93.59,89.23,614,8.01,0.98
18.10.2018.,20,20.3,18.5,20.2,8.35,8.23,1.5,0.61,9.09,7.7,13.54,2.79,2.42,3.78,6.3,5.28,9.76,960,950,1000,105.61,123.38,73.86,492,30.2,335,46.3,35.7,0.017,86.2,69.7,0.191,0.025,57.9,12.9,9.69,1.08,,0.844,,0.12,346,10,12440,400,,0.12,13.64,13.64,22,0.71,1.03,86.18,93.86,97.11,501,2.51,0.93
19.10.2018.,21,21.2,19.7,21.2,8,8.27,1.45,0.5,8.49,7.41,12.97,2.82,2.53,3.95,5.67,4.88,9.02,950,950,990,111.9,128.21,76.33,1141,26.2,406,39.4,60.5,0.64,99.9,84.1,0.221,0.006,81.5,11.1,14.4,1.58,,1.08,,0.064,116,28,12895,305,,0.07,17.69,17.69,29,0.68,0.29,90.30,97.70,75.86,237,1.21,0.96
22.10.2018.,19.4,20.9,19,19.2,8.45,8,1.4,0.57,9.25,8.12,14.16,2.88,2.58,4.04,6.37,5.57,10.12,950,950,990,102.7,116.99,69.92,521,20.7,197,56.3,37.4,1.65,154,86,0.146,0.04,57.7,13.9,10.2,1.94,,0.761,,0.047,274,56,15517,301,,0.00,17.93,17.93,29,0.57,1.39,71.42,96.03,79.56,1.47,1.47,0.96
23.10.2018.,20.5,20.9,19.2,19.1,7.07,8.1,1.65,0.51,8.87,7.79,13.64,2.69,2.4,3.79,6.18,5.39,9.85,940,950,1000,105.98,121.95,73.31,636,29.3,614,25.3,44.4,0.949,65.5,34.4,0.094,0.075,60.4,7.24,12.4,0.381,,1.86,,0.083,186,38,10884,400,,0.09,13.44,13.44,22,0.81,0.30,95.88,95.39,79.57,411,1.4,0.93
24.10.2018.,19.9,21,19.4,19.2,8.7,8.12,1.65,0.48,8.78,7.42,13.95,2.76,2.43,3.99,6.02,4.99,9.96,950,960,1000,108.2,129.38,71.68,1132,28.6,445,22.5,71.2,2.28,90.2,88.2,4.53,0.022,85.8,8.68,16.2,0.227,,4.19,,0.044,632,20,14653,400,,0.15,12.77,12.77,21,0.60,1.42,94.94,97.47,96.84,507,1.88,0.88
25.10.2018.,19.1,20.1,18,15.9,8.1,8.37,4.5,0.51,8.61,7.55,12.74,2.67,2.44,3.7,5.94,5.11,9.04,950,900,990,110.34,125.83,77.71,925,51.4,56.3,30.9,55.1,1.43,58.8,76.5,0.186,0.028,64.8,5.57,18.1,1.45,,1.78,,0.017,1098,24,12653,400,,0.10,13.95,13.95,23,0.70,19.50,45.12,94.44,97.81,383,1.47,0.92
26.10.2018.,19.4,19.8,18,19.7,8.2,8.23,4.75,0.55,8.93,7.72,13.64,2.85,2.48,4.09,6.08,5.24,9.55,950,950,990,106.38,123.06,72.58,776,28.3,339,20,72.3,2.2,53.4,45.8,0.052,0.034,73.7,7.38,1.19,17.3,,1.87,,0.02,888,198,11736,400,,0.11,13.43,13.43,22,0.75,2.62,94.10,96.35,77.70,486,2.11,0.9
29.10.2018.,18.8,20.3,19.5,23.4,8.1,8.1,0.9,0.27,10.23,9.5,13.63,3.15,2.85,3.87,7.08,6.65,9.76,990,950,1000,96.77,100,73.37,1160,30.6,,,86.6,1.57,55.5,42.9,0.218,0.054,124,13.6,28,2.94,,1.32,,0.107,1070,22,8983,400,,0.00,15.92,15.92,26,0.98,,,97.36,97.94,,3.44,0.92
30.10.2018.,19.1,20.5,19.8,20.3,4.9,7.91,1,0.26,8.88,8.08,13.25,,,,,,,970,960,990,109.23,118.81,74.72,1148,48.6,,,77,0.294,46.6,40.5,0.24,0.06,80.7,24.2,17.8,3.99,,1.24,,0.109,1350,12,8823,400,,,14.08,14.08,23,1.00,,,95.77,99.11,,1.81,0.9
31.10.2018.,18.9,20.2,18.1,20.1,5,7.12,1.25,0.45,9.47,8.58,13.16,,,,,,,980,970,1000,103.48,113.05,75.99,1032,47.2,,,41.4,0.722,63.2,32.9,0.219,0.065,84.3,25.8,18.3,2.88,,0.905,,0.225,842,74,7871,400,,,15.09,15.09,24,1.12,,,95.43,91.21,,4.14,0.93
01.11.2018.,19.8,19.7,17.8,20.1,8.2,7.31,1.4,0.45,9.52,9.53,13.72,2.92,2.9,3.89,6.6,6.63,9.83,970,990,1000,101.89,103.88,72.89,551,41.9,377,28.1,48.8,0.546,54.7,39.2,0.265,0.047,79.2,25.6,10.3,1.45,,1.45,,0.017,768,48,8046,394,,0.05,15.51,15.51,25,1.09,2.04,92.55,92.40,93.75,361,1.95,0.9
02.11.2018.,19.7,20,19,20.9,8.39,8.23,1.15,0.24,9.58,8.89,12.49,3.06,2.92,3.76,6.52,5.97,8.73,950,960,990,99.16,107.99,79.26,1131,31,526,82,70.6,1.47,60.7,40.2,0.299,0.004,75.4,18.6,17,2.82,,0.39,,0.118,618,14,8588,400,,0.04,16.27,16.27,26,1.02,1.17,84.41,97.26,97.73,285,1.78,0.93
05.11.2018.,17.8,19.7,18,18.6,8.3,8.1,1,0.42,10.63,9.34,13.73,3.17,2.89,3.89,7.46,6.45,9.84,990,990,990,93.13,105.99,72.1,1277,36.9,1000,95.7,49.4,0.146,67.6,38.8,0.263,0.018,70,28.7,15.1,4.15,,0.446,,0.135,696,116,7857,400,,0.07,16.00,16.00,26,1.12,0.70,90.43,97.11,83.33,524,2.02,0.8
06.11.2018.,17.8,19.1,17.1,19.3,8,8.11,1.2,0.4,10.2,9.37,14.43,2.94,2.78,4.06,7.26,6.59,10.37,960,960,990,94.12,102.45,105.66,1154,46.1,400,56.3,60.2,0.485,62.7,39,0.267,0.002,75.5,25.8,17.9,3.06,,0.509,,0.042,1352,14,8721,400,,0.09,14.92,14.92,24,1.01,3.38,85.93,96.01,98.96,597,2.3,0.91
07.11.2018.,17.8,18.8,17.3,20.2,8.3,8.11,1.1,0.44,10.39,8.89,13.06,3.13,2.78,3.77,7.26,6.11,9.29,950,950,990,91.43,106.86,75.8,1172,52.1,417,78.8,51.3,0.587,63.3,40.3,0.245,0.013,64.2,25,15,3.07,,0.473,,0.005,854,22,8094,400,,0.07,16.24,16.24,26,1.09,2.05,81.10,95.55,97.42,530,2.14,0.96
08.11.2018.,18.1,18.6,17.1,19.9,8.3,8.22,1.35,0.57,10.48,8.83,12.99,3.14,2.77,3.73,7.34,6.06,9.26,950,950,980,90.65,107.59,75.44,1143,32.4,321,61.9,45.2,0.32,45.1,41.8,0.21,0.001,55.3,25.4,19.2,2.45,,0.344,,0.042,1300,4,7867,300,,0.07,21.80,21.80,35,1.12,4.05,80.72,97.17,99.69,552,2.55,0.94
09.11.2018.,17.8,18.3,16.7,17.9,8.1,8.17,0.75,0.44,9.84,9.13,12.03,3.23,2.97,3.89,6.61,6.16,8.14,980,980,990,99.59,107.34,82.29,524,34,148,64,41,0.24,51.5,39.2,0.247,0.01,66.1,24.5,14.6,3.02,,0.564,,0.153,402,22,7890,401,,0.07,17.30,17.30,28,1.12,2.72,56.76,93.51,94.53,528,2.96,0.91
13.11.2018.,17,18,16.6,19.3,8.33,8.2,0.8,0.45,10.5,9.39,13.32,3.17,2.91,3.85,7.33,6.48,9.47,970,960,980,92.38,102.24,73.57,899,41.9,428,90,60.1,0.123,53.5,46.5,0.115,0.004,66,31.8,9.16,3.77,,0.306,,0.079,270,10,8703,200,,0.02,32.85,32.85,53,1.01,0.63,78.97,95.34,96.30,107,2.09,0.99
14.11.2018.,18,17.8,16.9,19.7,8.1,8.18,1.05,0.55,10.47,9.18,12.95,3.17,2.85,3.72,7.3,6.33,9.23,950,970,980,90.74,105.66,75.68,799,46.3,484,78.8,84.2,0.573,56.1,46.6,0.114,0.023,108,28,25.8,2.45,,0.496,,0.15,2832,20,8899,300,,0.06,22.25,22.25,36,0.99,5.85,83.72,94.21,99.29,423,1.22,0.95
15.11.2018.,16.5,17.6,16,19.1,8.2,8.23,0.6,0.51,10.07,9.29,12.9,3.02,2.84,3.65,7.05,6.45,9.25,970,970,990,96.33,104.41,76.74,1207,48.9,536,90,61.9,0.656,54.8,42.3,0.324,0.016,84.2,34.2,24.6,3.14,,0.675,,0.004,610,0,9846,400,,0.00,16.51,16.51,27,0.89,1.14,83.21,95.95,100.00,2.83,2.55,0.94
16.11.2018.,18.3,17.2,15.7,18.6,8.11,8.14,1.4,0.59,10.25,9.03,13.01,3.23,2.95,3.99,7.02,6.08,9.02,950,960,980,92.68,106.31,75.33,1256,40.2,473,186,50.9,1.66,61.2,47.2,0.281,0.004,78.3,30.7,22.3,2.19,,1.03,,0.151,1086,120,8894,400,,0.07,16.30,16.30,26,0.99,2.30,60.68,96.80,88.95,456,1.76,1.03
19.11.2018.,15.1,15.9,14.2,16.4,8.51,8.58,6.9,1.82,10.32,9,12.54,3.39,2.71,3.55,6.93,6.29,8.99,950,950,980,92.05,105.56,78.15,1150,34.8,214,28.2,72.5,0.434,52.9,50.1,0.2,0.015,97.5,5.04,22.6,1.16,,0.912,,0.014,838,18,10799,400,,0.06,16.95,16.95,27,0.81,3.92,86.82,96.97,97.85,342,2.54,0.89
20.11.2018.,15.5,15.5,14.7,15.7,7.95,8.21,1.9,1.5,8.83,8.73,12.88,2.75,2.54,3.69,6.08,6.19,9.19,950,960,1000,107.59,109.97,77.64,1122,63.6,434,14.1,43,0.963,36,44.4,0.205,0.021,62.5,5.77,11.9,1.47,,0.955,,0.006,2664,24,11042,393,,0.01,15.26,15.26,25,0.80,6.14,96.75,94.33,99.10,41.2,1.97,0.92
21.11.2018.,14.8,15.6,14.6,17.7,8.53,8.2,5.15,0.73,10.35,9.29,12.86,3.04,2.8,3.67,7.31,6.49,9.19,970,970,990,93.72,104.61,76.98,788,30.2,484,5.6,54.4,0.818,51.4,47.6,0.149,0.046,73.4,5.72,19.9,1.63,,0.802,,0.01,906,12,9751,399,,0.05,16.84,16.84,27,0.90,1.87,98.84,96.17,98.68,302,2.17,0.87
22.11.2018.,15.6,16.1,14.6,16.2,8.31,8.72,5.9,1.66,9.05,10.25,14.17,2.78,3.05,3.96,6.27,7.2,10.21,940,960,1000,103.87,93.66,70.57,571,8.69,361,19.7,6.42,0.188,27.3,26.4,0.107,0.046,87,7.54,21.2,1.46,,1.9,,0.016,2096,8,10184,401,,0.04,14.94,14.94,24,0.86,5.81,94.54,98.48,99.62,238,1.78,0.89
23.11.2018.,16.3,16.2,14.4,17.8,5,7.92,1.55,1.3,9.01,8.15,13.04,2.84,2.66,3.9,6.17,5.49,9.14,990,990,990,109.88,121.47,75.92,870,23.6,536,17,44.4,1.35,65.6,51.6,0.2,0.019,70.9,11,18.7,1.45,,1.61,,0.103,896,170,9120,399,,0.12,14.51,14.51,24,0.96,1.67,96.83,97.29,81.03,664,2.34,1.74
26.11.2018.,15.7,16.1,15.5,16.9,8.1,8.61,0.6,0.58,7.08,6.07,11.48,2.15,1.92,3.19,4.93,4.15,8.29,960,970,990,135.59,159.8,86.24,332,47.1,1000,25.3,80.23,2.17,51.7,41.7,0.135,0.034,53.4,11.1,10.1,1.92,,1.16,,0.083,78,6,10995,401,,0.15,12.57,12.57,20,0.80,0.08,97.47,85.81,92.31,535,2.09,0.83
27.11.2018.,16.3,16.2,15.3,16,5.1,8.4,2.85,1.95,9.43,8.5,11.54,2.74,2.57,3.38,6.69,5.93,8.16,970,980,990,102.86,115.29,85.79,880,15.7,631,8.4,65.4,0.605,59.6,48.1,0.159,0.004,124,7.92,24.8,0.754,,2.51,,0.411,696,22,8595,399,,0.04,17.13,17.13,28,1.02,1.10,98.67,98.22,96.84,237,1.18,0.8
28.11.2018.,15.6,14,15.5,13.4,5.6,8.54,10.85,2.9,9,6.34,9.57,2.76,2.1,2.92,6.24,4.24,6.65,970,980,990,107.78,154.57,103.45,409,18.5,1000,25.3,46.1,0.183,60.2,47.6,0.146,0.023,72.8,14,14.7,0.64,,5.62,,0.208,806,110,10122,400,,0.10,17.63,17.63,29,0.87,0.81,97.47,95.48,86.35,468,1.3,0.83
29.11.2018.,15.8,15.1,12.8,15.4,5.1,8.12,5.15,3.64,8.5,7.79,12.72,2.73,2.58,3.79,5.77,5.21,8.93,960,970,990,112.94,124.52,77.83,794,19.3,434,5.6,70.6,0.17,69,51.9,0.238,0.007,108,12.5,25.1,0.715,,9.43,,0.178,336,12,8901,385,,0.15,14.64,14.64,24,0.99,0.77,98.71,97.57,96.43,800,2.13,0.94
03.12.2018.,15.1,14.7,12.8,14,8.11,8,5.2,2.99,8.04,7.15,12.56,2.47,2.33,12.56,5.57,4.82,8.99,970,970,980,120.65,135.66,78.03,868,24.7,11.3,1000,42.1,0.411,72,55.3,0.222,0.009,54.6,13.8,14.3,1.15,,7.8,,0.268,1182,636,9698,400,,0.04,13.30,13.30,22,0.91,104.60,97.13,97.15,46.19,197,1.33,1.6
04.12.2018.,14.4,15.1,13.9,19.3,8.36,8.22,0.1,2.6,9.14,7.98,12.98,2.75,2.5,3.64,6.39,5.48,9.34,950,960,980,103.94,120.3,75.5,1103,19.6,304,5.6,45.1,0.509,74.1,52.6,0.217,0.008,70.4,10,11.6,1.52,,4.21,,0.266,210,2,9650,299,,0.08,19.41,19.41,31,0.91,0.69,98.16,98.22,99.05,428,1.16,0.86
05.12.2018.,15.7,15.1,13.6,17.4,8.6,8.04,10,2.8,8.31,7.52,12.86,2.61,2.38,3.62,5.7,5.14,9.24,950,950,990,114.32,126.33,76.98,1630,24.8,84.5,5.6,81.3,0.286,67.1,49.1,0.291,0.002,89.6,10.9,30.8,1.15,,1.12,,0.137,98,2,9089,380,,0.05,14.25,14.25,23,0.97,1.16,93.37,98.48,97.96,248,2.4,0.88
06.12.2018.,15.2,14.9,12.2,19.4,8.1,8.1,1.4,2.8,8.22,7.57,12.93,2.65,2.47,3.69,5.57,5.1,9.24,970,980,990,118.9,129.46,76.57,736,5.6,592,5.6,52.2,0.359,79.6,51.6,0.431,0.003,68,10.7,30.6,1.03,,6.48,,0.26,1648,14,8868,400,,0.11,13.43,13.43,22,0.99,2.78,99.05,99.24,99.15,608,2.57,0.87
07.12.2018.,14.8,14.8,12.7,17,8.15,8.27,5.1,3.07,7.85,7.49,11.75,2.67,2.52,3.62,5.18,4.97,8.13,980,980,990,124.84,130.84,84.26,646,19.1,338,7,81.3,0.636,68.9,54.7,0.272,0.004,103,11.9,17.8,0.589,,8.14,,0.244,370,20,9927,452,,0.11,12.71,12.71,21,0.89,1.09,97.93,97.04,94.59,489,2.2,0.94
10.12.2018.,17.1,15.6,11.2,8.9,8.4,16.19,0.8,1.4,8.37,7.72,13.01,2.27,2.6,3.73,5.67,5.72,9.28,950,960,1000,113.5,124.35,76.86,657,35.8,310,16.9,57,1.08,70.5,48.5,0.273,0.006,69.8,8.49,16.7,1.23,,6.43,,0.053,844,18,9339,300,,0.19,18.14,18.14,29,0.94,2.72,94.55,94.55,97.87,1000,1.38,0.91
11.12.2018.,16.2,13.2,15.3,12.6,5.5,8.14,5.55,1.93,8.47,7.65,12.43,2.7,2.46,3.69,5.77,5.19,8.74,980,990,1000,115.7,129.41,80.45,617,38,600,16.9,39,0.775,48.8,41.5,0.168,0.016,73.9,11.9,12,1.18,,0.363,,0.174,430,80,11976,400,,0.10,14.27,14.27,23,0.73,0.72,97.18,93.84,81.40,417,1.85,0.95
13.12.2018.,18.1,17.3,17.7,16.2,8.6,7.11,4.8,1.75,7.58,6.84,11.38,2.4,2.26,3.31,5.18,4.58,8.07,960,970,990,126.65,141.81,86.99,711,24.2,611,21.3,49.2,0.41,82.6,57.4,0.164,0.008,63.2,14.1,14.8,2.11,,4.24,,0.345,,,12315,299,,0.00,18.65,18.65,30,0.71,0.00,96.51,96.60,,14.8,1.47,0.93
14.12.2018.,20,17.6,15.1,12,8,8.11,1.4,2.3,7.57,9.6,12.13,2.39,2.38,3.64,5.18,7.22,8.49,950,950,990,125.5,98.96,81.62,266,28.9,297,28.9,18.3,0.383,88.7,77.8,0.141,0.003,54,11.6,15.3,1.88,,3.65,,0.101,804,138,9920,400,,0.04,15.57,15.57,25,0.89,2.71,90.27,89.14,82.84,247,6.77,0.93
17.12.2018.,16.6,16.5,13.5,17.5,8.27,8.39,1.45,2.53,7.64,6.99,12.92,2.47,2.33,3.69,5.17,4.66,9.23,960,950,1000,125.65,135.91,77.4,492,38.1,428,36.6,33.3,2.56,81.4,77,0.191,0.01,46.4,15,14.5,2.82,,4.36,,0.136,1226,38,9825,400,,0.09,12.46,12.46,20,0.90,2.86,91.45,92.26,96.90,411,1.94,0.92
18.12.2018.,15.5,14.8,12.3,13.6,8.1,8,0.75,3.2,8.08,7.3,12.4,2.6,2.38,3.52,6.08,4.92,8.88,950,960,1000,117.57,131.51,80.65,1118,16.1,338,5.6,39.1,0.36,74.7,80.9,0.244,0.002,46.5,16.3,11.9,1.79,,4.87,,0.306,612,98,10536,400,,0.12,13.64,13.64,22,0.84,1.81,98.34,98.56,83.99,564,3.86,1.05
19.12.2018.,15.3,14.6,12.2,16.6,8.34,8.02,5.2,4.05,7.56,5.65,12.98,2.54,2.05,3.57,5.02,3.6,9.41,970,960,1000,128.31,169.91,77.04,471,20,118,11.3,11.5,0.187,73.9,65.8,0.203,0.002,67.9,14.9,12.5,1.35,,6.32,,0.146,1088,6,9082,400,,0.08,11.19,11.19,18,0.97,9.22,90.42,95.75,99.45,338,1.56,0.93
20.12.2018.,15.2,13.7,11.3,16.8,8.27,8.01,4.3,4.5,7.78,7.44,12.79,2.48,2.4,3.64,5.3,4.98,9.15,980,980,990,125.96,131.72,77.4,486,27.8,451,14.1,50.4,0.245,84.2,58.8,0.307,0.022,68.9,17,11.6,1.44,,8.54,,0.156,144,10,9416,301,,0.07,17.40,17.40,28,0.93,0.32,96.87,94.28,93.06,315,1.19,0.95
21.12.2018.,14.5,13.6,11.6,15.1,8.44,8.25,11.5,3.68,7.82,7.15,12.14,2.68,2.41,3.65,5.14,4.74,8.49,960,970,990,122.76,135.66,81.55,555,24.8,1000,25,23.7,0.598,65.1,50,0.321,0.053,69.5,20,13.1,0.988,,1.22,,0.435,230,14,9378,400,,0.04,13.56,13.56,22,0.94,0.23,97.50,95.53,93.91,184,1.51,0.9
24.12.2018.,16.1,14.3,13.3,17,7.13,7.02,1,1.9,7.46,6.83,12.85,2.35,2.17,3.69,9.16,4.66,9.16,970,960,990,130.03,140.56,77.04,591,31.1,344,14.1,42.5,0.524,73.6,49.4,0.281,0.008,66.1,15.6,12.7,1.99,,8.65,,0.347,806,18,14704,400,,0.12,12.23,12.23,20,0.60,2.34,95.90,94.74,97.77,501,2.3,1.73
25.12.2018.,15.9,14.8,13.5,16.5,8.3,8.13,12.4,2.13,7.72,6.86,12.39,2.52,2.23,3.67,5.2,4.63,8.72,980,980,990,126.94,142.86,79.9,394,3.2,259,2.8,39.4,0.009,85.4,52.9,0.168,0.014,59.4,12.8,16.9,1.66,,3.85,,0.464,926,0.9,10751,400,,0.07,12.94,12.94,21,0.82,3.58,98.92,99.19,99.90,282,1.61,0.9
26.12.2018.,14.2,15,13.4,15.8,8.1,7.9,3,1.9,7.82,7.55,12.36,2.55,2.39,3.64,5.27,5.16,8.72,960,970,990,122.76,128.48,89.1,706,25,794,2.8,20.26,0.195,77.5,53.4,0.031,0.195,91.2,7.5,7.62,2.48,,6.7,,0.129,1770,112,11369,400,,0.12,13.68,13.68,22,0.77,2.23,99.65,96.46,93.67,468,2.33,0.83
27.12.2018.,16.5,15.6,13.6,13.6,8.9,8.1,1.25,4.68,9.78,3.6,13.04,3.07,1.41,3.91,6.71,2.19,9.13,940,970,990,96.11,269.45,75.92,435,36.4,349,16.9,38.6,0.878,189,100,0.239,0.028,50.3,10,10.7,5.51,,2.84,,0.666,300,24,10159,400,,0.09,11.29,11.29,18,0.87,0.86,95.16,91.63,92.00,338,1.68,0.98
28.12.2018.,17.3,15.7,13.8,16.8,8.01,7.83,5.85,3.85,8.04,12.15,10.61,2.72,1.5,3.53,5.32,10.65,7.08,960,930,990,119.4,76.54,93.31,1167,42.7,186,0,0.796,0.629,61.9,51.1,0.165,0.048,81.7,28.2,21,6.25,,3.95,,0.326,1766,126,8986,400,,0.02,20.93,20.93,34,0.98,9.49,100.00,96.34,92.87,194,1,0.93
03.01.2019.,8.96,13.4,11.5,19.7,8.96,8.23,2.2,4.7,9.28,4.93,11.76,2.96,1.86,3.53,6.32,3.07,8.23,950,900,980,102.37,182.55,83.33,856,112,518,19.7,62.1,0.267,60,50.9,0.83,0.001,39.4,6.71,20.5,1.88,,6.9,,0.607,1902,186,8366,409,0,0.12,13.00,13.00,21,1.05,3.67,96.20,86.92,90.22,575,4.23,0.75
04.01.2019.,13.8,12.9,10.7,12.6,8.3,8,1.95,4.32,8.92,5.19,12.06,3.01,2.01,3.96,5.91,3.18,8.1,960,900,980,107.62,173.41,81.26,574,44.6,353,11.3,54.9,0.691,73.3,59.2,0.368,0.009,86.7,15.1,16.8,2.14,,6.12,,1.08,232,242,9037,400,0,0.05,12.87,12.87,21,0.97,0.66,96.80,92.23,-4.31,214,1.52,0.93
08.01.2019.,12.2,12.3,9.1,16.8,8.6,8.04,5.16,6.72,9.89,3.35,12.01,3.09,1.5,3.56,6.5,1.85,8.45,950,400,990,99.06,119.4,82.43,288,42.6,254,22.5,50.9,0.099,69,50.7,0.145,0.005,71.6,15.2,13.4,3.59,,4.98,,1.06,506,16,9082,340,0,0.06,14.27,14.27,23,0.97,1.99,91.14,85.21,96.84,225,1.18,0.89
09.01.2019.,12.1,12.3,10.5,16.2,8.3,7.94,8.95,4.85,9.66,2.73,14.66,2.79,1.12,3.48,6.87,1.61,11.18,970,950,990,100.41,347.98,67.53,1049,38.4,417,8.4,44.1,0.509,64.1,54.9,0.23,0.018,77.6,16.7,22.3,1.85,,5.44,,1.1,1712,332,10506,400,0,0.02,9.30,9.30,15,0.84,4.11,97.99,96.34,80.61,56.3,2.04,0.9
10.01.2019.,14.7,13,11.7,13.5,8.6,8.04,1.25,3.27,9.11,2.54,11.56,2.73,1.03,3.31,6.38,1.51,8.25,970,940,990,106.48,370.08,85.64,690,38.5,451,42.2,39.4,0.422,74.4,46.9,0.236,0.01,66.7,14.9,19.6,2.97,,1.58,,0.631,1428,28,9344,300,0,0.12,14.78,14.78,24,0.94,3.17,90.64,94.42,98.04,428,3.01,0.89
11.01.2019.,15.1,13.4,11.3,12.1,8.3,8.3,1.8,4.9,9.17,2.83,11.69,2.96,1.27,3.55,6.21,1.56,8.14,950,250,980,103.6,88.34,83.83,589,39.3,394,50.6,20.5,0.24,70.2,55.7,0.509,0.003,77,14.2,19.7,3.32,,2.3,,0.782,768,22,9359,400,0,0.01,11.29,11.29,18,0.94,1.95,87.16,93.33,97.14,28.2,1.17,0.93
14.01.2019.,12.4,13.3,11.9,12.9,8.04,8.03,4.05,1.6,8.99,6.26,12.35,2.83,2.2,3.62,6.16,4.06,8.73,950,930,990,105.67,148.56,80.16,1129,15.3,552,2.8,2.39,0.011,62.7,59.1,0.199,0.023,90.2,129,15.5,1.03,,7.84,,0.098,640,24,9961,400,0,0.22,13.58,13.58,22,0.88,1.16,99.49,98.64,96.25,1000,2.29,0.94
15/01/2019,20,12.9,11.4,19.9,8.09,8.08,1.6,4.4,9.42,6.92,12.05,2.9,2.32,3.53,6.52,4.6,8.52,950,910,990,100.85,131.5,82.16,318,28,254,16.9,61.5,0.244,64.6,50.9,0.117,0.032,61.8,10.9,17.8,1.13,,8.23,,0.21,1154,0,9819,400,0,0.05,14.92,14.92,24,0.90,4.54,93.35,91.19,100.00,259,1.2,0.31
16.01.2019.,14.1,13.1,11.8,18.6,8.05,8.7,5.16,3.65,9.27,6.41,12.14,2.87,2.22,3.55,6.4,4.19,8.59,950,920,990,102.48,143.53,81.55,294,28.1,338,28.1,47.2,0.331,55,53.7,0.013,0.03,50.7,12.3,10.1,1.23,,8.03,,0.434,218,174,9131,300,0,0.08,18.94,18.94,31,0.96,0.64,91.69,90.44,20.18,411,2.21,0.99
18.01.2019.,14.2,13.8,12.7,19.6,8.56,8.1,0.95,3.34,8.34,5.69,11.94,2.73,2.13,3.78,5.61,3.56,8.16,980,970,990,117.5,170.47,82.91,323,24.5,372,39.4,53.1,0.303,63.7,57.4,0.182,0.031,68.5,12.9,18.6,1.65,,8.49,,0.228,4866,128,9460,400,0,0.09,12.93,12.93,21,0.93,13.08,89.41,92.41,97.37,400,1.99,1.08
21.01.2019.,13.2,13.2,11.6,16.7,8.35,8.22,6.1,3.55,8.65,5.93,12.35,2.75,2.1,3.66,5.9,3.83,8.69,950,900,980,109.83,151.77,79.35,694,27.5,400,1000,64.6,0.223,74,51.3,0.345,0.031,91.8,13.1,18.6,1.33,,9.18,,0.087,840,40,9457,400,0,0.08,12.99,12.99,21,0.93,2.10,-150.00,96.04,95.24,361,1.83,0.88
22.01.2019.,12.3,13.3,14.4,11.4,8.8,8.2,1.55,1.88,8.83,6.2,12.45,2.81,2.2,3.69,6.02,4,8.76,960,950,990,108.72,153.22,79.52,268,26.1,321,11.3,51.3,0.553,63,52.8,0.086,0.055,75.8,12.4,10.4,1.83,,6.89,,0.234,740,20,9409,300,0,0.06,17.71,17.71,29,0.94,2.31,96.48,90.26,97.30,276,1.29,0.92
23.01.2019.,12.8,12.6,10.9,18.9,8.9,8.04,1.6,4.4,8.8,6.11,11.97,2.77,1.97,3.48,6.03,4.14,8.49,970,920,990,110.23,150.57,82.71,725,23.9,386,39.6,45.7,0.298,69.6,55.2,0.241,0.043,71.6,12.9,16.4,1.23,,9.35,,0.17,1312,6,9967,400,0,0.05,13.70,13.70,22,0.88,3.40,89.74,96.70,99.54,226,1.28,1
24.01.2019.,13.4,12.7,11.1,15.3,8.68,8,0.2,3.96,6.93,10.34,12.08,2.3,3.11,3.54,4.63,7.23,8.54,900,950,990,129.87,91.88,81.95,507,38.9,406,42.1,56.4,1.52,52.9,49,0.164,0.012,80.1,16.5,18.1,30.3,,4.3,,0.239,730,26,10227,44,0,0.05,142.96,142.96,228,0.86,1.80,89.63,92.33,96.44,246,2.51,1.02
25.01.2019.,13.5,12.3,10.5,19.3,8.95,8.81,1.3,4.58,8.68,11.62,10.87,2.84,2.07,3.47,5.84,9.55,7.4,950,930,990,109.45,80.03,91.08,830,58.4,398,45,51.6,0.275,53.6,55.1,0.121,0.016,57.2,13.6,13,2.84,,4.35,,0.192,192,0,9541,400,0,0.04,20.54,20.54,33,0.92,0.48,88.69,92.96,100.00,265,1.11,0.47
28.01.2019.,12.2,12.3,10.7,12.6,8.52,8.26,5.16,4.91,8.06,6.31,10.28,2.58,2.09,3.13,5.48,4.22,7.15,960,890,980,119.11,141.04,95.33,365,25.5,580,16.9,26.8,0.113,80.1,63.4,0.271,0.007,72.6,44.4,9.77,2.07,,7.36,,0.18,282,18,14051,300,0,0.16,20.50,20.50,33,0.63,0.49,97.09,93.01,93.62,473,1.25,0.99
29.01.2019.,15.3,12.4,11.1,19.3,8.73,8.94,14.7,4.24,7.89,5.63,10.41,2.47,1.88,3.03,5.42,3.75,7.38,900,750,980,114.07,133.21,94.14,690,34.3,400,14.1,50.9,0.909,65.2,50.2,0.192,0.004,67.1,16.9,16.9,1.99,,6.92,,0.234,1208,2,9225,300,0,0.04,19.05,19.05,31,0.95,3.02,96.48,95.03,99.83,163,1.22,0.8
30.01.2019.,20.1,12.4,11.1,0.81,9,8.63,14.7,4.24,7.98,6.53,11.44,2.44,2.03,3.28,5.54,4.5,8.16,950,940,990,119.05,143.95,86.54,543,116,304,47.8,43.8,0.388,53.6,51.6,0.211,0.014,81.7,20.7,14.3,6.53,,5.99,,0.379,570,48,10099,400,0,0.07,13.95,13.95,14,0.87,1.88,84.28,78.64,91.58,304,47.8,270
31.01.2019.,12.9,12.2,11.4,19.8,8.84,8.9,2.4,4.3,9.02,7.01,12.15,2.71,2.23,3.48,6.31,4.78,8.67,950,920,980,105.32,7.01,80.66,404,45.2,287,16.9,42.4,0.215,80,50.3,0.027,0.003,33.5,5.61,12.3,1.66,,4.32,,0.044,890,12,9466,400,0,0.04,14.51,14.51,24,0.93,3.10,94.11,88.81,98.65,214,1.11,0.79
15.04.2019.,15.3,16.2,15.3,17.3,8.41,8.58,1.4,1.1,9.35,8.35,12.11,2.72,2.48,3.28,6.63,5.87,8.83,980,960,990,104.81,114.97,81.75,1169,28.5,456,5.4,61.8,0.892,62.5,45.6,0.296,0.002,101,18.2,21.8,1.77,,0.412,,0.073,962,28,9956,400,,0.05,16.08,16.08,26,0.88,2.11,98.82,97.56,97.09,259,2.1,0.87
16.04.2019.,18.5,16.8,15.4,17.7,8.15,8.28,3.55,2.06,8.7,7.94,11.57,2.51,2.33,3.08,6.19,5.61,8.49,950,950,980,109.2,119.65,84.7,1113,34.9,468,5.6,40.5,0.775,100,65.2,0.187,0.013,79.1,15.5,14.6,0.957,,0.831,,0.134,1008,78,8514,400,,0.06,15.82,15.82,26,1.03,2.15,98.80,96.86,92.26,383,1.69,0.85
17.04.2019.,22,17.2,15.6,21.6,8.07,9.12,0.9,2.5,8.85,7.94,11.86,2.58,2.35,3.24,6.27,5.59,8.62,990,990,1000,111.86,124.68,84.32,1435,39.4,135,8.4,63.2,0.618,160,78.9,0.227,0.031,44.7,5.61,20.1,0.72,,0.86,,0.084,64,0,10872,400,,0.09,15.57,15.57,25,0.81,0.47,93.78,97.25,100.00,411,1.87,0.91
18.04.2019.,24.2,18,16.7,21.6,8.08,7.91,0.2,2.63,8.33,6.95,11.25,2.48,2.28,3.27,5.85,4.67,7.98,990,990,1000,118.85,142.45,88.89,1130,206,530,14,58.3,24.5,109,110,0.105,0.011,85.3,7.46,13.3,3.17,,0.532,,0.074,878,114,9919,400,,0.11,14.94,14.94,24,0.89,1.66,97.36,81.77,87.02,501,2.04,1.1
22.04.2019.,23.6,19.8,18,22.7,8.39,8.52,7.7,1.9,7.24,6.61,12.14,2.23,2.04,3.27,5.01,4.57,8.87,950,960,990,131.21,145.23,81.55,411,30,338,11.3,32.6,0.219,102,98.9,0.32,0.004,70.9,6.8,15.7,0.755,,0.949,,0.046,630,24,10151,400,,0.11,12.55,12.55,20,0.87,1.86,96.66,92.70,96.19,445,1.99,0.92
23.04.2019.,21.5,20.1,18.8,23.3,8.15,8.54,0.5,2.19,7.85,6.87,8.74,2.35,2.16,3.19,5.5,4.71,5.56,950,950,960,121.02,138.28,109.84,597,113,389,25.3,42.2,0.693,101,80.5,0.17,0.001,63.5,7.67,14.2,1.06,,1.02,,0.124,992,30,12570,400,,0.14,18.53,18.53,30,0.70,2.55,93.50,81.07,96.98,490,1.87,0.98
24.04.2019.,25.2,20.3,19.7,25.6,8.36,8.8,0.9,0.31,8.27,7.05,10.91,2.49,2.17,2.09,5.78,4.88,8.82,960,950,980,116.08,134.75,89.83,1154,35.5,2.3,14.1,35.3,1.73,100,98.7,0.513,0.025,64,6.82,17.6,2.8,,0.683,,0.018,188,54,9510,400,,0.08,15.45,15.45,25,0.93,81.74,-513.04,96.92,71.28,406,1.44,0.89
25.04.2019.,26.1,21,19.8,24.1,7.85,8.23,1.9,0.6,8.33,7.26,11.7,2.47,2.26,3.24,5.86,5,8.46,950,950,990,114.05,130.85,83.76,1144,30.1,541,36.6,53.9,0.583,88.2,55,0.607,0.001,75.5,8.44,18.9,0.202,,1.22,,0.064,1260,14,9282,400,,0.09,14.66,14.66,24,0.95,2.33,93.23,97.37,98.89,451,1.94,1.07
30.04.2019.,19.6,17.6,16.7,19.1,8.49,8.42,1.7,0.5,7.02,6.24,15.96,2.07,1.88,3.03,4.95,4.36,12.93,950,950,990,135.33,152.24,62.03,1108,41.4,84.5,19.7,49.3,51.4,42.1,39.2,0.225,0.014,86.1,8.27,15.9,0.48,,1.23,,0.542,1776,28,12944,480,,0.05,7.62,7.62,12,0.68,21.02,76.69,96.26,98.42,152,5.12,0.96
03.05.2019.,24.4,17.8,17,24.6,8.83,8.8,3.2,1.9,7.57,6.99,10.96,2.36,2.15,2.67,5.21,4.84,8.29,950,950,980,125.49,135.91,89.42,2915,10,592,0,89.7,0.274,67.8,44,0.405,0.002,106,7.27,33.7,0.501,,1.85,,0.078,1572,18,13149,400,,0.17,14.61,14.61,24,0.67,2.66,100.00,99.66,98.85,580,2.64,0.81
06.05.2019.,18.2,18.3,18.3,23.4,8.86,8.67,1.35,1.24,7.02,5.9,10.04,1.97,1.78,2.67,5.23,4.12,7.37,960,970,980,136.75,164.41,97.61,1105,31.6,,33.8,25.7,6.3,45.3,31.1,0.26,0.005,51.2,11.6,15.3,3.63,,0.402,,0.01,936,12,12639,400,,0.10,14.16,14.16,23,0.70,,,97.14,98.72,315,0.96,0.68
07.05.2019.,23.6,17.1,17.3,24.4,8.1,9.26,5.4,1.55,7.54,6.83,9.78,2.13,1.97,2.63,5.41,4.86,7.15,950,950,980,125.99,139.09,100.2,1202,32.5,,16.9,45,5.98,50.2,29.5,0.105,0.002,59.6,6.71,17.8,0.363,,2.39,,0.101,800,26,9115,400,,0.09,16.16,16.16,26,0.97,,,97.30,96.75,451,2.21,0.63
08.05.2019.,22,17.3,18.1,21.2,8.65,8.5,5.19,3.55,7.22,6.97,10.87,2.02,2.05,2.91,5.2,4.92,7.96,950,950,990,131.58,136.3,91.08,1215,25.1,524,11.3,58,0.082,58.9,36.2,0.13,0.005,78.1,8.65,14.4,0.447,,3.73,,0.381,762,6,7344,400,,0.07,14.36,14.36,23,1.20,1.45,97.84,97.93,99.21,445,2.08,0.82
09.05.2019.,21.6,17.8,16.5,20.4,8.68,8.25,3.05,2.5,7.51,7.17,10.58,2.17,2.11,2.85,5.34,5.06,7.73,960,970,990,127.83,135.29,93.57,695,18.5,496,5.6,56.4,0.363,57.5,44.3,0.065,0.001,125,7.65,11,0.971,,3.06,,0.214,812,2,11649,400,,0.11,15.26,15.26,25,0.76,1.64,98.87,97.34,99.75,417,1.91,0.81
10.05.2019.,23.1,17.6,16.8,22.8,8.97,8.96,1.2,1.06,7.87,6.48,9.3,2.3,2.05,2.73,5.57,4.43,6.57,930,940,980,118.17,145.06,105.38,762,33.5,356,34,66.3,2.95,53.3,42.1,0.056,0.009,88.3,10.2,9.6,0.809,,0.942,,0.204,2432,36,8862,430,,0.07,15.79,15.79,26,0.99,6.83,90.45,95.60,98.52,370,2.04,0.81
13.05.2019.,19.4,19.7,18.8,20,7.6,8.31,3.15,1.02,7.94,7.16,10.93,2.36,2.16,3.04,5.58,5,7.89,950,950,990,119.65,132.68,90.58,1270,33.8,607,10,21.4,0.351,44.2,33.9,0.094,0.001,47.8,6.97,22.1,1.34,,1.04,,0.13,2330,20,17981,400,,0.20,15.20,15.20,25,0.49,3.84,98.35,97.34,99.14,507,1.29,0.89
14.05.2019.,21.8,17.1,16.4,21.3,8.75,8.59,2.14,2.53,6.15,5.35,10.78,1.72,1.6,2.76,4.43,3.75,8.02,900,900,980,146.34,168.22,90.91,1194,33.6,366,22.5,28.3,1.32,37.8,35.2,0.124,0.01,53,10.4,12,0.815,,2.19,,0.402,626,4,19389,400,,0.15,11.73,11.73,19,0.45,1.71,93.85,97.19,99.36,270,1.31,0.66
15.05.2019.,17.6,15,14.8,19.8,7.74,8.12,2.8,4.2,5.19,4.31,9.81,1.44,1.21,2.53,3.75,3.1,7.28,940,950,970,181.12,220.42,98.88,1078,70,265,25.3,14.6,1.44,27.1,23,0.018,0.003,36.9,12.7,9.15,0.29,,2.48,,0.547,916,34,16854,301,,0.21,14.16,14.16,23,0.52,3.46,90.45,93.51,96.29,383,1.06,0.57
"16.05.2019,.",23.1,5.15,15,25.4,7.47,8.17,2.5,16.5,4.94,4.41,10.25,1.43,1.31,2.57,3.51,3.1,7.68,930,940,960,188.26,213.16,93.66,1322,17.7,738,22.5,21.7,0.236,34.5,29,0.046,0.001,46.5,14.7,15.8,7.57,,7.57,,6.43,2600,48,7455,400,,0.12,10.03,10.03,16,1.18,3.52,96.95,98.66,98.15,479,1.31,0.59
17.05.2019.,21.1,17.1,15.7,20.7,9.2,8.6,11.6,4.4,2.95,2.89,5.43,1.12,1.07,1.58,1.83,1.82,3.85,950,950,970,322.03,328.72,178.64,687,30.9,248,14.1,57.7,0.579,48.7,37.5,0.045,0.018,91.2,14.4,16.7,0.762,,7.98,,0.106,64,54,7422,400,,0.28,11.83,11.83,19,1.19,0.26,94.31,95.50,15.63,597,2.02,0.7
20.05.2019.,21.8,18.6,18.1,21.7,8.27,8.21,1.85,0.4,1.65,7.19,11.76,0.69,2.13,3.16,0.96,5.06,8.6,120,990,990,72.73,137.69,84.18,1110,54.2,552,81.6,18.7,2.68,39.2,40.3,0.164,0.013,32,18.3,16.3,7.21,,0.113,,0.033,690,38,7705,400,,0.13,8.27,8.27,13,1.14,1.25,85.22,95.12,94.49,439,1.19,0.77
21.05.2019.,20.7,,17.7,20.9,7.78,8.21,,0.4,1.63,7.23,9.7,0.74,2.07,2.65,0.62,5.16,7.05,100,980,990,61.35,13.55,125.32,1292,45.7,648,61.9,29.7,3.29,44,39.9,0.315,0.039,62,26.4,26.2,4.09,,0.673,,0.029,2880,2,7815,400,,0.15,10.05,10.05,16,1.13,4.44,90.45,96.46,99.93,479,1.19,0.8
22.05.2019.,21.7,19.1,18.1,21.4,8.24,8.6,10.45,0.69,1.92,6.34,9.85,0.9,1.92,2.7,1.02,4.42,7.15,100,950,990,0.52,149.84,100.51,69.3,60.8,445,98.5,44.2,2.93,47.8,42.5,0.101,0.029,84.8,28.7,16.7,6.44,,0.152,,0.308,772,42,10011,400,,0.22,9.22,9.22,15,0.88,1.73,77.87,12.27,94.56,518,2.43,0.91
23.05.2019.,20,,18.9,20.1,8.9,8.36,,0.5,,7.13,9.49,,2.1,2.61,,5.03,6.88,,950,990,,133.24,104.32,540,80.4,310,56.3,61.6,1.97,47.8,40.5,0.02,0.029,76.2,29.2,17.8,5.27,,0.024,,0.045,1388,44,9581,400,,0.17,8.26,8.26,13,0.92,4.48,81.84,85.11,96.83,383,1.2,0.84
24.05.2019.,20.1,,18.3,22,8.68,8.31,,0.99,,6.69,9.79,,2.1,2.81,,4.59,6.98,,950,990,,142,101.12,422,75.7,367,10.2,69.4,0.069,52.1,48.4,0.051,0.101,104,37.3,20.7,3.67,,0.044,,0.053,2080,32,7913,400,,0.11,7.52,7.52,12,1.11,5.67,97.22,82.06,98.46,269,1.8,0.93
27.05.2019.,21.1,,19.6,20.3,9,8.6,,0.4,,7.1,11.95,,2.05,3.17,,5.05,8.78,,940,980,,132.39,82.01,1854,164,586,81.6,70.3,0.206,53.7,52.4,0.165,0.064,137,56.5,24,9.32,,0.071,,0.022,1774,20,8036,400,,0.13,6.54,6.54,11,1.10,3.03,86.08,91.15,98.87,366,1.29,1.01
28.05.2019.,22.4,,19.6,22.1,8.22,8.16,,0.4,,8.09,11.46,,2.19,2.92,,5.9,8.54,,980,1000,,121.14,87.26,1131,95.9,439,64.7,73.9,0.679,44,38.7,0.1,0.037,100,66,17.8,8.3,,0.404,,0.049,1788,10,7836,400,,0.19,7.77,7.77,13,1.12,4.07,85.26,91.52,99.44,631,1.47,0.95
29.05.2019.,26.1,,20,25.6,8.2,8.19,,0.24,,8.69,11.58,,2.4,3.03,,6.29,8.55,,980,990,,112.77,85.49,1213,88.8,727,59.1,57.8,0.626,52.1,48.5,0.168,0.045,66.7,59.2,18.5,8.45,,0.065,,0.017,2810,42,9074,401,,0.21,8.23,8.23,13,0.97,3.87,91.87,92.68,98.51,653,2.31,0.98
30.05.2019.,22.8,,20.1,22.8,8.2,8.23,,0.23,,8.92,12.24,,2.34,3.12,,6.58,9.12,,950,980,,106.5,80.06,1104,90,366,53.5,69.7,0.834,40.1,39.8,0.073,0.044,98.2,52.7,14.9,11.6,,0.508,,0.076,1182,36,9724,400,,0.19,8.02,8.02,13,0.90,3.23,85.38,91.85,96.95,552,2.87,1.07
31.05.2019.,19.8,,19.2,21.1,8.33,8.29,,0.25,,7.5,11.57,,2.14,3.07,,5.36,8.5,,950,970,,126.67,83.84,1103,107,189,107,57.9,0.695,34.9,38.3,0.127,0.082,74.1,50,13.7,7.96,,0.002,,0.034,1052,28,20814,400,,0.26,7.13,7.13,12,0.42,5.57,43.39,90.30,97.34,300,1.37,1.01
03.06.2019.,22,0,18,22.7,8.44,8.12,0,0.3,0,6.99,12.15,0,1.88,2.95,0,5.11,9.2,0,900,990,0,128.76,81.48,82.9,1.98,462,39.4,49,2.33,39.2,41.7,0.114,0.095,82.6,38.6,11.1,38.6,,0.212,,0.072,430,2,8180,400,,0.17,6.33,6.33,10,1.08,0.93,91.47,97.61,99.53,479,1.3,0.75
04.06.2019.,23.4,0,20.6,23.1,7.76,8.16,0,0.3,0,6.68,12.04,0,1.78,2.98,0,4.9,9.06,0,960,990,0,143.71,82.22,1172,93,744,115,57,1.19,51,50.2,0.027,0.037,103,43.9,17.4,2.69,,0.841,,0.382,2664,14,8100,400,,0.21,6.10,6.10,10,1.09,3.58,84.54,92.06,99.47,546,1.38,0.81
05.06.2019.,21,0,20.6,20.6,8.11,8,0,0.3,0,7.78,12.46,0,2.03,3.03,0,5.75,9.43,0,950,990,0,122.11,79.45,1200,78.7,383,135,60.6,0.95,46.3,45.6,0.11,0.06,88.3,41.2,14.1,2.67,,0.371,,0.069,1942,56,8687,400,,0.19,6.87,6.87,11,1.01,5.07,64.75,93.44,97.12,546,2.66,1.19
06.06.2019.,22.6,0,0.43,22.6,8.25,8.2,0,0.43,0,7.51,12.56,0,2.1,3.17,0,5.41,9.39,0,950,990,0,126.5,78.82,1123,77.8,372,64.7,3.03,1,43.9,42.1,0.005,0.001,98.9,51,11.3,2.09,,2.14,,0.192,1194,8,8637,400,,0.23,6.58,6.58,11,1.02,3.21,82.61,93.07,99.33,625,2.25,0.91
07.06.2019.,25.1,0,21,25.6,8.46,8.13,0,0.35,0,7.32,10.6,0,2.11,2.9,0,5.21,7.7,0,950,990,0,129.78,93.4,950,77,489,109,56.4,0.976,54,45.7,0.11,0.035,74.3,39.7,10.2,2.28,,0.125,,0.521,684,10,6601,400,,0.09,7.60,7.60,12,1.33,1.40,77.71,91.89,98.54,307,2.82,0.8
10.06.2019.,20.7,,22.2,25.9,7.67,8.15,,0.23,,7.57,12.7,,2.06,3.12,,5.51,9.58,,950,990,,125.5,77.95,1116,105,592,90,24,0.722,45.9,45.5,0.117,0.056,78.5,57.7,14.7,10.6,,1.1,,0.131,1152,20,9839,311,,0.23,8.43,8.43,14,0.89,1.95,84.80,90.59,98.26,558,2.08,0.96
11.06.2019.,25.2,,22.2,25.1,7.89,8.21,,0.19,,6.16,12.96,,1.78,3.08,,4.38,9.88,,950,990,,154.22,76.39,1136,120,552,76,61.7,0.824,57.5,46.4,0.215,0.123,102,49.2,24.6,12.2,,0.022,,0.064,830,12,9132,400,,0.21,5.23,5.23,8,0.96,1.50,86.23,89.44,98.55,439,1.34,0.98
12.06.2019.,24.9,,22.3,24.5,7.63,8.1,,0.3,,6.36,13.14,,1.67,3.05,,4.69,10.09,,950,990,,149.37,75.34,1227,114,693,73.2,62.9,0.77,82.6,54.4,0.114,0.099,118,54.6,14.7,8.36,,2.82,,0.068,1300,42,11137,400,,0.31,5.32,5.32,9,0.79,1.88,89.44,90.71,96.77,569,2.44,1.03
13.06.2019.,24.2,,23.1,25.6,8.4,8.63,,0.9,,6.43,12.73,,1.77,3.02,,4.66,9.71,,900,980,,139.97,76.98,1000,181,603,169,35.2,0.457,82.7,80.6,0.117,0.076,34.9,27.7,11.4,6.78,,1.21,,0.043,1362,766,10961,400,,0.25,5.56,5.56,9,0.80,2.26,71.97,81.90,43.76,473,1.65,1.08
14.06.2019.,24.8,,23.5,25.2,8.17,8.43,,0.35,,5.29,11.41,,1.62,2.97,,3.67,8.44,,960,990,,181.47,86.76,946,156,592,98,56.5,1.07,115,78.8,0.099,0.082,75.9,41.2,11.2,6.92,,1.3,,0.054,286,106,10079,400,,0.30,5.10,5.10,8,0.87,0.48,83.45,83.51,62.94,480,1.64,1.04
17.06.2019.,24.9,,24.1,25.4,8.34,8.21,,0.14,,6.46,11.9,,1.72,3.4,,4.74,8.5,,950,990,,147.06,83.19,615,131,787,92.8,51.4,1.18,103,104,0.111,0.094,69,44.4,7.44,5.12,,1.32,,0.047,164,44,10302,400,,0.22,5.97,5.97,10,0.85,0.21,88.21,78.70,73.17,439,1.59,0.95
18.06.2019.,25.6,,23.2,25.1,9,8.97,,0.14,,6.62,12.41,,1.75,2.97,,4.87,9.44,,950,980,,143.5,78.97,606,131,338,87.2,54.7,1.17,50.7,92.2,0.077,0.037,58.4,39.7,6.83,4.68,,1.46,,0.031,288,24,9670,400,,0.18,5.87,5.87,10,0.91,0.85,74.20,78.38,91.67,389,1.39,0.93
19.06.2019.,24.2,,23,24,8.06,8.14,,0.4,,6.62,11.84,,1.73,2.85,,4.89,8.99,,960,990,,145.02,83.61,1021,113,84.5,2.8,108,1.18,52.1,58.4,0.263,0.069,150,40.3,6.11,4.7,,1.81,,0.028,3070,78,10050,400,,0.17,6.15,6.15,10,0.88,36.33,96.69,88.93,97.46,372,2.32,0.89
20.06.2019.,24.3,,23.1,24.3,8.22,8.47,,0.02,,7.41,13.22,,1.88,3.11,,5.53,10.11,,940,980,,126.86,74.13,588,114,377,67.5,49.9,0.589,114,63,0.087,0.096,64.4,42.5,10.1,1.52,,0.051,,0.013,534,88,11524,300,,0.24,8.22,8.22,13,0.76,1.42,82.10,80.61,83.52,513,2.73,1.25
21.06.2019.,24.4,,23.5,24.8,8.02,8.4,,0.01,,6.68,1.63,,1.85,3.05,,4.83,8.58,,940,980,,140.72,84.26,1258,116,639,57,49,0.988,118,76.9,0.361,0.068,75,42.3,14.8,6.65,,0.179,,1.52,394,652,10382,200,,0.25,90.16,90.16,142,0.85,0.62,91.08,90.78,-65.48,514,1.4,0.94
24.06.2019.,23.5,,23.1,23.9,8.23,8.09,,0.02,,6.47,12.14,,1.74,2.96,,4.73,9.18,,940,990,,145.29,81.55,534,140,462,166,48.7,1.61,49.1,75.1,0.092,0.069,51,42.2,7.17,5.34,,0.18,,0.047,592,46,15168,0,,0.27,,,3719,0.58,1.28,64.07,73.78,92.23,366,1.22,0.82
25.06.2019.,24.8,,22.9,24.8,8.18,8.15,,0.25,,6.3,12.84,,1.67,3,,4.63,9.84,,950,990,,150.79,77.1,472,92,434,129,31.4,2.68,73.8,55,0.094,0.049,42.5,30.5,6.12,1.52,,0.396,,0.069,103,40,9612,400,,0.16,5.40,5.40,9,0.92,0.24,70.28,80.51,61.17,332,1.14,0.64
27.06.2019.,25.8,,24,25.9,7.46,8.14,,0.1,,7.51,12.69,,2.01,3.15,,5.5,9.54,,970,990,,129.16,78.01,1186,91.1,1000,59.1,37.6,2.2,41.8,60,0.032,0.049,53.9,39.7,10.1,1.19,,0.556,,0.047,2962,14,8414,400,,0.23,6.51,6.51,11,1.05,2.96,94.09,92.32,99.53,659,1.69,0.91
28.06.2019.,25,,23.5,24.6,7.38,8.21,,0.06,,7.28,12.44,,1.9,3.18,,5.38,9.26,,960,990,,131.87,79.58,1256,99,682,56.3,41.2,1.04,55.4,42.3,0.056,0.033,54.2,44.1,12.7,2.8,,3.38,,0.165,3730,72,8375,300,,0.18,8.58,8.58,14,1.05,5.47,91.74,92.12,98.07,507,1.48,0.86
02.07.2019.,26.6,,23.4,26.5,8.27,8.1,,0.91,,,,,,,,,,,990,1000,,,,978,130,192,0,50.8,0.906,45.5,50.8,0.129,0.193,68.4,53.9,10.2,8.36,,1.06,,0.09,,,10591,400,,,,,,0.83,0.00,100.00,86.71,,,,
05.07.2019.,23.7,,22,24.1,7.56,8.2,,0,,,,,,,,,,,990,1000,,,,4152,150,750,155,29.9,1.01,30.3,42.4,0.206,0.195,66.9,42.7,12.9,6.62,,0.787,,0.059,,,8144,400,,,,,,1.08,0.00,79.33,96.39,,721,,
08.07.2019.,24.2,,22.3,23.8,7.49,8.13,,0,,6.87,13.18,,1.68,3.11,,5.19,10.07,,950,990,,138.28,75.11,1241,16,783,84.4,33.7,0.897,23.8,16.7,0.031,0.08,68.8,47.6,15.3,7.55,,1.01,,0.004,2044,70,9270,400,,0.22,5.73,5.73,9,0.95,2.61,89.22,98.71,96.58,552,1.48,0.92
09.07.2019.,23.3,,21.9,23.5,7.43,8.06,,0,,6.85,13.18,,1.77,2.99,,5.08,10.19,,960,990,,140.15,75.11,1209,157,783,78.8,36.6,0.671,27.6,23.3,0.081,0.026,58,43.7,12.9,6.86,,1.32,,0.119,2240,70,7775,400,,0.13,5.72,5.72,9,1.13,2.86,89.94,87.01,96.88,372,1.08,0.92
10.07.2019.,22.2,,21,22.3,7.52,8.08,,0,,7.69,13.29,,1.88,2.93,,5.81,10.36,,950,990,,123.54,74.49,1601,149,659,87.2,38.8,0.868,29.5,21.5,0.032,0.094,66,40.1,12.1,6.19,,0.523,,0.162,2554,10,7632,400,,0.11,6.36,6.36,10,1.15,3.88,86.77,90.69,99.61,361,1.77,0.91
11.07.2019.,22.2,,20.8,21.7,7.45,8.1,,0,,8.11,13.94,,2.1,3.25,,6.01,10.69,,980,990,,120.84,71.02,1360,166,502,76,42.8,0.513,41.3,37.4,0.155,0.143,73.3,49.7,13.3,6.15,,0.295,,0.085,2866,36,7277,300,,0.10,8.53,8.53,14,1.21,5.71,84.86,87.79,98.74,361,1.48,0.98
12.07.2019.,21.9,,20.9,22.1,7.31,8.1,,0,,2.16,13.8,,2.16,3.39,,6.28,10.43,,980,990,,116.11,71.63,1376,160,715,82,46.3,0.527,26.3,25.7,0.74,0.072,83.3,52.2,13.9,4.54,,0.312,,0.02,5312,56,11137,400,,0.21,1.72,1.72,3,0.79,7.43,88.53,88.37,98.95,530,1.45,1.02
15.07.2019.,22.4,,20.8,22.4,8.32,8.31,,0,,8.94,14.44,,2.3,3.44,,6.64,11,,950,980,,106.26,67.87,562,175,383,87.2,41.1,0.257,38.2,35.9,0.065,0.119,45.6,51.2,6.63,6.96,,0.611,,0.062,418,58,8859,400,,0.18,6.81,6.81,11,0.99,1.09,77.23,68.86,86.12,603,2.69,1.08
16.07.2019.,23.1,,20.8,21.6,8.45,8.21,,0,,9.41,15.18,,2.41,3.6,,7,11.58,,960,990,,102.2,65.22,1093,170,451,78.8,49.8,0.563,44.6,43.8,0.071,0.122,111,51,9.18,5.71,,0.58,,0.028,668,38,9743,387,,0.18,7.05,7.05,11,0.90,1.48,82.53,84.45,94.31,569,1.43,1.02
17.07.2019.,22.9,,24.1,23.1,7.9,8.39,,0.14,,9.2,14.47,,2.37,3.42,,6.83,11.05,,910,990,,98.91,68.42,1195,1.71,670,84.4,60.6,0.55,38.5,37.9,0.05,0.058,68.1,49,13.3,7.54,,0.387,,0.14,2714,96,10302,400,,0.25,6.99,6.99,11,0.85,4.05,87.40,99.86,96.46,721,2.68,0.9
18.07.2019.,23.3,,21.2,22.8,8.16,8.21,,0,,9.11,13.78,,2.24,3.22,,6.87,10.56,,960,990,,105.38,71.84,1153,178,377,59.1,69.7,0.313,40.7,31.9,0.126,0.087,93.3,47.9,14.8,7.2,,0.38,,0.1,1548,92,7144,400,,0.11,7.27,7.27,12,1.23,4.11,84.32,84.56,94.06,451,2.21,1.11
19.07.2019.,24.2,,22,24.1,8.3,8.3,,0,,7.89,13.02,,2.11,3.23,,5.78,9.79,,950,980,,120.41,75.27,539,175,451,86,61,0.89,49.6,38.3,0.13,0.099,61.9,48.5,11,7.32,,0.664,,0.129,760,52,3662,400,,0.06,6.67,6.67,11,2.40,1.69,80.93,67.53,93.16,425,2.91,1.03
22.07.2019.,25.8,,23.4,25.9,8.06,8.35,,1.9,4.82,11.07,14.52,1.43,2.71,3.41,3.39,8.36,11.11,910,940,980,188.7,84.91,67.49,1043,181,608,127,62.4,76.2,56.9,76.2,0.193,0.08,77,42.3,9.66,1.05,,0.54,,0.133,720,800,8594,304,,0.11,15.84,15.84,26,1.02,1.18,79.11,82.65,-11.11,665,3.35,1
23.07.2019.,23.1,24.3,22.9,21.3,8.3,8.1,5.16,0.77,8.6,7.97,15.03,2.23,2.11,3.55,6.37,5.86,11.48,950,970,990,110.47,121.71,65.87,1106,120,400,110,2,1.12,44,67,0.05,0.008,70.3,40.8,8.63,1.1,,0.45,,0.134,620,10,8264,400,,0.11,12.13,12.13,20,1.06,1.55,72.50,89.15,98.39,699,2.32,0.99
24.07.2019.,24.7,24.1,22.8,24.2,8.2,8.22,4.8,1.23,10.18,9.37,15.12,2.61,2.47,3.69,7.57,6.9,11.43,950,960,990,93.32,102.45,65.48,703,99.8,265,47.8,70.4,1.06,42.5,58.9,0.132,0.045,91.9,39,9.92,0.697,,0.782,,0.13,958,20,8507,400,,0.08,14.22,14.22,23,1.03,3.62,81.96,85.80,97.91,625,2.43,0.97
25.07.2019.,26.8,24.5,23,56.8,8.13,8.18,5.7,0.32,6.41,8.07,14.98,2.29,2.2,3.56,4.12,5.87,11.42,930,950,990,145.09,117.72,66.09,607,101,417,78.8,75.6,0.954,45.5,58.7,0.18,0.054,78.7,48,12.1,1.66,,0.832,,0.174,1180,10,7440,400,,0.12,10.63,10.63,17,1.18,2.83,81.10,83.36,99.15,693,2.79,0.97
26.07.2019.,25.9,24.6,23.3,25.2,8.18,8.14,4.25,0.2,7.87,7.46,13.82,2.35,2.23,3.69,5.52,5.23,10.13,950,950,980,120.71,127.35,70.91,1119,85.6,521,108,118,0.152,53.8,52.5,0.195,0.054,173,41.9,21.6,1.41,,0.793,,0.118,2532,24,8527,358,,0.11,13.63,13.63,22,1.03,4.86,79.27,92.35,99.05,620,3.68,0.93
29.07.2019.,23,24.9,23.4,23.3,8.16,8.3,3.45,0.51,7.6,7.22,12.94,2,1.92,3.12,5.6,5.3,9.82,920,920,980,121.05,127.42,75.73,787,56.5,648,163,6.76,1.06,40.8,44.4,0.11,0.013,77.1,46.6,11.9,2.13,,1.13,,0.089,2208,2,12355,400,,0.13,12.60,12.60,20,0.71,3.41,74.85,92.82,99.91,524,2.37,0.91
30.07.2019.,24.7,24.5,22.9,24.6,8.07,8.21,5.9,1.4,4.44,5.75,13.25,1.73,1.62,3.24,2.71,4.13,10.01,950,950,980,213.96,165.22,73.96,681,67.3,366,33.8,50.8,0.992,42.8,39.7,0.086,0.016,64.5,36.2,8.66,1.01,,0.133,,54,548,54,9665,400,,0.18,8.46,8.46,14,0.91,1.50,90.77,90.12,90.15,563,3.3,0.79
31.07.2019.,26.5,25.5,23.7,26,8.06,8.18,3.9,0.5,6.91,5.91,12.09,1.91,1.65,3.04,5,4.26,9.05,950,960,990,137.48,162.44,81.89,544,38.5,327,67.5,51.9,1.5,47.1,47.3,0.073,0.07,59.6,38.1,10.6,1.47,,0.199,,0.037,1098,0,8362,400,,0.13,11.66,11.66,19,1.05,3.36,79.36,92.92,100.00,614,3.14,0.82
01.08.2019.,25.2,27.1,23.7,25.2,7.87,8.22,3.6,1.43,7.77,8.67,12.01,2.1,2.35,3.04,5.67,6.32,8.97,900,920,950,115.83,106.11,79.1,892,56.9,625,14.1,74.6,0.421,31.6,50,0.194,0.01,83.3,35.8,14.1,1.92,,0.625,,0.041,1602,658,8320,400,,0.09,15.06,15.06,24,1.06,2.56,97.74,93.62,58.93,552,2.51,0.84
02.08.2019.,26.3,27.2,23.4,25.9,7.96,8.22,4.95,1.58,5.1,6.58,6.85,1.66,1.96,1.95,3.44,4.62,4.9,600,850,850,117.65,129.18,124.09,1188,50.3,535,10.1,1.03,1.03,48,50.5,0.048,0.021,73.3,38.1,12,2.69,,0.294,,0.08,1876,6,7277,400,,0.14,18.76,18.76,30,1.21,3.51,98.11,95.77,99.68,699,2.74,0.93
05.08.2019.,24.7,26.5,21.4,24.3,7.9,8.21,5.9,2.59,5.29,4.16,6.96,1.51,1.24,1.87,3.78,2.92,5.09,560,500,910,105.86,120.19,130.75,1168,55.8,665,127,59.3,1.14,50.1,42.3,0.225,0.011,89.6,39.6,17,1.48,,0.831,,0.288,1664,30,10369,400,,0.17,14.94,14.94,24,0.85,2.50,80.90,95.22,98.20,490,1.51,0.84
06.08.2019.,24.7,26.4,21.8,24.2,8,8.29,6.7,3.04,4.33,4.46,23.65,1.35,1.38,5.37,2.98,3.08,18.28,400,400,1000,92.38,89.69,42.28,662,57.6,445,76,36.4,1.13,91.7,44.5,0.109,0.005,68.7,33.5,11.4,0.318,,0.296,,0.086,1152,6,9932,400,,0.15,4.09,4.09,7,0.89,2.59,82.92,91.30,99.48,400,1.43,0.83
07.08.2019.,26.1,27.5,24.2,24.9,7.89,8.17,0.85,0.5,8.46,7.13,14,2.27,2.06,3.38,6.19,9.06,10.62,950,910,980,112.29,127.63,70,1160,55.3,546,61.9,64.2,1.01,103,87,0.034,0.029,87.6,35,11.2,0.573,,1.24,,0.036,1518,58,10494,400,,0.12,12.25,12.25,20,0.84,2.78,88.66,95.23,96.18,755,2.15,0.92
08.08.2019.,26,28.7,24.3,25.9,7.79,8.35,3.25,0.29,7.95,7.31,14.48,3.82,2.08,3.59,4.13,5.23,10.89,900,910,990,113.21,124.49,68.37,912,62.2,738,101,44.6,0.623,95.7,106,0.145,0.046,54.9,28.8,10,0.848,,0.201,,0.11,1038,0,13120,400,,0.17,11.59,11.59,19,0.67,1.41,86.31,93.18,100.00,518,1.72,0.97
09.08.2019.,25.4,29.1,23.5,25.2,7.86,8.2,3.1,0.14,6.09,5.87,13.98,1.84,1.84,3.59,4.25,4.03,10.39,900,920,990,147.78,156.73,70.81,1149,63.9,382,161,52.2,1.67,62.8,86.8,0.154,0.046,77.7,23.5,10.8,3.07,,0.518,,0.064,1382,50,9930,400,,0.14,9.41,9.41,15,0.89,3.62,57.85,94.44,96.38,526,1.07,0.93
12.08.2019.,26.6,29.8,25,26.3,7.84,8.11,1.85,0.27,8.44,7.94,13.6,2.31,2.18,3.43,6.13,5.76,10.17,900,950,990,106.63,119.65,72.79,3173,46.1,603,56.3,49.8,16.9,121,104,0.111,0.013,62.1,16.9,12.6,0.608,,0.746,,0.466,1816,30,10142,400,,0.09,13.25,13.25,21,0.87,3.01,90.66,98.55,98.35,462,1.84,0.97
13.08.2019.,25.8,30.1,24.9,26.2,7.97,8.42,1.95,0.4,9.6,8.68,14.92,2.48,2.36,3.63,7.12,6.32,11.29,920,950,990,95.83,109.45,66.35,1230,39.4,727,61.9,77.1,3.3,95.9,117,0.306,0.006,121,17.9,16.3,0.549,,1.29,,0.766,1836,46,11832,400,,0.08,13.48,13.48,22,0.74,2.53,91.49,96.80,97.49,383,1.58,0.98
14.08.2019.,25.2,28.4,24.1,25.5,8.05,8.32,2.9,0.13,10.37,9.78,15.15,2.77,2.61,3.69,7.6,7.17,11.46,900,900,980,86.79,92.02,64.69,1382,52.4,546,53.5,36.2,91.8,48.6,14.2,0.071,0.03,28.2,14.8,9.59,0.616,,0.204,,0.361,974,44,13792,397,,0.10,14.74,14.74,24,0.64,1.78,90.20,96.21,95.48,490,2013,0.91
15.08.2019.,25.4,28.1,22.3,24.4,8.06,8.29,3.5,2.25,8.19,7.78,14.64,2.22,2.14,3.55,5.97,5.64,11.09,920,950,990,112.33,122.11,67.62,1214,63.4,560,48,78.4,3.11,68.4,76.8,0.099,0.003,121,11.1,16.4,0.461,,0.534,,0.31,2620,10,10002,250,,0.09,19.20,19.20,31,0.88,4.68,91.43,94.78,99.62,480,3.33,0.82
16.08.2019.,23.8,27.1,21.8,23.1,8.26,8.31,0.8,0.35,9.6,8.57,14.46,2.72,2.42,3.81,6.88,6.15,10.65,920,950,980,95.83,110.85,67.77,589,41.3,245,8,61.2,0.382,59.3,57.4,0.077,0.017,71.2,11.6,9.81,11.6,,0.422,,0.273,1102,48,9348,400,,0.01,13.82,13.82,22,0.94,4.50,96.73,92.99,95.64,36,1.26,0.84
19.08.2019.,24.7,25,22.3,23.8,7.71,8.27,0.85,0.3,7.92,7.2,13.74,2.21,1.97,3.38,5.71,5.23,10.36,850,950,990,107.32,131.94,72.05,2184,45.4,1000,53.5,89.4,2.61,28.8,44.3,0.035,0.014,125,19.2,19.8,4.43,,0.759,,0.179,6304,46,8533,354,,0.11,13.68,13.68,22,1.03,6.30,94.65,97.92,99.27,631,1.72,0.89
20.08.2019.,24.8,27.9,22.7,24.3,7.65,8.2,2.7,0.5,8.77,8.03,14.13,2.33,2.18,3.49,6.44,5.85,10.64,940,960,990,107.18,119.55,70.06,1196,36.5,732,59.1,28.3,2.61,45.1,41.7,0.102,0.005,74.1,19.6,11.6,2.26,,0.723,,0.551,1748,20,8889,400,,0.08,13.08,13.08,21,0.99,2.39,91.93,96.95,98.86,501,1.57,0.93
21.08.2019.,24.9,28.7,23.1,24.9,7.75,8.21,1.7,0.19,9.74,9,14.18,2.66,2.43,3.52,7.08,6.57,10.66,900,950,990,92.4,105.55,69.82,1144,45.4,558,70.3,20.5,3.25,40.7,47.3,0.032,0.007,46.4,12.1,8.69,1.8,,0.711,,0.249,1206,4,10039,300,,0.11,19.38,19.38,31,0.88,2.16,87.40,96.03,99.67,659,3.46,0.88
22.08.2019.,24.9,28.7,22.8,24.8,7.87,8.19,2.3,0.3,9.56,8.5,14.21,2.6,2.37,3.58,6.96,6.13,11.84,950,950,990,99.37,111.76,69.67,1214,41.1,653,56.3,69.7,2.86,57,49.5,0.188,0.011,107,15.1,17.9,1.55,,0.907,,0.313,1952,32,9443,385,,0.09,14.52,14.52,24,0.93,2.99,91.38,96.61,98.36,541,1.44,0.89
23.08.2019.,24.8,28.1,23,24.5,7.87,8.35,1.65,0.3,7.87,7.22,13.31,2.33,2.18,3.59,5.54,5.04,9.72,940,950,990,119.44,131.58,74.38,1802,76.6,950,45,94.5,2.66,38.7,45.4,0.041,0.009,130,17.6,16.9,2.03,,1.11,,0.166,2532,22,8654,380,,0.07,13.13,13.13,21,1.02,2.67,95.26,95.75,99.13,397,3.72,0.95
26.08.2019.,24.8,29,24,24.9,7.97,8.11,0.45,0.1,9.15,8.45,14.4,2.4,2.17,3.48,6.75,6.28,10.92,910,950,990,99.45,112.43,68.75,541,47.8,563,70.3,33.3,1.28,34.7,39.7,0.127,0.023,48,15.5,7.87,1.92,,0.345,,0.046,670,10,9197,400,,0.06,13.44,13.44,22,0.96,1.19,87.51,91.16,98.51,395,1.97,0.78
27.08.2019.,25.4,29,24,25.3,7.75,8.13,0.45,0.1,9.84,8.68,13.88,2.54,2.33,3.5,7.3,6.35,10.38,950,960,980,96.54,110.6,70.6,1172,39,732,64.7,55,0.477,39.1,42.7,0.028,0.007,91.9,19.5,11.8,1.39,,2.53,,0.075,2872,16,8839,285,,0.12,20.60,20.60,33,1.00,3.92,91.16,96.67,99.44,800,4.25,0.79
28.08.2019.,24.8,29,23.8,24.7,8.21,8.17,0.45,0.12,11.32,10.91,15.21,2.97,2.89,3.79,8.35,8.02,11.42,880,950,980,77.74,87.08,64.43,515,58.1,293,0,21.6,1,36.3,14.2,0.09,0.034,76.9,17.5,13.8,3.22,,0.555,,0.072,606,14,8265,380,,0.08,16.92,16.92,27,1.06,2.07,100.00,88.72,97.69,693,3.01,0.87
29.08.2019.,25.2,29,23.2,25.2,8.17,8.21,0.45,0.15,10.32,9.25,13.85,2.81,2.48,3.54,7.54,6.77,10.31,900,950,990,86.96,102.7,71.48,1123,38.9,563,64.7,51.4,2.46,45.2,42.3,0.053,0.002,97.1,23.3,11.4,2.8,,3.98,,0.062,1244,18,8823,381,,0.10,16.32,16.32,26,1.00,2.21,88.51,96.54,98.55,704,2.74,0.88
30.08.2019.,24.8,29,23.4,24.8,8.19,8.29,0.45,0.12,9.49,8.47,13.48,2.8,2.5,3.74,6.69,5.97,9.74,940,950,980,99.05,127.22,72.7,1101,41.9,17,61,66.7,2.3,48.4,49.7,0.155,0.01,104,18.5,16.9,2.84,,0.975,,0.021,1664,38,8468,379,,0.11,15.47,15.47,25,1.04,97.88,-258.82,96.19,97.72,720,2.27,0.89
02.09.2019.,24.1,29,22.6,24.6,7.41,8.64,0.45,0.15,8.48,8.31,13.68,2.35,2.26,3.48,6.13,6.05,10.2,950,960,980,112.03,115.52,71.59,1118,37.3,777,70.3,46.8,2.35,57.5,46.5,0.135,0.02,55,17.7,18.1,0.449,,1.09,,0.112,760,22,8910,379,,0.11,14.25,14.25,23,0.99,0.98,90.95,96.66,97.11,670,2.2,0.88
03.09.2019.,23.9,28.8,22.7,24.2,8.29,8.22,2,0.07,11.08,10.01,14.79,2.94,2.61,3.65,8.14,7.4,11.14,940,960,990,84.84,95.9,66.94,823,34.3,372,61.9,33.3,2.01,22.9,45.4,0.035,0.001,66.7,21.2,7.18,2.41,,1.53,,0.126,560,26,9532,380,,0.10,16.51,16.51,27,0.92,1.51,83.36,95.83,95.36,744,3.65,0.88
04.09.2019.,22.6,27.8,21.4,23.3,7.99,8.65,2.95,0.2,12.81,10.84,15.45,3.23,2.87,3.77,9.58,7.97,11.68,900,930,980,70.26,85.79,63.43,1015,37,507,53.5,52.3,1.92,44.7,41.8,0.042,0.039,61.3,16.5,13.3,2.03,,0.131,,0.028,220,14,8867,381,,0.06,17.68,17.68,29,0.99,0.43,89.45,96.35,93.64,484,1.87,0.93
05.09.2019.,23.3,28,21.2,23.1,7.8,8.22,2.65,0.17,10.33,9.88,16.4,2.71,2.67,3.96,7.62,7.21,14.44,950,960,990,91.97,97.17,60.37,1171,36.5,608,47.8,42,1.87,46.3,41.2,0.154,0.009,73.4,16.8,12.6,1.87,,1.42,,0.15,1714,16,8933,379,,0.09,14.31,14.31,23,0.99,2.82,92.14,96.88,99.07,648,2.01,0.91
06.09.2019.,22.8,27.9,21.2,22.4,8.36,8.31,1.25,0.2,9.59,8.91,14.43,2.71,2.53,3.81,6.88,6.38,10.62,950,950,980,99.06,106.62,67.91,613,33.2,457,62,37.6,1.88,46.8,38.8,0.077,0.026,67,15.3,10,1.59,,0.284,,0.087,634,24,9265,342,,0.06,16.49,16.49,27,0.95,1.39,86.43,94.58,96.21,406,2.22,0.94
09.09.2019.,23.2,27.8,21.6,23.2,7.9,8.13,1.15,0.32,9.87,9.03,15.72,2.51,2.27,3.72,7.36,6.76,12,900,950,990,91.19,105.2,62.98,1153,34.4,586,61.9,57.7,2.81,51.4,45.6,0.148,0.018,88,46.2,16.7,3.44,,0.28,,0.228,1792,12,14439,284,,0.11,18.63,18.63,30,0.61,3.06,89.44,97.02,99.33,456,1.16,0.73
10.09.2019.,21.3,27.8,20.6,20.8,8.55,8.26,1.15,0.4,10.03,8.58,14.16,2.55,2.18,3.38,7.48,6.4,10.78,940,950,980,93.72,110.73,69.24,479,40.9,265,25.3,28.4,0.253,39,48.7,0.231,0.047,69.4,11.5,7.71,0.624,,0.069,,0.269,190,16,9589,381,,0.05,15.18,15.18,25,0.92,0.72,90.45,91.46,91.58,338,1.15,0.61
11.09.2019.,22.7,27.8,20.7,22.4,7.93,8.14,1.15,0.21,12.35,10.55,15.16,3.13,2.71,3.7,9.22,7.84,11.46,900,950,990,72.87,90.05,65.3,1435,20.3,468,33.8,110,2.06,33.8,40.7,0.022,0.039,124,16.6,18.1,1.16,,4.67,,0.393,4584,40,9378,285,,0.12,23.32,23.32,38,0.94,9.79,92.78,98.59,99.13,1000,2.54,0.72
12.09.2019.,23.6,27.8,20.7,22.8,7.88,8.24,1.15,0.21,9.77,9.13,151.64,2.6,2.48,3.77,7.17,6.65,11.87,900,950,990,92.12,104.05,63.3,1179,27.2,699,36.6,41.5,2.36,58.3,35.4,0.046,0.044,72.4,17,11.1,1.62,,0.237,,0.198,1786,42,9728,379,,0.11,1.45,1.45,2,0.90,2.56,94.76,97.69,97.65,676,2.58,0.8
13.09.2019.,22.3,28.3,21.7,21.1,8.21,8.45,1.9,0.12,9.11,8.83,14.12,2.53,2.44,3.71,6.58,6.39,10.41,900,950,980,98.79,107.59,69.4,1126,368,342,14,49.2,0.333,102,38.5,0.171,0.048,108,10.6,14.9,2.7,,0.177,,0.151,356,40,9231,381,,0.11,14.67,14.67,24,0.95,1.04,95.91,67.32,88.76,657,2.81,2.81
16.09.2019.,23.3,28.5,21.4,21.9,7.36,8.31,1.8,0.1,10.77,9.56,15.23,2.88,2.57,3.85,7.89,6.99,11.38,940,960,990,87.28,100.42,65,1170,43.2,744,81.6,17.1,2.55,22.6,39.7,0.048,0.031,36.1,14.5,11.4,3.08,,0.085,,0.01,2354,42,8590,381,,0.09,15.42,15.42,25,1.02,3.16,89.03,96.31,98.22,682,2.19,1.02
17.09.2019.,23.2,28.6,29.1,27.4,8.23,7.85,1.05,3.2,11.11,10.19,15.83,3,2.77,4.18,8.11,7.42,11.65,950,960,990,85.51,94.21,62.54,512,35.2,355,56.3,32.1,4.84,41.4,42.8,0.051,0.064,61.2,13.1,7.64,3.52,,0.086,,0.109,362,96,9569,379,,0.07,15.62,15.62,25,0.92,1.02,84.14,93.13,73.48,535,2.01,3.71
18.09.2019.,22.2,28.8,,22.2,8.1,8.19,1.7,,12.21,9.61,15.47,3.19,2.64,3.96,9.02,6.97,11.51,900,960,990,73.71,99.9,63.99,1065,39.6,400,59.1,40.4,7.91,33,41.8,0.053,0.032,60.8,13.5,8.07,4.91,,0.259,,0.029,818,26,12244,380,,0.12,16.33,16.33,26,0.72,2.05,85.23,96.28,96.82,665,1.74,0.93
19.09.2019.,20.3,28.1,20.7,20.7,7.67,8.31,1.7,0.13,9.93,8.87,15.95,2.8,2.47,4.13,7.13,6.4,11.82,900,960,990,90.63,108.23,62.07,1120,45.4,637,42.2,31.6,2.43,117,48.9,0.056,0.011,51.1,11.1,10.7,3.59,,0.108,,0.161,1540,2,12236,339,,0.08,15.30,15.30,25,0.72,2.42,93.38,95.95,99.87,398,3.2,0.92
23.09.2019.,21.8,23.9,21.8,21.4,8.09,8.1,0.3,0.13,9.17,7.81,13.77,2.52,2.24,3.59,6.65,5.57,10.18,980,990,1000,106.87,126.76,76.62,817,51.3,756,52,61.4,1.69,113,91.7,0.148,0.048,92.8,22.7,15.8,9.47,,0.304,,0.171,2168,76,14514,381,,0.16,14.24,14.24,23,0.61,2.87,93.12,93.72,96.49,608,2.58,0.88
24.09.2019.,19.7,24.4,21.9,20.4,8.37,8.62,1.7,0.2,7.51,7.41,14.63,2.18,2.17,3.77,5.33,5.24,10.86,980,990,1000,130.49,133.6,68.35,756,37.7,600,43,36.7,1.97,73.3,103,0.14,0.024,65.8,10.4,12.5,2.67,,0.034,,0.161,8080,18,13864,301,,0.12,14.91,14.91,24,0.63,13.47,92.83,95.01,99.78,400,1.38,0.88
25.09.2019.,22.1,24.1,21.7,21.3,8.21,8.49,0.7,0.17,7.95,7.33,14.25,2.3,2.12,3.73,5.65,5.21,10.52,950,970,1000,119.5,132.33,70.18,1003,32.9,526,32,69.1,1.18,49.9,85.8,0.136,0.035,65,8.5,9.28,1.77,,0.053,,0.075,356,2,13150,384,,0.11,12.29,12.29,20,0.67,0.68,93.92,96.72,99.44,389,1.53,0.94
26.09.2019.,20.6,24.4,22.3,21.4,7.83,8.22,2.15,0.1,6.6,7.28,14.72,1.93,2.05,3.83,4.67,5.23,10.89,970,990,1000,146.97,135.99,67.93,546,61.6,538,408,18.3,2.71,37.9,59.5,0.056,0.013,25,9.94,5.68,2.99,,0.303,,0.018,772,42,17549,384,,0.17,10.80,10.80,18,0.50,1.43,24.16,88.72,94.56,417,1.24,0.92
27.09.2019.,21.2,22.4,20.6,21.8,8.12,8.89,2.5,0.18,6.75,6.85,12.76,1.99,1.99,3.35,4.76,4.86,9.41,960,970,990,142.22,141.61,77.59,1239,25.6,507,30.8,75.1,2.47,24.8,25.1,0.092,0.019,93.6,9.28,13.8,1.25,,0.524,,0.126,1762,818,9503,384,,0.12,12.21,12.21,20,0.93,3.48,93.93,97.93,53.58,525,2.05,1.55
30.09.2019.,22.4,27.4,21.3,22.7,7.83,7.9,0.65,0.07,7.38,8.96,14.93,2.05,2.41,3.74,5.33,6.55,11.19,850,950,990,115.18,106.03,66.31,1210,55.9,586,48,23.4,0.673,38.4,40.9,0.038,0.031,62.1,14.1,11.6,5.13,,0.191,,0.065,1844,32,9999,384,,0.07,12.54,12.54,20,0.88,3.15,91.81,95.38,98.26,346,1.91,0.87
01.10.2019.,22.9,23.5,20.9,21.8,8.33,8.18,1.05,0.07,9.43,8.69,14.16,2.58,2.3,3.62,6.85,6.39,10.54,950,970,990,100.74,111.62,69.91,1133,56.3,423,73.2,76.1,1,28.4,42.6,0.047,0.017,102,22.6,9.92,5.89,,1.93,,0.025,788,24,8554,384,,0.10,14.66,14.66,24,1.03,1.86,82.70,95.03,96.95,699,2.61,1.01
02.10.2019.,23.9,23.6,21,23.2,8.12,8.54,2.75,0.06,9.6,9.05,14.5,2.51,2.5,3.69,7.09,6.55,10.81,900,950,990,93.75,104.97,68.27,829,53.2,520,58,2.78,0.965,52.1,48.8,0.104,0.03,70.7,14.5,9.69,4.82,,0.951,,0.03,274,86,19056,384,,0.10,14.74,14.74,24,0.46,0.53,88.85,93.58,68.61,325,2.63,0.9
03.10.2019.,21.8,26.1,20.8,21.7,7.92,8.16,0.05,0.24,7.32,6.02,13.06,1.93,1.65,3.25,5.39,4.37,9.81,950,900,990,129.78,149.5,75.8,1304,139,680,55,69.4,1.45,74.1,53.2,0.115,0.039,122,25.7,18.8,2.79,,0.742,,0.011,3982,130,14477,288,,0.34,15.61,15.61,25,0.61,5.86,91.91,89.34,96.74,1000,1.38,0.81
04.10.2019.,22.4,26.1,20,22.7,8.66,8.76,3.5,0.4,7.92,7.07,12.56,2.29,2.04,3.37,5.63,5.03,9.19,900,900,1000,113.64,127.3,79.62,424,31.3,276,80,21.2,3.23,119,68.8,0.092,0.017,58.2,12.3,6.03,0.614,,2.61,,0.115,266,38,12523,384,,0.05,13.68,13.68,22,0.70,0.96,71.01,92.62,85.71,185,1.09,0.72
07.10.2019.,19.3,27.1,20,19.6,8.24,8.54,2.45,0.14,8.23,7.8,13.76,2.34,2.22,3.49,5.889,5.58,10.36,900,900,990,109.36,115.38,71.95,565,45.4,572,38,4.32,0.286,94.8,98.9,0.063,0.005,42.9,18.7,9.17,2.94,,0.739,,0.109,410,36,12008,384,,0.11,13.35,13.35,22,0.73,0.72,93.36,91.96,91.22,462,1.9,0.94
08.10.2019.,20.8,26.5,19,20.4,7.69,8.27,2.55,0.34,8.62,7.94,13.9,2.37,2.25,3.52,6.25,5.69,10.38,950,970,990,110.21,122.17,71.22,1268,45,1000,45,27.8,1.54,82.4,48.3,0.086,0.023,51.2,20,11.4,1.03,,5.4,,0.006,2566,8,11679,384,,0.11,13.65,13.65,22,0.75,2.57,95.50,96.45,99.69,490,2.11,0.93
09.10.2019.,22.8,26,18.6,23,8.58,8.6,2.25,0.26,12.8,11.89,18.41,6.22,6.05,7.57,6.58,5.39,10.89,950,950,980,74.22,79.89,53.23,554,30,563,42,46.6,0.664,61.2,61.4,0.034,0.018,65.3,8.72,5.6,1.77,,1.06,,0.129,200,64,9564,332,,0.08,17.77,17.77,29,0.92,0.36,92.54,94.58,68.00,462,5.68,4.73
10.10.2019.,21,26.4,19.5,20.1,7.98,8.23,4.4,0.2,8.89,7.65,13.59,2.5,2.18,3.52,6.39,5.47,10.06,950,970,990,106.86,126.8,72.9,766,43.4,486,34,37.1,2.23,58.7,52.3,0.128,0.026,51.8,12.6,10.4,1.53,,1.23,,0.032,574,28,14508,384,,0.01,13.95,13.95,23,0.61,1.18,93.00,94.33,95.12,22.5,2.1,0.93
11.10.2019.,20.1,25.7,18.5,19.7,8.07,8.28,4.65,0.32,8.5,7.5,12.43,2.43,2.12,3.35,6.07,5.38,9.08,980,980,1000,115.29,130.67,80.45,1082,41.4,171,27,40.3,0.203,52.3,41,0.097,0.007,55.9,10.9,10.4,0.759,,2.05,,0.026,1338,16,8913,384,,0.08,14.75,14.75,24,0.99,7.82,84.21,96.17,98.80,446,2.33,0.79
14.10.2019.,20.3,26.4,19.8,19.9,8.33,8.25,0.2,0.2,8.04,8.15,14.14,2.27,2.31,3.64,5.77,5.84,10.5,940,950,980,116.92,116.56,69.31,699,38.7,515,39,17.1,1.87,38.9,44.1,0.101,0.019,74.4,15.3,11.5,3.02,,0.105,,0.045,1140,28,9370,384,,0.08,13.12,13.12,21,0.94,2.21,92.43,94.46,97.54,423,2.37,0.93
15.10.2019.,21.9,27.1,19.7,21.4,7.9,8.18,2.8,0.13,7.59,8.23,13.99,2.13,2.25,3.53,5.46,5.98,9.86,980,990,990,129.12,120.29,70.76,2566,47.6,552,30,43,1.53,68.7,52.5,0.115,0.031,96.3,14.2,27.3,2.07,,0.707,,0.114,1436,66,8973,384,,0.11,12.96,12.96,21,0.98,2.60,94.57,98.14,95.40,620,2.43,0.9
16.10.2019.,21.4,27,19.5,21.3,8,8.32,2.1,0.14,7.77,6.22,12.46,2.17,1.86,3.22,5.6,4.36,9.24,970,980,990,124.84,157.56,79.45,1245,53.1,603,42.2,0.04,0.013,55.2,47.3,0.122,0.005,9.51,2.8,12.5,2.6,,0.132,,0.19,2186,30,9806,384,,0.14,12.87,12.87,21,0.90,3.63,93.00,95.73,98.63,608,2.54,0.96
17.10.2019.,22.7,26.9,19.9,22.4,7.9,8.26,2.05,0.12,9.31,8.66,13.96,2.54,2.42,3.61,6.77,6.24,10.35,950,970,990,102.04,112,70.92,3120,54.9,704,64.7,13.2,1.66,63,44.2,0.117,0.031,52.7,13.6,16,2.6,,0.459,,0.163,1204,6,11073,384,,0.09,14.75,14.75,24,0.79,1.71,90.81,98.24,99.50,473,1.9,0.97
18.10.2019.,22.7,27.6,20.2,22.9,8.25,8.41,2.75,0.12,8.95,7.9,14.3,2.4,2.27,3.96,6.55,5.63,10.34,960,970,990,107.26,122.78,69.23,463,39.5,305,40,50.2,3.27,40.4,25,0.072,0.011,45.2,16.9,10.5,1.74,,3.3,,0.049,2050,144,12007,288,,0.10,18.00,18.00,29,0.73,6.72,86.89,91.47,92.98,445,1.45,2.35
21.10.2019.,23.5,28.6,20.9,22.6,8.05,8.14,0.35,0.14,8.98,8.3,15.58,2.44,2.35,3.94,6.54,5.95,11.64,950,950,990,105.79,114.46,63.54,1133,56.1,541,67.5,42.4,6.72,76.5,102,0.047,0.015,67.4,17.6,12.2,1.94,,0.745,,0.131,1578,6,11671,379,,0.12,12.88,12.88,21,0.75,2.92,87.52,95.05,99.62,575,1.75,0.93
22.10.2019.,23.9,28.7,21.3,23.1,7.84,8.04,3.6,0.16,8.27,8.73,15.58,2.29,2.43,3.91,5.98,6.3,11.67,950,960,990,114.87,109.96,63.54,1158,52.6,400,22.5,53.1,3.23,76.9,76.6,0.488,0.005,65.9,15.6,17.8,1.9,,0.22,,0.062,720,8,11400,389,,0.07,12.34,12.34,20,0.77,1.80,94.38,95.46,98.89,315,2.45,0.9
23.10.2019.,24.7,28.6,21.3,22.3,7.78,8.14,2.3,0.08,8.9,8.54,15.05,2.44,2.27,3.77,6.46,6.27,11.28,950,960,990,106.74,112.41,65.78,1254,47.1,789,70.3,63.2,8.16,76.3,62.4,0.656,0.016,121,31.2,28.7,4.61,,0.635,,0.048,4056,2,9592,384,,0.10,13.28,13.28,22,0.92,5.14,91.09,96.24,99.95,608,3.22,0.94
24.10.2019.,23.6,27.7,34.9,22.6,7.9,7.55,2.95,0.12,9.75,9.42,14.92,2.69,2.59,3.86,7.06,6.83,11.06,950,960,990,97.43,101.91,66.35,1147,41.2,282,39.4,47.4,7.02,38.3,54.2,0.133,0.029,73.3,16.6,11.1,4.04,,0.53,,0.052,358,22,9409,384,,0.05,14.72,14.72,24,0.94,1.27,86.03,96.41,93.85,355,2.17,0.92
25.10.2019.,21.2,27.3,19.4,20.9,8.2,8.27,1.35,0.11,9.7,8.83,14.63,2.68,2.59,3.9,7.02,6.24,10.73,960,960,990,98.97,108.72,67.67,1151,47.2,723,28,19,7.69,86.9,49.6,0.142,0.021,176,22.3,12.2,3.07,,21.8,,0.112,216,48,9591,384,,0.10,14.51,14.51,24,0.92,0.30,96.13,95.90,77.78,630,2.91,0.93
28.10.2019.,21.1,26.8,18,22.3,8.3,8.1,1.95,0.1,10.25,9.25,15.19,2.81,2.59,3.81,7.44,6.66,11.38,950,950,980,92.68,102.7,64.52,827,52.5,603,67.5,32.2,2.79,89,44.7,0.128,0.021,54,17.1,1.62,12.3,,0.777,,0.096,1540,50,9891,384,,0.09,14.71,14.71,24,0.89,2.55,88.81,93.65,96.75,569,1.84,0.94
29.10.2019.,21,27.3,18.7,20.7,8.29,8.13,0.45,0.15,9.37,8.55,14.48,2.6,2.34,3.66,6.77,6.21,10.82,960,960,990,102.45,112.28,68.37,1106,53.8,456,50.6,59.9,2.7,69.5,47.6,0.552,0.016,106,17.9,21.6,1.36,,2.26,,0.197,1008,32,12879,384,,0.15,14.18,14.18,23,0.68,2.21,88.90,95.14,96.83,659,2.68,0.94
30.10.2019.,20.2,25.7,17.9,20.8,8.16,8.46,4.6,0.25,10.7,9,13.74,2.82,2.48,3.45,7.88,6.52,10.29,950,950,980,88.78,105.56,71.32,663,27.8,135,39.4,40.5,0.095,47.9,48.6,0.094,0.005,60.1,10.2,10.7,1.38,,1.1,,0.089,410,10,10714,288,,0.07,21.90,21.90,36,0.82,3.04,70.81,95.81,97.56,423,1.81,0.9
31.10.2019.,19.1,25.6,16.9,19.2,8.11,8.17,3.85,0.25,9.35,8.83,13.77,2.58,2.41,3.54,6.77,6.42,10.23,960,970,990,102.67,109.85,71.9,1102,31.1,462,25.3,45,1.59,46.8,45.6,0.039,0.004,73.4,12.9,10.1,1.59,,1.76,,0.024,1392,4,10286,290,,0.11,20.03,20.03,32,0.86,3.01,94.52,97.18,99.71,648,2.92,0.87
01.11.2019.,18.9,25.3,16.3,18.5,7.96,8.17,4.25,0.25,8.97,7.94,13.03,2.64,2.31,3.57,6.33,5.63,9.46,950,950,990,105.91,119.65,75.98,595,50.8,494,47,3.41,0.367,54.7,44.3,0.13,0.01,60.9,9.65,13.6,1.67,,2.7,,0.013,404,114,10530,288,,0.08,19.83,19.83,32,0.84,0.82,90.49,91.46,71.78,423,1.67,1.05
04.11.2019.,21.8,26.2,19,21.8,8.31,8.24,3.65,0.18,9.62,9.03,14.27,2.69,2.58,3.61,6.93,6.45,10.66,900,900,980,93.56,99.67,68.68,1102,33.6,5.6,33.8,64.2,2.3,51.1,47.6,0.061,0.003,108,12.6,11.9,1.52,,2.44,,0.223,928,12,15705,288,,0.27,19.97,19.97,32,0.56,165.71,-503.57,96.95,98.71,1000,2.45,0.86
05.11.2019.,19.8,25.4,17.9,19.5,8.14,8.16,3.6,1.4,9.98,8.77,13.68,2.69,2.42,3.5,7.29,6.35,10.18,950,950,980,95.19,108.32,71.64,531,22.9,355,14.1,30.3,0.762,17.7,11.7,0.094,0.012,79.4,8.96,11.5,0.898,,2.59,,0.034,1796,6,17114,288,,0.08,20.94,20.94,34,0.51,5.06,96.03,95.69,99.67,287,1.4,0.79
06.11.2019.,19,24.6,18,20,8.12,8.25,7.1,0.35,6.51,5.82,13.32,1.78,1.65,3.4,4.78,4.17,9.92,910,910,990,139.78,156.36,74.32,1124,178,361,90,30.4,2.56,27.8,35,0.02,0.002,55.3,15.4,8.39,0.532,,7.41,,0.46,1248,304,12657,288,,0.06,14.14,14.14,23,0.70,3.46,75.07,84.16,75.64,186,0.5,0.95
07.11.2019.,21.8,25.4,17.9,21.9,8.5,8.16,4.3,2.4,8.36,7.61,12.86,2.33,0.26,3.33,6.03,7.35,9.53,990,900,990,118.42,118.27,76.98,1789,22.4,592,14.1,77.9,0.557,49.8,51.2,0.054,0.016,110,11.8,14.1,1.08,,5.84,,0.094,1334,28,9444,358,,0.04,15.26,15.26,25,0.93,2.25,97.62,98.75,97.90,220,1.06,0.65
08.11.2019.,21.4,25.7,17.6,21.8,8.08,8.09,6.55,2.3,9.65,9.35,11.87,2.97,2.83,3.48,6.68,6.52,8.39,950,930,980,98.45,99.47,82.56,1198,23.8,559,13,60.6,0.515,47.9,50.4,0.101,0.019,72.6,14.9,14.1,0.815,,7.33,,0.379,718,28,9367,280,,0.09,25.15,25.15,41,0.94,1.28,97.67,98.01,96.10,562,3.09,0.79
12.11.2019.,20.2,25.4,16.5,20.8,8.56,8.24,4.9,0.19,8.32,7.11,12.12,2.45,2.11,3.35,5.87,5,8.77,970,980,990,116.59,137.83,81.68,299,32.2,299,28.1,21,1.63,57.2,50.7,0.081,0.024,67.1,14.7,9.29,0.632,,7.24,,0.351,300,38,8999,270,,0.05,20.75,20.75,34,0.98,1.00,90.60,89.23,87.33,282,1.16,0.85
13.11.2019.,20.4,25.4,16.5,21,8.22,8.24,4.9,0.19,8.81,8.07,11.16,2.54,2.42,3.1,6.27,5.65,8.06,950,950,990,107.83,117.72,88.71,1116,28.7,603,16.9,43.8,0.246,59.6,57.5,0.005,0.022,78,22.4,10.2,0.444,,13.4,,0.293,908,24,11893,210,,0.12,31.69,31.69,51,0.74,1.51,97.20,97.43,97.36,513,1.84,0.89
14.11.2019.,19.6,25.6,18.1,20.6,8.36,8.63,6.1,1.9,8.88,7.52,12.82,2.58,2.27,3.63,6.3,5.25,9.19,950,950,980,106.98,126.33,76.44,437,29.8,1000,11.3,50.2,0.048,120,76.5,0.024,0.047,68.9,11.1,9.9,0.567,,6.27,,0.095,364,30,11793,280,,0.11,20.10,20.10,33,0.75,0.36,98.87,93.18,91.76,462,2.14,0.94
15.11.2019.,20.5,26.9,18.8,20.6,8.03,8.18,2.9,1.22,8.45,7.76,12.13,2.69,2.42,3.63,5.75,5.34,8.5,940,950,990,111.24,122.42,81.62,1163,24.9,361,10.6,38.1,0.338,129,103,0.129,0.002,81.7,14.6,14.1,0.665,,11,,0.247,1508,80,11806,280,,0.08,21.00,21.00,34,0.75,4.18,97.06,97.86,94.69,311,1.84,0.99
18.11.2019.,20.3,27.2,18.9,20.3,8.28,8.17,5,0.42,9.38,8.44,12.21,2.81,2.52,3.48,6.57,5.92,8.74,950,950,980,101.28,112.56,80.26,417,25.6,287,25,45.5,0.589,79.6,116,0.083,0.005,43.3,17,9.7,0.786,,0.554,,0.017,330,10,9643,280,,0.10,22.93,22.93,37,0.91,1.15,91.29,93.86,96.97,558,2.96,1.04
19.11.2019.,20.2,26.6,17.3,19.8,8.06,8.2,2.5,1.22,8.46,7.87,12.88,2.55,2.48,3.64,5.91,5.39,9.24,940,950,980,111.11,120.71,76.09,568,29.4,282,8.4,10.5,0.155,66.4,90.4,0.117,0.01,64.4,6.77,14.1,0.66,,0.7,,0.095,1174,46,8588,280,,0.01,19.92,19.92,32,1.02,4.16,97.02,94.82,96.08,50.7,2.22,0.95
20.11.2019.,20.4,26.4,17.4,21.2,8.51,8.67,5.4,0.42,7.8,7.63,12.67,2.43,2.43,3.76,5.37,5.2,9,950,950,990,121.79,124.51,78.14,675,26.6,417,19.7,10.8,0.059,66.4,70.4,0.263,0.001,62.1,8.52,10,0.685,,0.694,,0.009,652,112,10498,214,,0.14,25.04,25.04,41,0.84,1.56,95.28,96.06,82.82,625,1.99,0.95
21.11.2019.,22.3,25.5,17.3,22.3,8.28,8.79,5.15,0.17,9.21,8.52,12,2.75,2.57,3.58,6.46,5.95,9.22,940,950,980,102.06,111.5,76.56,1214,26.4,676,11.3,1.19,0.333,10.2,10.3,0.02,0.003,58.6,7.73,14.1,1.07,,0.317,,0.06,2250,12,8031,196,,0.06,33.17,33.17,54,1.10,3.33,98.33,97.83,99.47,394,1.13,0.9
22.11.2019.,19.5,25.2,16.9,20.5,8.41,8.63,4.75,1.66,8.94,8.37,12.64,2.8,2.67,3.71,6.14,5.7,8.93,950,950,980,106.26,113.5,77.53,711,29.9,387,11,64.9,0.271,50.7,55.7,0.131,0.001,126,9.13,21.3,0.349,,3.35,,0.004,1398,84,8807,480,,0.05,12.55,12.55,20,1.00,3.61,97.16,95.79,93.99,317,1.33,0.91
25.11.2019.,18.7,24.6,15.9,18.6,8.45,8.22,6.5,0.01,10.22,8.35,13.05,3.02,2.58,3.71,7.2,5.77,9.34,950,970,990,92.95,116.17,75.86,794,28.4,496,33.8,41.2,2.26,70.4,63.4,0.046,0.012,63.8,17.4,10.3,0.903,,1.81,,0.477,410,62,9403,245,,0.06,25.56,25.56,41,0.94,0.83,93.19,96.42,84.88,394,1.48,0.94
26.11.2019.,18.3,26,16.7,17.9,8.63,8.15,2.75,0.01,9.59,8.6,14.54,2.91,2.72,4.1,6.68,5.88,10.44,950,950,980,99.06,110.46,67.4,595,60.5,321,47.8,34.7,1.04,64.3,61.7,0.053,0.017,80.9,18.3,7.81,2.94,,0.322,,0.127,104,32,12003,245,,0.13,22.47,22.47,36,0.73,0.32,85.11,89.83,69.23,592,1.61,0.92
27.11.2019.,19.7,26.3,16.8,20.7,8.57,8,4.3,0.1,9.75,8.22,13.71,2.86,2.54,3.8,6.89,5.68,9.91,950,950,990,97.44,115.57,72.21,399,85.9,310,90,31.3,1.44,65,62.2,0.066,0.024,61,23.7,5.81,4.69,,0.775,,0.131,226,16,9752,282,,0.07,20.45,20.45,33,0.90,0.73,70.97,78.47,92.92,411,1.18,1.04
28.11.2019.,19.9,26.3,18.4,20.5,8.52,8.27,5.16,0.2,9.58,8.43,14.26,2.79,2.51,3.94,6.79,5.92,10.32,950,970,990,99.16,115.07,69.42,365,34.3,686,22.5,31.4,1.15,48.1,67.1,0.079,0.017,45,6.85,4.67,1.02,,0.302,,0.161,24,12,9992,280,,0.06,19.85,19.85,32,0.88,0.03,96.72,90.60,50.00,349,1.02,0.9
29.11.2019.,19.6,26.1,17.3,19.4,8.46,8.16,4.9,0.3,8.56,7.84,12.81,2.65,2.46,3.76,5.91,5.38,9.05,950,960,990,110.98,122.45,77.28,485,28.2,191,18.9,43,0.391,54.8,56.4,0.767,0.013,50.8,4.62,6.21,1.11,,3.37,,0.038,734,32,8708,280,,0.11,20.12,20.12,33,1.01,3.84,,94.19,95.64,612,1.23,1.71
02.12.2019.,17.8,24.1,14.4,17.1,8.35,8.17,5.16,1.85,9.7,9.18,13.71,2.99,2.57,3.57,6.71,6.61,10.14,950,950,980,97.94,103.48,71.48,975,34,428,11.3,32.8,0.2,68,65.7,0.042,0.001,57.8,26.3,6.33,0.94,,2.12,,0.244,410,62,11843,280,,0.09,21.64,21.64,35,0.74,0.96,97.36,96.51,84.88,428,1.25,1.01
03.12.2019.,15.8,24,13.5,16.2,8.28,8.41,7.15,0.2,10.36,8.97,14.55,2.97,2.57,3.99,7.39,6.4,10.56,950,950,980,97.7,105.91,67.35,585,26.6,389,5.6,1.18,0.096,70.9,57.1,0.076,0.011,46.7,9.14,8.58,0.868,,2.18,,0.016,400,54,9207,280,,0.03,20.88,20.88,34,0.96,1.03,98.56,95.45,86.50,192,1.34,0.95
04.12.2019.,13.5,24.2,13.1,13.2,7.58,7.93,6.24,2.23,9.42,8.55,13.68,2.74,2.56,3.79,6.68,5.99,9.89,950,950,980,100.85,111.11,71.64,2484,19.2,513,25.3,15.9,0.079,51.4,58,0.083,0.017,120,6.15,27.7,0.732,,2.38,,0.051,760,40,11348,280,,0.12,20.64,20.64,33,0.78,1.48,95.07,99.23,94.74,608,2.74,0.9
05.12.2019.,15.3,24.5,14.2,14.6,8.14,8.35,3.7,2.2,7.38,7.92,13.97,2.58,2.3,3.62,4.8,5.62,10.35,940,950,980,127.37,119.95,70.15,1884,25.1,225,39.4,18.21,0.095,111,54,0.089,0.011,97.4,6.9,18.4,0.901,,1.93,,0.064,188,54,12475,280,,0.08,17.21,17.21,28,0.71,0.84,82.49,98.67,71.28,276,1.88,0.93
09.12.2019.,17.6,26.4,16.5,17.2,8.11,8.19,3.95,0.26,9.33,7.61,14.17,2.35,2.26,3.48,6.98,5.35,10.69,950,960,990,101.82,126.15,69.87,494,29.6,327,22.5,0.898,0.227,59.5,26.4,0.096,0.013,68.3,19.1,28.3,0.929,,2.31,,0.038,368,48,11931,280,,0.11,18.79,18.79,30,0.74,1.13,93.12,94.01,86.96,507,2.41,0.94
12.12.2019.,18.8,25.2,15.9,19.4,8.7,8.62,6.2,1.25,8.46,7.87,12.88,3.11,2.7,3.96,5.35,5.17,8.92,930,930,990,109.93,118.17,76.86,915,21.2,332,8.4,36.7,0.219,123,86.8,0.138,0.031,47.9,4.29,16,1.35,,0.787,,0.096,280,46,13458,280,,0.08,19.92,19.92,32,0.65,0.84,97.47,97.68,83.57,270,2.22,0.95
13.12.2019.,20.1,25.5,15.8,20.6,8.39,8.38,2.4,1.6,10.16,8.75,14.48,3.17,2.76,4.21,6.99,5.99,10.27,970,980,1000,95.47,112,69.06,464,19.8,438,7,1.73,0.263,97.4,105,0.143,0.019,66.6,5.64,14,1.42,,1.07,,0.032,416,66,15391,280,,0.08,20.52,20.52,33,0.57,0.95,98.40,95.73,84.13,288,2.24,0.8
16.12.2019.,21.2,24.8,14.9,21.7,8.63,8.73,3.95,0.22,10.9,9.2,14.17,3.13,2.74,3.87,7.77,6.46,10.3,970,980,990,88.99,106.52,69.87,350,32.5,293,30.9,36.4,0.714,66.4,64,52.7,0.018,0.036,5.5,7.02,1.23,,0.959,,0.224,8,20,8520,215,,0.07,29.03,29.03,47,1.03,0.03,89.45,90.71,-150.00,490,1.53,0.84
17/12/2019,18.5,24.9,14.6,19.2,8.18,8.45,2,1.1,10.33,12.1,14.21,3.06,3.36,3.96,7.27,8.74,10.25,950,950,980,91.97,78.51,68.97,546,35.9,417,14.1,38,0.825,99.1,86.8,0.073,0.01,90.1,4.38,15.1,1.2,,3.38,,0.038,1010,26,9346,280,,0.04,24.80,24.80,40,0.94,2.42,96.62,93.42,97.43,282,1.22,0.96
18.12.2019.,21.6,25.1,15.1,21.7,7.96,8.71,5.16,1.32,8.07,7.56,14.15,2.54,5.17,10.77,5.53,5.17,10.77,980,980,990,121.44,129.63,69.96,1165,23.1,501,23.1,19.1,1.19,69.5,65.9,0.067,0.004,54.1,7.38,17.7,1.39,,2.01,,0.265,934,18,9246,280,,0.06,17.36,17.36,28,0.95,1.86,95.39,98.02,98.07,287,1.2,0.94
19.12.2019.,22.2,15.3,15.3,21.3,8.22,8.79,6.6,0.74,9.86,9.7,15.22,2.99,2.95,4.28,6.87,6.75,10.94,980,970,1000,99.39,100,65.7,1151,23,524,25.3,43,0.766,50.6,54.3,0.079,0.009,55.3,7.25,15.4,1.18,,2.55,,0.102,1186,110,8907,280,,0.05,20.20,20.20,33,0.99,2.26,95.17,98.00,90.73,344,1.16,0.82
20.12.2019.,19.2,25.1,15.1,18.4,8.4,8.11,4.5,0.54,7.51,8.86,13.39,3.94,2.52,2.68,3.57,6.34,10.71,980,980,1000,130.49,110.61,74.68,428,33.8,127,34,55.8,0.542,65.9,53.1,0.168,0.011,70.6,6.23,8.41,1.24,,2.21,,0.12,218,0,8412,280,,0.06,19.21,19.21,31,1.05,1.72,73.23,92.10,100.00,306,1.9,0.98
23.12.2019.,17.2,25.2,15.3,16.8,7.7,7.97,3.65,0.44,8.48,16.73,15.12,2.5,2.57,4.05,5.98,14.16,11.07,970,980,990,114.39,58.58,65.48,1336,45.3,563,22.5,58.8,2.68,69.3,47.5,0.551,0.014,98.1,5.2,21.3,3.05,,2.36,,0.186,730,74,13380,280,,0.07,26.20,26.20,42,0.66,1.30,96.00,96.61,89.86,445,1.13,0.82
24.12.2019.,19.3,24.1,14.1,20,8.1,8.51,3.7,0.38,9.87,7.62,14.35,2.84,2.2,3.8,9.03,5.42,10.55,970,970,990,98.28,127.3,68.99,905,20.9,468,14.1,3.17,0.069,49.9,43.4,0.087,0.004,69,5.15,16.7,1.01,,1.51,,0.2,1614,74,8470,280,,0.05,19.15,19.15,31,1.04,3.45,96.99,97.69,95.42,383,1.23,0.7
25.12.2019.,19.7,24.8,14,19.9,7.93,8.39,1,1.42,6.54,8.79,14.08,2.12,2.2,3.88,4.42,6.59,10.2,970,980,990,148.32,111.49,70.31,910,19.6,546,22.5,2.96,0.073,50.3,41.4,0.088,0.003,78.3,4.86,15.6,1.08,,1.63,,0.205,1076,20,9402,280,,0.06,17.11,17.11,28,0.94,1.97,95.88,97.85,98.14,299,1.08,0.79
26.12.2019.,21.7,25.1,14.2,20.7,8.62,9.46,6.05,0.97,9.18,7.34,14.26,2.78,2.28,3.98,6.4,5.06,10.28,970,970,990,105.66,132.15,69.42,1138,22.4,276,22.5,12.9,0.915,51.6,49.6,0.099,0.008,88.7,8.15,12.9,1.19,,4.39,,0.268,600,16,9212,280,,0.08,18.20,18.20,30,0.96,2.17,91.85,98.03,97.33,428,1.36,0.9
27.12.2019.,19.6,24.5,13.4,18.9,8.4,8.8,7.45,2.18,6.99,6.1,10.25,2.27,2.33,3.69,4.72,4.38,6.56,970,980,990,138.77,146.05,96.59,434,25.7,234,22.5,53.4,0.369,60.1,50,0.054,0.014,78.6,9.13,7.47,3.03,,6.15,,0.034,328,14,9875,280,,0.09,20.07,20.07,32,0.89,1.40,90.38,94.08,95.73,364,1.88,1
30.12.2019.,14.6,23.4,12,14.2,8.36,8.14,5.16,3.12,7.69,7.22,12.34,2.45,2.41,3.67,5.24,4.81,8.67,970,980,990,126.14,135.73,80.23,589,24.4,372,16.9,55.9,0.223,75.2,57.8,0.084,0.012,78.4,11.2,9.82,2.19,,6.85,,0.0129,80,8,9492,280,,0.09,18.99,18.99,31,0.93,0.22,95.46,95.86,90.00,411,1.65,0.98
08.01.2020.,17.3,24,11.7,17.5,8.27,8.24,3.25,3.01,5.96,5.75,11.82,1.95,1.93,3.4,4.01,3.82,8.42,970,980,990,162.75,170.43,83.76,416,22.3,456,19.7,38,0.146,61.8,51,0.081,0.003,71.1,8.69,2.03,2.11,,6.54,,0.002,1268,12,9596,,,0.16,,,8725,0.92,2.78,95.68,94.64,99.05,569,2.33,1
09.01.2020.,17.1,23.9,11.7,16.4,8.02,8.12,1,2.37,11.05,9.39,14.78,3.29,2.87,4.15,7.71,6.52,10.63,950,950,970,85.97,101.17,65.63,530,8.4,530,8.4,29.2,0.331,17.6,11.1,0.003,0.097,74.2,9.2,3.08,2.18,,7.16,,0.103,382,8,10014,95,,0.08,64.05,64.05,103,0.88,0.72,98.42,98.42,97.91,496,2.27,0.95
10.01.2020.,17.7,24,14.9,16.3,8.18,8.25,4,3,7.86,3.46,10.37,2.68,1.43,3.35,5.18,2.03,7.02,950,950,980,120.87,274.57,94.5,767,86.6,225,19.7,39.2,0.188,50.4,51.7,0.017,0.023,57.5,8.01,12.2,2.74,,1.99,,0.023,3930,24,9784,280,,0.14,17.15,17.15,28,0.90,17.47,91.24,88.71,99.39,445,1.94,0.92
15.01.2020.,15.7,23.9,11.9,14.2,8.51,8.36,5.16,2.05,10.95,9.05,14,3.39,3,4.27,7.56,6.05,9.75,970,980,980,88.58,108.29,70,518,28.5,366,16.9,28.3,0.214,53.4,31.1,0.026,0.011,62.8,8.7,18.1,2.31,,8.1,,0.018,794,18,10265,280,,0.09,22.45,22.45,36,0.86,2.17,95.38,94.50,97.73,541,1.29,1
16.01.2020.,17.5,24.4,12,17.8,8.56,8.69,3.75,2.33,11.77,9.86,15.6,3.62,3.11,4.63,8.15,6.75,10.97,950,950,980,80.71,96.35,62.82,686,54.9,344,36.6,72.1,0.12,62.9,60.5,0.125,0.002,86.8,7.12,15.4,2.19,,0.273,,0.273,508,142,9718,280,,0.03,21.79,21.79,35,0.91,1.48,89.36,92.00,72.05,220,1.69,1.05
20.01.2020.,16.4,24.4,12.3,16.7,8.13,8.32,0.45,0.64,11.64,10.16,15.69,3.56,3.26,4.59,8.08,6.9,11.1,950,950,970,81.62,93.5,61.82,670,35.1,293,30.9,5.75,0.321,58.1,60.9,0.097,0.002,56.7,4.83,18.9,2.98,,0.255,,0.083,1876,0.083,9895,280,,0.07,21.83,21.83,35,0.89,6.40,89.45,94.76,100.00,479,1.68,0.98
21/01/2020,14.9,24.3,12.4,14.7,8.38,8.28,3.35,1.46,10.65,3.67,14.82,3.31,1.47,4.49,7.34,2.2,10.33,980,430,990,92.02,117.17,66.8,624,32.5,546,19.7,45.9,0.23,6.46,54.4,0.038,0.001,61.7,5.13,11.5,1.73,,0.46,,0.125,470,86,9602,280,,0.13,15.18,15.18,25,0.92,0.86,96.39,94.79,81.70,569,2.68,0.95
22.01.2020.,21.3,22.8,11.9,20.6,8.88,8.03,5.6,2.21,13.79,7.84,13.64,4.2,2.68,4.22,9.59,5.16,9.42,950,950,990,68.89,121.17,72.58,977,33.1,304,5.6,41.2,0.259,6.45,53.5,0.108,0.036,75,6.34,15,1.25,,2.21,,0.001,388,46,9455,280,,0.00,24.92,24.92,40,0.93,1.28,98.16,96.61,88.14,2.71,2.71,0.91
23.01.2020.,22.4,23.3,11.5,22.8,8.71,8.04,5.16,2.6,8.02,6.37,12.91,2.79,2.19,3.94,5.23,4.18,8.97,970,980,990,120.95,153.85,76.68,393,23.4,275,11.3,37.1,0.222,55.2,53.2,0.052,0.03,51.8,6.96,8.03,1.6,,2.47,,0.07,50,20,9264,140,,0.00,35.03,35.03,57,0.95,0.18,95.89,94.05,60.00,2.35,2.35,1.02
24.01.2020.,19.1,23.2,11.2,17.6,8.5,8.16,5.25,1.96,6.43,8.19,12.49,2.39,2.8,4.13,4.04,5.39,8.36,980,980,990,152.41,119.66,79.26,421,37.2,381,20,50.6,0.426,62.6,51.6,0.056,0.004,70.6,8.34,6.69,3.23,,4.45,,0.018,472,36,9283,228,,0.04,22.59,22.59,37,0.95,1.24,94.75,91.16,92.37,199,1.14,0.96
27.01.2020.,17.1,23.9,12.3,17.6,8.35,8.37,5.16,2.16,7.57,2.72,13.66,2.57,1.16,4.24,5,1.56,9.42,980,450,990,129.46,165.44,72.47,571,35.4,400,22.5,30.5,0.189,60.7,53.8,0.128,0.011,54.3,7.41,6.49,7.41,,3.8,,0.001,206,40,11422,280,,0.15,11.84,11.84,19,0.77,0.52,94.38,93.80,80.58,389,1.46,1.03
28.01.2020.,18.5,24.5,13.5,19.4,8.4,8.77,0.1,0.21,10.25,8.76,13.67,3.27,2.89,4.24,6.98,5.87,9.43,970,980,990,94.63,111.87,72.42,512,65.2,332,11.3,39.6,0.28,55.4,55.9,0.074,0.01,48,9.6,13.2,2,,1.37,,0.06,210,104,19125,210,,0.10,29.14,29.14,47,0.46,0.63,96.60,87.27,50.48,293,1.05,0.93
30.01.2020.,23.1,25.6,13.2,23.7,8.64,8.28,3.5,0.3,6.25,7.06,9.89,2.16,2.35,3.17,4.09,4.71,6.72,900,900,990,144,127.48,100.1,303,24,135,11.3,28.2,0.22,109,70.2,0.059,0.018,44.7,5.08,5.25,0.615,,2.09,,0.012,90,28,12287,280,,0.08,21.15,21.15,34,0.72,0.67,91.63,92.08,68.89,265,1.14,0.84
31.01.2020.,18.9,26.2,0,19.3,8.5,8.5,5.16,0,7.96,3.78,10.96,2.85,1.57,3.74,5.11,2.21,7.22,950,960,990,119.35,148.15,10.96,337,19.3,461,26.3,12.3,0.312,134,88.4,0.045,0.029,39,3.68,5.82,0.766,,0.898,,0.007,2156,10,11821,280,,0.07,16.83,16.83,27,0.74,4.68,94.30,94.27,99.54,180,1.93,0.88
03.02.2020.,19.8,28.1,17.2,19.4,8.04,8.07,2.8,0.15,9.56,4.29,17.75,3.16,1.63,3.75,6.4,2.66,8,970,650,990,101.46,151.52,84.26,565,31.5,197,28.1,68.9,2.43,149,84.7,0.226,0.02,66.4,19.6,16.3,20.5,,0.53,,0.064,284,6,11678,262,,0.10,13.10,13.10,21,0.75,1.44,85.74,94.42,,338,1.09,0.91
04.02.2020.,20.7,27.9,17.5,21.2,7.85,8.2,3.7,0.21,12.25,8.24,15.32,3.8,2.74,4.65,8.45,5.5,10.67,980,850,990,80,103.16,64.62,660,25.1,642,30.9,1.64,0.756,59.6,76.4,93,0.026,54.6,9.3,17.1,1.16,,1.11,,0.021,1778,82,16884,252,,0.06,23.35,23.35,38,0.52,2.77,95.19,96.20,,225,1.16,0.96
05/02/2020,24,26.1,14.6,25.1,8.09,7.47,7.95,0.3,9.97,4.34,12.83,3.12,1.52,3.85,6.85,2.82,8.98,980,850,990,98.29,195.85,77.16,716,25,490,22.5,35,1.3,49.7,56.1,0.06,0.035,49.1,7.44,15.1,1.25,,3.12,,0.268,1670,10,12093,280,,0.09,17.53,17.53,28,0.73,3.41,95.41,96.51,,315,1.04,0.78
10.02.2020.,23.4,25.2,13.4,24.5,8.51,7.97,5.7,0.27,11.5,6.51,13.77,3.67,2.25,4.31,7.87,4.26,9.46,950,950,990,82.61,145.93,71.9,1154,37.2,423,45,11.7,0.867,69.1,59.4,0.07,0.026,54.6,6.53,12.5,1.58,,1.59,,0.025,952,4,12019,280,,0.14,20.55,20.55,33,0.73,2.25,89.36,96.78,,625,4.09,1.03
11.02.2020.,22.2,23.7,14,23,8.27,8.23,1.95,0.22,9.13,3.55,12.9,3.03,1.42,4.06,6.1,2.13,8.84,980,870,990,107.34,245.07,76.74,1276,34.2,501,36.6,7.65,1.77,35.8,51.1,0.041,0.063,98.6,6.85,28.45,3.64,,0.487,,0.011,2580,38,10785,280,,0.08,15.45,15.45,25,0.82,5.15,92.69,97.32,,254,0.76,0.89
13/02/2020,20.4,24.8,13.3,20.9,8.4,8.25,1.4,0.29,10.56,6.34,12.37,3.44,2.22,3.86,7.12,4.12,8.51,980,940,990,92.8,148.26,80.03,924,35.5,321,40.3,54.9,1.01,67.9,50.2,0.122,0.041,41.7,7.19,16.4,3.22,,2.17,,0.004,1960,14,9631,280,,0.05,21.47,21.47,35,0.91,6.11,87.45,96.16,,238,1.28,0.96
14.02.2020.,21.4,25.2,13.9,21.8,8.4,8.19,1.4,0.24,11.35,6.01,7.13,2.25,2.23,2.63,9.1,3.78,4.5,980,930,990,86.34,154.74,138.85,305,33.9,330,39.6,30.8,0.821,43.8,48.4,0.051,0.038,46.9,7.12,6.41,2.01,,1.9,,0.06,808,90,15459,280,,0.08,38.26,38.26,62,0.57,2.45,88.00,88.89,,283,1.7,0.98
18.02.2020.,20.3,25.9,14.6,20.5,8.41,8.53,2.05,0.22,9.36,6.44,10.35,3.02,3.98,3.94,6.34,2.46,7.01,980,950,990,104.7,147.52,95.65,466,38.6,366,50.6,58.2,2.55,60.4,54.2,0.006,0.068,61,8.82,14.9,0.896,,2.71,,0.029,396,96,8743,280,,0.09,23.99,23.99,39,1.01,1.08,86.17,91.72,,411,1.29,0.89
19.02.2020.,22.1,25.6,14.2,22.2,8.39,8.53,1.85,0.2,10.98,6.88,13.59,3.51,2.28,4.24,7.47,4.6,9.35,990,900,1000,90.16,130.81,73.58,1159,43,394,30.1,16.1,2.27,54.7,50.7,0.094,0.031,79.2,32.4,22.5,0.919,,2.25,,0.056,2592,28,9145,280,,0.05,20.65,20.65,33,0.96,6.58,92.36,96.29,,304,1.27,0.9
20.20.2020.,19.6,25.4,14.5,19.6,7.79,8.11,1.8,0.2,9.07,14.74,10.41,3.02,1.57,3.39,6.05,13.17,7.02,990,940,1000,109.15,63.77,96.06,1139,32.2,513,61.9,40.4,24.7,59.5,46.3,0.172,0.01,66.4,9.55,24.8,3.51,,2.42,,0.045,4296,44,8602,280,,0.05,35.94,35.94,58,1.02,8.37,87.93,97.17,,456,1.3,0.92
21.02.2020.,19.10,25.40,13.5,18.3,8,8.09,1,0.22,6.28,2.45,9.72,2.37,,3.39,3.91,,6.33,980,,990,156.05,,101.85,1096,24.6,609,25.3,72.5,2.07,38.1,14.7,0.242,0.013,74.9,17.3,26.3,3.55,,2,,0.09,5322,76,9005,280,,0.15,14.11,14.11,23,0.98,8.74,95.85,97.76,,282,1.33,0.97
24.02.2020.,19.1,23.2,14.2,20.2,7.82,8.49,1.7,0.03,10.34,,11.89,3.36,,3.78,6.98,,8.11,980,,990,94.78,,83.26,1141,46.4,394,16.9,56.3,1.88,56.6,46.1,0.272,0.033,60.9,10.2,23.2,3.77,,0.987,,0.008,2680,14,9238,280,,0.10,13.67,13.67,22,0.95,6.80,95.71,95.93,,332,1.37,1.02
25.02.2020.,21.9,25.2,13.5,22.8,7.86,8.47,0.4,0.02,10.65,,11.1,3.46,,3.51,7.19,,7.59,990,,990,92.96,,89.19,1207,48.6,710,39.4,46.5,0.57,61.8,52.4,0.132,0.04,60.4,11.5,19.2,4.42,,3.76,,0.033,2932,18,9595,280,,0.15,15.08,15.08,24,0.92,4.13,94.45,95.97,,490,1.32,0.94
26.02.2020.,22.4,25.4,,22.1,8.15,8.38,1.75,,14.44,,12,3.46,,3.75,10.98,,8.25,980,,990,67.87,,82.5,481,35.3,411,56.3,35.8,3.27,49.4,55.3,0.232,0.037,51.4,11,8.72,3.8,,0.486,,0.016,444,32,12835,280,,0.16,18.91,18.91,31,0.69,1.08,86.30,92.66,,603,2.15,0.68
27.02.2020.,21.3,25.6,14.8,21.6,8.5,7.86,2,0.02,10.3,,11.48,3.21,,3.59,7.09,,7.89,980,,990,95.15,,86.24,386,44.1,452,61,46.8,1.34,41.9,44,0.187,0.06,79.5,8.59,21.1,5.09,,0.029,,0.131,920,30,11142,280,,0.17,14.10,14.10,23,0.79,2.04,86.50,88.58,,468,2.84,0.91
28.02.2020.,19.7,25.8,14.2,20.5,8.19,8.32,0.45,0.02,10.99,,13.96,3.66,,4.5,7.33,,9.46,980,,990,89.17,,70092,806,43.7,389,50.6,20.6,0.851,68.6,50,0.433,0.029,66.4,11.6,17.2,5.85,,0.089,,0.04,238,22,10213,280,,0.15,12.37,12.37,20,0.86,0.61,86.99,94.58,,479,1.77,1.01
02.03.2020.,19.3,24.8,15.1,19.3,8.05,8.39,1.75,0.02,6.98,,11.09,2.22,,3.42,4.75,,7.67,970,,990,138.97,,89.27,54.3,43.1,434,67.5,77.9,1.3,39.8,14.1,0.414,0.069,100,11.6,5.9,4.52,,0.075,,0.043,452,52,10907,280,,0.25,9.89,9.89,16,0.81,1.04,84.45,20.63,88.50,484,2.05,0.95
09.03.2020.,23.6,25.4,14.2,24.3,8.87,8.38,1.75,0.02,9.57,,10.02,2.95,,3,6.62,,7.02,980,,990,102.4,,98.8,1218,42.8,558,36.6,76.5,1.49,75.5,47.5,0.098,0.008,126,10.3,18.4,4.65,,1.68,,0.008,562,6,9898,280,,0.16,15.01,15.01,24,0.89,1.01,93.44,96.49,98.93,462,1.46,0.9
10.03.2020.,20.2,25.4,14.7,20.4,8.47,8.53,1.65,0.02,10.76,,12.06,2.3,,3.63,8.46,,8.43,980,,990,91.08,,82.09,1125,55.2,344,53.5,68.3,5.04,70.1,47.2,0.275,0.025,5.15,3.06,17.7,1.92,,0.761,,0.063,1232,8,10574,280,,0.09,14.02,14.02,23,0.83,3.58,84.45,95.09,99.35,327,1.77,0.97
11.03.2020.,21.4,26.3,15.3,19.4,8.12,8.11,2.4,0.02,7.96,,11.23,,,,,,,980,,990,123.12,,88.16,1133,53.7,355,39.4,51.1,4.76,68.6,67.4,0.213,0.047,63.7,12.5,16.6,2.37,,0.52,,0.037,846,16,9445,280,,#DIV/0!,11.14,11.14,18,0.93,2.38,88.90,95.26,98.11,400,1.66,0.99
12.03.2020.,22.1,27.2,16.2,21.9,8.22,8.04,1.85,0.02,2.97,,9.42,,,,,,,980,,980,104.03,,33,334,55,,,57.2,2.88,42.4,19.1,0.096,0.003,72.6,13.5,11.9,2.48,,1.59,,0.035,362,34,10750,280,,#DIV/0!,4.95,4.95,8,0.82,,,83.53,90.61,,1.9,0.94
13.03.2020.,23.5,27.8,16.8,24.3,8.59,8.38,1.75,0.02,,,,,,,,,,990,,990,,,,494,59,358,68,37.1,2.88,76.9,77.6,0.231,0.058,84.1,18.5,14.5,2.49,,0.156,,0.031,,,10671,280,,#DIV/0!,,,,0.82,0.00,81.01,88.06,,475,,
04.05.2020.,,26.5,17,,,,2.3,0.1,11.09,4.43,11.81,3,1.47,3.33,8.09,2.96,8.48,990,640,990,89.27,144.47,83.83,1149,41.6,394,33.5,101,3.23,50.8,37.4,0.316,0.01,146,20.8,4.27,34.7,,0.383,,0.042,1682,2,8361,281,,0.10,20.58,20.58,33,1.05,4.27,91.50,96.38,99.88,569,1.43,0.89
05.05.2020.,23.6,26.9,17.3,23.7,8.26,8.3,2.25,0.08,10.63,5.11,12.68,2.99,1.69,3.42,7.64,3.42,9.26,990,800,990,93.13,156.56,78.07,1210,57.2,612,38,77.1,1.2,46,35.4,0.218,0.008,184,8.74,26.2,4.16,,0.402,,0.027,1394,42,10206,280,,0.06,19.51,19.51,32,0.86,2.28,93.79,95.27,96.99,265,2.82,0.91
06.05.2020.,21.1,26.3,17.5,21.2,7.32,8.13,0.7,0.08,,,,,,,,,,960,700,980,,,,1402,63.4,800,45,48.3,5.23,48.7,34.2,0.197,0.013,119,10.4,31.3,3.18,,0.307,,0.035,2862,40,8973,280,,,,,0,0.98,3.58,94.38,95.48,98.60,417,1.18,0.93
07.05.2020.,21,25.2,17.3,20.8,7.59,7.93,3,0.12,10.38,6.17,12.44,3,1.97,3.44,7.38,4.2,9,980,700,990,94.41,113.45,79.58,1005,48.6,,40,38.5,0.065,84.1,36,0.226,0.016,106,7.9,22,3.6,,0.265,,0.031,1742,12,9646,279,,0.00,20.98,20.98,34,0.91,,,95.16,99.31,,3.08,0.9
08.05.2020.,21.9,25.7,17.5,20.5,7.89,7.97,1.95,0.07,10.44,5.19,12,3.17,1.81,3.59,7.27,3.38,8.41,980,800,990,93.87,15.59,82.5,1157,46.2,502,23,44.8,2.78,74.5,63.3,0.234,0.008,133,10.1,24.2,3.1,,0.266,,0.048,1322,20,8303,281,,0.08,20.40,20.40,33,1.06,2.63,95.42,96.01,98.49,439,1.25,0.94
11.05.2020.,22.8,29.3,19,22.4,8.14,7.84,2.15,0.07,12.18,7.81,13.31,3.43,2.45,3.69,8.75,5.36,9.62,950,900,990,80,115.24,74.38,387,49.2,589,34.5,52.9,0.725,130,90.9,0.189,0.013,94.9,7.15,13.1,4.44,,0.427,,0.119,420,8,9264,279,,0.09,23.69,23.69,38,0.95,0.71,94.14,87.29,98.10,603,1.99,0.99
12.05.2020.,20.1,28.5,17.2,21.3,7.8,8.25,1.9,0.09,13.11,7.83,13.77,3.73,2.4,3.84,9.38,5.43,9.93,980,250,990,74.75,31.93,71.89,1300,44.4,794,50.6,69.4,3.28,105,98.3,0.188,0.01,141,7.68,25.6,3.84,,0.686,,0.038,1966,16,10515,281,,0.10,23.81,23.81,39,0.84,2.48,93.63,96.58,99.19,614,1.73,0.93
13.05.2020.,20.1,27.3,17.8,20.3,8.26,8.02,2.1,0.2,11.84,4.02,14.29,3.28,1.44,3.99,8.56,2.58,10.3,990,550,990,83.61,136.82,69.28,743,34.6,526,19.7,68.2,0.859,93.4,85.1,0.267,0.012,122,7.25,18,4.09,,0.669,,0.119,242,54,10740,280,,0.08,17.44,17.44,28,0.82,0.46,96.25,95.34,77.69,383,1.12,0.94
14.05.2020.,21.8,28.3,19.5,22.2,7.7,8.24,1.3,0.05,10.64,3.51,13.25,3.07,1.31,3.72,7.57,2.2,9.53,980,470,990,92.1,133.9,74.72,1208,65.4,117,33,51,2.28,55.5,76.1,0.328,0.011,115,9.98,24.3,3,,0.581,,0.082,1928,28,11034,280,,0.00,16.78,16.78,27,0.80,16.48,71.79,94.59,98.55,,1.67,0.94
15.05.2020.,21.4,28.5,19.4,21.5,8.22,8.07,0.55,0.06,10.61,4.38,13.01,3.18,1.51,3.9,7.43,2.87,9.11,990,600,1000,93.31,136.99,76.86,399,61.7,511,42,54.4,2.09,45.2,54.2,0.21,0.002,103,8.87,16.4,3.81,,0.275,,0.077,390,32,9641,279,,0.09,18.17,18.17,29,0.91,0.76,91.78,84.54,91.79,411,1.41,0.9
18.05.2020.,22,29.1,19.5,21.8,7.6,8.1,0.35,0.08,11.04,4.88,13.29,3.03,1.48,3.51,8.01,3.4,9.78,980,440,990,88.77,90.16,74.49,1171,86.9,800,87.2,39.5,13.5,48.2,35.9,0.302,0.037,104,26.8,21.6,5.88,,0.501,,0.021,1964,24,8622,280,,0.07,18.82,18.82,31,1.02,2.46,89.10,92.58,98.78,434,0.73,0.97
19.05.2020.,22.2,28.9,19.9,22.4,8.14,8.08,2.25,0.09,10.61,8.24,12.52,2.88,2.25,3.31,7.73,5.99,9.21,950,900,980,89.54,109.22,78.27,503,55.2,576.1,28.1,89.1,0.4,59.9,39.6,0.173,0.096,158,8.32,26.8,3.11,,0.68,,0.016,200,12,11304,279,,0.09,23.74,23.74,38,0.78,0.35,95.12,89.03,94.00,456,1.99,0.94
20.05.2020.,21.7,28.9,19.6,21.8,7.27,8.1,2.16,0.05,9,7.86,13.1,2.58,2.47,3.49,6.42,5.39,9.61,900,950,990,105.55,120.87,75.57,1623,54.2,525,39.4,46.4,2.62,37.1,39.1,0.26,0.011,118,6.8,25.5,1.91,,0.69,,0.179,3450,38,9325,281,,0.08,20.15,20.15,33,0.94,6.57,92.50,96.66,98.90,462,0.87,0.9
21.05.2020.,21.8,28.2,18.3,21.3,8.41,8.43,1.75,0.7,9.45,8.67,11.55,2.68,2.52,3.17,6.77,6.15,8.38,900,930,980,95.24,107.27,84.85,339,39.7,568,30.9,65.4,1.12,53.3,31,0.254,0.002,118,7.46,19.6,2.62,,0.813,,0.033,74,4,8913,280,,0.05,24.65,24.65,40,0.99,0.13,94.56,88.29,94.59,315,1.15,0.79
22.05.2020.,19.1,27.3,17.9,19,8.16,7.95,0.25,0.74,9.3,8.52,11.69,2.74,2.54,3.21,6.56,5.98,8.48,960,960,990,103.22,112.68,84.69,1128,72.9,446,29,55.2,0.922,50.6,31.8,0.4,0.012,128,8.29,15.4,2.77,,1.34,,0.164,704,20,7378,280,,0.08,23.95,23.95,39,1.19,1.58,93.50,93.54,97.16,592,1.43,0.9
25.05.2020.,20.8,28,18,20.2,7.66,8.03,2.25,1.07,9.52,8.32,12.12,2.76,2.48,3.38,6.76,5.84,8.74,970,950,990,101.89,114.18,81.68,1189,45.5,563,16.9,69.1,0.571,56.5,41.8,0.245,0.008,139,6.3,24.1,1.9,,0.892,,0.097,1854,12,8753,280,,0.10,23.13,23.13,37,1.01,3.29,97.00,96.17,99.35,603,1.84,0.93
26.05.2020.,21.5,27.5,18.1,21.6,7.48,8.06,1.85,0.9,12.16,11.63,13.18,3.31,3.16,3.55,8.85,8.47,9.63,950,950,990,78.12,81.68,75.11,1231,45,840,22.5,51.3,1.06,57.7,46.7,0.225,0.009,125,10.5,19.8,1.92,,0.111,,0.186,4426,16,8439,280,,0.09,28.36,28.36,46,1.04,5.27,97.32,96.34,99.64,850,3.28,0.92
27.05.2020.,22.6,28.2,18,22.8,8.41,8.79,1.8,0.42,9.83,9.31,11.94,2.87,2.69,3.31,6.96,6.62,8.63,950,950,990,96.64,102.04,82.91,517,45.2,180,25.3,63.1,0.559,55.6,41.7,0.252,0.005,66.6,5.64,14.9,1.42,,0.163,,0.096,94,26,9178,280,,0.06,25.19,25.19,41,0.96,0.52,85.94,91.26,72.34,366,1.27,0.92
28.05.2020.,19.9,28.4,18.2,19.8,7.83,8,2.4,0.68,10.11,8.54,12.41,2.9,2.53,3.45,7.21,6.01,8.96,950,950,990,93.97,111.24,79.77,1222,53.6,660,30,46.5,1.63,58.6,43.1,0.26,0.012,77.2,8.53,20.3,1.66,,0.383,,0.214,1722,2,7944,280,,0.00,23.62,23.62,38,1.11,2.61,95.45,95.61,99.88,,1.32,0.93
29.05.2020.,22.2,28.7,18.6,22.2,7.81,8.16,1.85,0.2,9.4,8.06,11,2.92,2.6,3.3,6.48,5.46,7.7,950,950,980,101.06,117.87,89.09,1883,55.7,295.8,2.8,29.2,0.477,61.6,23.4,0.538,0.022,125,6.01,39.9,1.99,,0.194,,0.093,3100,34,11545,280,,0.10,24.94,24.94,40,0.76,10.48,99.05,97.04,98.90,439,2.74,0.92
01.06.2020.,19.9,28.2,18,20.4,8.15,7.87,2.65,0.38,9.78,8.59,12.07,2.81,2.53,3.36,6.97,6.06,8.71,980,980,990,100.2,114.09,82.02,773,44.6,507,22.5,43.9,1.16,57.8,38.4,0.244,0.012,67.8,9.22,18,3.35,,0.521,,0.098,410,44,7991,280,,0.09,23.92,23.92,39,1.10,0.81,95.56,94.23,89.27,670,2.5,0.86
02.06.2020.,21.5,28.3,18.3,22.2,7.63,8.14,2.6,0.4,9.27,8.14,12.11,2.68,2.43,3.34,6.59,5.71,8.77,950,950,980,102.48,116.71,80.92,2333,43.4,1000,33.8,74.9,0.657,54.5,43.7,0.311,0.007,92.8,6.06,34.8,3.32,,0.006,,0.016,2636,14,8819,280,,0.12,22.59,22.59,37,1.00,2.64,96.62,98.14,99.47,732,3.56,0.9
03.06.2020.,22.6,28.7,18.7,21.8,8.21,7.99,1.25,0.16,9.86,9.08,12.7,2.85,2.67,3.55,7.01,6.41,9.15,950,980,990,96.35,107.93,77.95,623,108,411,30.9,24.1,2.08,44.2,40.6,0.143,0.014,54.3,11,7.62,3.07,,0.404,,0.11,346,6,15105,280,,0.12,23.44,23.44,38,0.58,0.84,92.48,82.66,98.27,462,1.3,0.92
04.06.2020.,21.1,28.2,18.4,20.4,8.26,8.01,2,1.15,12.69,11.69,13.19,3.29,3.14,3.46,9.4,8.55,9.73,950,900,990,74.86,76.99,75.06,335,33.7,214,0,48.4,0.28,42.2,34.8,0.201,0.003,57.3,4,11.9,1.8,,0.029,,0.156,138,18,10870,280,,0.03,29.05,29.05,47,0.81,0.64,100.00,89.94,86.96,208,1.1,0.7
05.06.2020.,23.1,28.9,19.7,23.1,7.4,7.96,1.35,0.07,9.4,7.72,11.35,2.75,2.38,3.3,6.65,5.34,8.05,980,970,990,104.26,125.65,87.22,1130,41.3,536,3,43.2,0.904,56.9,34,0.873,0.009,78.9,10.5,24.2,1.38,,0.715,,0.07,1456,10,11642,280,,0.12,23.70,23.70,38,0.76,2.72,99.44,96.35,99.31,528,2.26,0.74
08.06.2020.,24.4,29.7,21.3,24.8,7.54,8.2,2.35,0.06,10.02,9.24,12.37,2.83,2.64,3.36,7.19,6.6,9.01,950,950,980,94.81,102.81,79.22,1444,47.7,620,28.1,2.25,1.34,51.7,36.2,0.456,0.018,70.7,8.62,23.6,2.74,,0.044,,0.114,566,20,9416,280,,0.12,24.47,24.47,40,0.93,0.91,95.47,96.70,96.47,783,2.68,0.83
09.06.2020.,23.2,30.4,21.2,23.3,7.64,8.11,0.65,0.04,10.9,9.19,12.56,3.06,2.69,3.48,7.84,6.5,9.08,960,950,990,88.07,103.37,78.82,1192,56.8,1000,53.5,42.8,6.82,51.1,30,0.342,0.003,49.37,3.01,26.2,6.29,,0.676,,0.005,1596,16,20391,210,,0.18,33.51,33.51,54,0.43,1.60,94.65,95.23,99.00,563,2.21,0.91
10.06.2020.,22.9,29,20.8,22.7,8.13,8.27,0.55,0.1,9.44,7.91,13.25,2.53,2.16,3.42,6.91,5.75,9.83,950,930,980,100.64,117.57,73.96,615,34.2,383,22.5,49.3,1.92,55.1,29.1,0.239,0.008,55.8,6.07,16.9,2.65,,0.25,,0.189,60,20,10383,280,,0.10,20.58,20.58,33,0.85,0.16,94.13,94.44,66.67,513,2,0.67
11.06.2020.,22.8,29.4,20.9,23.3,8.15,8.11,1.6,0.9,9.9,8.69,12.43,2.7,2.45,3.32,7.2,6.24,9.11,960,950,990,96.97,109.32,79.65,597,55.4,460,33.8,38.5,2.57,46.9,31.2,0.222,0.007,51.9,14.7,9.68,2.89,,0.45,,0,198,2,9312,280,,0.08,23.50,23.50,38,0.95,0.43,92.65,90.72,98.99,513,1.34,0.77
12.06.2020.,22.9,20.3,,22.8,8.3,8.17,1.75,,9.51,8.34,12.06,2.94,2.66,3.61,6.57,5.68,8.45,940,950,990,98.84,113.91,82.09,772,67.1,416,30,71.1,1.49,46.2,41.3,0.246,0,48.6,36.9,20.8,2.58,,0.355,,0.004,150,34,8939,280,,0.09,23.26,23.26,38,0.98,0.36,92.79,91.31,77.33,528,1.24,0.87
15.06.2020.,24.6,29.1,21.6,23.7,8.36,8.04,0.3,0.06,10.91,8.92,13.3,3.16,2.62,3.62,7.75,6.3,9.68,960,950,990,87.99,106.5,74.44,679,60.6,518,61.9,51.1,8.09,51.3,0.034,0.35,0.034,74.4,16.4,13.8,6.42,,0.638,,0,314,12,11201,280,,0.11,23.43,23.43,38,0.79,0.61,88.05,91.08,96.18,580,1.19,0.79
16.06.2020.,22.5,29.7,21.4,23.6,7.51,8.08,2.25,0.14,10.2,8.72,13.65,2.89,2.55,3.71,7.31,6.17,9.94,950,950,990,93.14,108.94,75.53,1168,61.1,1000,8.4,28.9,4.67,41.2,36.1,0.242,0.024,81.3,12,19.5,2.38,,0.544,,0,1788,22,10509,280,,0.08,21.78,21.78,35,0.84,1.79,99.16,94.77,98.77,468,1.08,0.88
17.06.2020.,23.3,29.9,21.3,22.6,8.21,8.07,1.7,0.1,10.42,9.18,13.19,2.3,2.65,3.63,8.12,6.53,9.56,960,960,990,92.13,104.57,75.06,1002,94.4,569,39.4,59,2.98,49.1,36.6,0.33,0.02,88.6,8.78,16.5,2.7,,2.33,,0.109,540,40,12044,280,,0.09,23.35,23.35,38,0.73,0.95,93.08,90.58,92.59,501,1.36,0.84
18.06.2020.,23.9,28.9,21.5,24.2,8.08,8.27,0.25,0.1,10.39,9.02,13.39,2.9,2.58,3.59,7.49,6.44,9.8,960,950,980,92.4,105.32,73.19,922,77.1,631,50.6,38.7,1.05,39.3,32.3,0.195,0.018,47.1,8.69,18.6,3.35,,0.196,,0.168,124,20,11983,280,,0.05,22.78,22.78,37,0.73,0.20,91.98,91.64,83.87,237,1.08,0.84
19.06.2020.,23.8,29.3,21.4,23.3,8.35,8.04,0.6,0.07,10.83,10.82,12.61,3.1,3.1,3.53,7.73,7.72,9.08,960,950,990,88.64,87.8,78.51,939,45.9,583,26,44.8,1.46,60.5,32.8,0.473,0.01,88.7,8.35,13.8,3.41,,0.724,,0,1102,10,8521,280,,0.06,26.98,26.98,44,1.03,1.89,95.54,95.11,99.09,485,1.38,0.78
22.06.2020.,20.8,29.6,20.8,22.3,8.21,8.17,1.55,0.07,11,9.65,14.44,3.02,2.71,3.86,7.98,6.94,10.58,950,950,990,86.36,98.45,68.56,566,88.5,259,33.8,34.4,0.148,49.6,42.6,0.281,0.039,50.4,10.3,11.5,4.57,,0.482,,0.089,190,10,9717,280,,0.08,22.47,22.47,36,0.91,0.73,86.95,84.36,94.74,530,2.74,0.94
23.06.2020.,23.4,29.9,20.9,23,7.49,8.05,2,0.13,10.85,10.71,14.15,3.13,3.09,3.9,7.72,7.62,10.25,960,960,990,88.48,89.64,69.96,1196,109,1000,19.7,48,2.55,57.9,35.5,0.258,0.01,68.7,9.05,24.6,4.03,,1.18,,0.046,2504,30,8504,280,,0.13,23.94,23.94,39,1.03,2.50,98.03,90.89,98.80,1000,2.76,0.84
24.06.2020.,21.7,29.7,20.3,21.6,8.35,8.09,1.1,0.1,10.88,9.64,13.39,3.23,2.89,3.79,7.65,6.75,9.6,950,950,980,87.32,98.55,73.19,397,36.8,377,36.6,44,2.17,52,33.3,0.336,0.008,45.1,6.37,10.9,4.73,,0.828,,0.11,126,16,8328,283,,0.05,23.83,23.83,39,1.06,0.33,90.29,90.73,87.30,411,1.52,0.92
25.06.2020.,23.5,29.9,20.7,23.1,8.3,8.06,1.95,0.09,10.87,9.83,13.31,3.23,3,3.8,7.64,6.83,9.51,970,970,990,89.24,98.68,74.38,866,88.9,558,50.6,52.1,3.74,63.7,41.4,0.364,0.016,73.7,10.5,19.3,4.72,,1.94,,0.002,264,58,9540,280,,0.15,24.44,24.44,40,0.92,0.47,90.93,89.73,78.03,1000,2.34,0.98
26.06.2020.,23.8,30.3,21.7,23.2,8.14,8.28,0.35,0.09,9.92,8.92,13.57,3.19,2.89,3.98,6.73,6.03,9.59,990,990,1000,99.8,110.99,73.69,643,62.7,463,45,12.4,2.8,55,44.7,0.353,0.017,64.3,10.6,23.1,3.1,,0.853,,0,230,22,9285,280,,0.07,21.82,21.82,35,0.95,0.50,90.28,90.25,90.43,414,1.35,0.95
29.06.2020.,25.7,31.6,23.7,25.3,6.83,7.79,0.4,0.07,11.53,10.05,14.66,3.46,3.05,4.13,8.07,7,10.53,960,960,990,83.26,95.52,67.53,1080,58.1,1000,67.5,29.1,5.58,73.8,41.3,0.561,0.027,61.4,11,24,4.02,,1.29,,0,640,80,11186,280,,0.17,23.13,23.13,37,0.79,0.64,93.25,94.62,87.50,1000,4.22,0.99
30.06.2020.,24.1,31.3,22.5,24.1,7.48,8.09,0.2,0.06,11.9,10.29,14.36,3.41,3.03,3.99,8.49,7.26,10.37,960,950,990,80.67,92.32,68.94,1167,88.9,693,87.2,31.5,14.4,54.4,44.7,0.285,0.062,54.3,21.6,29.1,9.32,,0.957,,0,546,76,9340,280,,0.07,24.28,24.28,39,0.94,0.79,87.42,92.38,86.08,541,2.64,1.01
01.07.2020.,26.4,30.6,22.2,25.9,7.95,8.01,0.28,0.08,13.09,11.69,14.58,3.7,3.39,4.06,9.39,8.3,10.52,960,960,990,73.34,82.12,67.9,1479,61.8,727,115,97.9,8.45,50.5,46.6,0.29,0.04,146,20.8,14,5.87,,0.445,,0,4308,28,10636,280,,0.11,26.71,26.71,43,0.83,5.93,84.18,95.82,99.35,800,2.17,0.93
02.07.2020.,26.3,31.1,23.3,26.4,8.77,8.44,0.65,0.1,13.81,11.38,15.52,3.88,3.3,4.34,9.93,8.08,11.18,950,950,990,68.79,83.48,63.79,478,48.7,366,56.3,29.1,1.53,54.3,40.1,0.255,0.023,39.5,9.28,12.1,3.17,,0.12,,0.002,430,62,11716,280,,0.07,25.51,25.51,41,0.75,1.17,84.62,89.81,85.58,507,2.99,0.9
03.07.2020.,25.6,31.9,23.8,25.4,7.89,7.75,0.2,0.08,10.18,8.66,13.44,3.28,2.84,4.1,6.9,5.82,9.34,970,960,990,95.28,110.85,73.66,705,135,488,32.5,30.1,2.78,47.7,40.7,0.347,0.017,66.6,7.66,13.5,3.8,,1.62,,0,282,4,11868,280,,0.05,22.03,22.03,36,0.74,0.58,93.34,80.85,98.58,249,1.13,0.91
06.07.2020.,25.9,32.3,23.1,25.2,8.15,8.08,0.2,0.04,11.25,9.7,14.28,3.32,2.96,4.09,7.93,6.74,10.19,990,990,1000,88,102.06,70.03,922,76.5,501,81.6,37.2,8.54,54.8,37.1,0.421,0.036,30.3,23.6,14.7,6.8,,0.136,,0,318,10,10498,280,,0.09,23.05,23.05,37,0.84,0.63,83.71,91.70,96.86,575,1.84,0.9
07.07.2020.,22.8,31.4,22.2,23.4,8.05,8.08,0.35,0.08,11.82,11.19,14.65,3.42,3.25,4.12,8.4,7.94,10.53,960,960,990,81.22,85.79,67.58,763,75.1,648,67.45,44.2,9.54,55.5,37.8,0.307,0.026,66.9,20.4,13.5,66,,0.939,,0.009,602,124,9412,280,,0.10,24.68,24.68,40,0.93,0.93,89.59,90.16,79.40,755,2.03,0.95
08.07.2020.,23.3,30.5,20.7,23.2,8.21,8.54,1.65,0.18,11.54,10.21,14.22,3.34,3.04,4.02,8.2,7.7,10.2,950,950,990,82.32,93.05,69.62,1237,146,625,56.3,25.5,1.9,50.5,45.7,0.251,0.017,68.5,10.7,23.8,4.51,,,,,980,10,9655,280,,0.09,24.04,24.04,39,0.91,1.57,90.99,88.20,98.98,637,3.7,0.96
09.07.2020.,24.4,30.4,20.9,24.2,7.97,8.1,1.25,0.14,11.57,10.85,15.05,3.21,3.07,4.12,8.36,7.78,10.93,980,980,990,84.7,90.32,65.78,868,64.1,530,47.8,32.4,2.32,56.2,37.8,0.285,0.014,54,11.4,12.2,3.69,,0.298,,0,390,2,8530,280,,0.06,23.41,23.41,38,1.03,0.74,90.98,92.62,99.49,490,1.62,0.97
13.07.2020.,23.3,31.2,21.1,23.1,7.61,8.19,0.8,0.11,11.71,10.76,14.54,3.44,3.21,4.16,8.27,7.55,10.38,960,970,990,81.98,90.15,68.09,1213,78.2,653,56.3,41.6,4.95,53.1,35,0.347,0.012,40.8,11.3,23.2,5.22,,0.218,,0,2036,10,8483,280,,0.07,24.28,24.28,39,1.04,3.12,91.38,93.55,99.51,592,2.04,0.91
14.07.2020.,22.9,30.1,20.4,22.7,8.19,8.4,0.4,0.12,12.84,11.61,15.14,3.73,3.45,4.32,9.11,8.16,10.82,950,960,990,73.99,82.69,65.39,1161,52.2,439,30.9,45.9,2.69,52.7,39,0.303,0.019,51.6,6.98,15,4.87,,0.148,,0.003,544,22,11091,280,,0.06,25.38,25.38,41,0.79,1.24,92.96,95.50,95.96,394,2.21,0.93
15.07.2020.,22.7,30.8,20.4,22,7.73,8.35,1.9,0.1,9.73,10.58,14.51,3.17,3.18,4.13,3.17,3.18,4.13,980,980,1000,100.72,92.63,68.92,1209,48.7,355,16.9,39.9,2.04,63.7,38,0.465,0.025,50.2,5.79,26.5,3.38,,0.018,,0.019,2342,18,4842,280,,0.10,22.00,22.00,36,1.82,6.60,95.24,95.97,99.23,580,3.12,0.95
16.07.2020.,24.4,30.5,30.6,24.1,7.81,8.24,0.25,0.3,11.66,10.26,14.63,3.48,3.12,4.22,3.48,3.12,4.22,990,990,1000,84.91,96.49,68.35,,,,,,,,,,,,,,,,,,,,,9044,280,,0.00,23.54,23.54,38,0.97,,,,,,4.12,
17.07.2020.,22.5,30.4,29.9,22.8,8.14,8.32,0.35,0.37,9.22,8.4,13.67,2.95,2.74,4.22,6.27,5.66,9.45,980,990,990,106.29,117.86,72.42,85.2,76.8,439,61.9,56.8,5.04,47.1,39.9,0.255,0.023,67.3,11.5,18,4.66,,0.122,,0.047,1450,44,13580,280,,0.14,20.25,20.25,33,0.65,3.30,85.90,9.86,96.97,530,2.83,0.94
20.07.2020.,22.2,28.8,20.8,21.7,7.74,8.08,2.05,0.2,11.34,9.54,13.31,3.37,2.93,3.89,7.97,6.61,9.42,960,980,990,84.66,102.72,74.58,1222,31.8,766,14.1,75.1,0.798,51,36.5,0.257,0.024,88.6,6.86,29.8,1.27,,0.464,,0.094,3476,4,7591,280,,0.04,24.65,24.65,40,1.16,4.54,98.16,97.40,99.88,355,1.33,0.67
21.07.2020.,23.8,30.9,21.7,23.7,7.97,8.43,1.15,0.16,11.12,9.74,13.04,3.41,3.06,3.93,7.71,6.68,9.11,990,980,1000,89.03,100.62,76.69,953,42,524,36.6,47,1.17,45.3,36.1,0.207,0.019,59.8,7.89,19.5,1.67,,0.168,,0.025,1302,20,8361,280,,0.04,25.14,25.14,41,1.05,2.48,93.02,95.59,98.46,321,1.26,0.74
22.07.2020.,25.8,31.1,22.5,25.1,7.57,8.23,3.1,0.2,10.59,9.89,13.39,3.31,3.17,4.07,7.28,6.72,9.32,980,980,990,92.54,99.09,73.93,1218,57.6,732,36.6,39.7,2.1,47.2,45,0.219,0.003,65.6,8.6,23.2,1.37,,1.12,,0.072,2136,4,8554,280,,0.09,24.03,24.03,39,1.03,2.92,95.00,95.27,99.81,631,1.71,0.81
23.07.2020.,24.2,31.7,22.8,24.3,8.06,8.14,1.4,0.1,12.02,10.58,14.32,3.55,3.2,4.18,8.47,7.38,10.14,950,960,990,79.03,90.74,69.13,1111,35.5,417,30.9,52.6,0.936,60.2,45.3,0.456,0.002,65.6,5.4,23.5,1.93,,0.081,,0.044,814,2,9167,280,,0.07,24.80,24.80,40,0.96,1.95,92.59,96.80,99.75,496,2.43,1.02
24.07.2020.,24.9,31.4,22.6,24.8,7.54,8.22,1.8,0.2,11.07,9.25,13.12,3.72,3.19,4.33,7.35,6.06,8.79,960,970,990,86.72,104.86,75.46,1184,65.1,814,5,51.6,2.19,57.4,43.2,0.314,0.007,69.3,7.34,28.4,1.95,,0.581,,0.093,1732,48,8044,280,,0.03,24.34,24.34,39,1.09,2.13,99.39,94.50,97.23,184,1.22,0.9
27.07.2020.,24.2,31.5,22.8,23.9,7.85,8.28,0.65,0.15,10.67,9.86,13.93,3.42,3.19,4.28,7.25,6.67,9.65,970,980,990,90.91,99.39,71.07,903,108,614,47.8,49.9,2.45,57.9,40.6,0.309,0.004,60.6,7.08,22.7,3.9,,0.212,,0.03,1962,30,8551,280,,0.07,23.16,23.16,38,1.03,3.20,92.21,88.04,98.47,468,1.59,0.85
28.07.2020.,25.2,31.3,22.7,24.9,7.58,8.2,0.6,0.1,11.49,10.29,14.02,3.56,3.18,4.19,7.93,7.11,9.83,960,980,990,83.55,95.24,70.61,1159,39.1,1000,36.6,41.8,3.6,53.9,47.1,0.373,0.008,71.2,11.3,29.3,4.62,,2.1,,0.06,1438,20,9237,280,,0.08,24.41,24.41,40,0.95,1.44,96.34,96.63,98.61,575,1.63,0.87
29.07.2020.,,31.5,23,26.9,7.67,8.26,0.25,0.11,14.19,12.26,15.26,4.38,,4.57,9.81,,10.69,950,930,970,66.95,75.86,63.56,822,42.6,,,49.8,3.69,37.5,41.8,0.204,0.028,55.1,9.05,23.4,6.35,,0.038,,0.07,624,18,7727,280,,0.00,27.24,27.24,44,1.14,,,94.82,97.12,,2.29,0.89
30.07.2020.,26.2,32.4,23.6,26.2,7.48,8.23,0.35,0,12.63,10.1,14.39,3.85,3.12,4.32,8.78,6.98,10.07,970,960,990,76.8,95.05,68.8,1232,39.8,,,36.2,2.92,48.4,41.4,0.297,0.006,57,10.1,26.3,3.89,,1.61,,0.051,2496,18,9209,280,,0.00,24.82,24.82,40,0.96,,,96.77,99.28,,1.52,0.92
31.07.2020.,26.7,32.5,24.1,26.8,7.75,8.68,0.25,0.1,,,,,,,,,,990,990,1000,,,,1392,68.8,,,56.8,0.719,40.9,43.8,0.213,0.006,46.6,12.3,25.5,7.18,,0.153,,0.063,,,,,,,,,,,,,95.06,,,,